<?xml version="1.0"?>
<testResults>
  <FitNesseVersion>v20121220</FitNesseVersion>
  <rootPath>SmellWumpus</rootPath>
    <result>
    <counts>
      <right>4</right>
      <wrong>4</wrong>
      <ignores>0</ignores>
      <exceptions>0</exceptions>
    </counts>
    <runTimeInMillis>221</runTimeInMillis>
    <content><![CDATA[<div class="collapsible closed"><ul><li><a href='#' class='expandall'>Expand All</a></li><li><a href='#' class='collapseall'>Collapse All</a></li></ul>
	<p class="title">Precompiled Libraries</p>
	<div><br/></div>
</div>
<br/><div class="collapsible closed"><ul><li><a href='#' class='expandall'>Expand All</a></li><li><a href='#' class='collapseall'>Collapse All</a></li></ul>
	<p class="title">Included page: <a href="HuntTheWumpus.SetUp">.HuntTheWumpus.SetUp</a> <a href="HuntTheWumpus.SetUp?edit&amp;redirectToReferer=true&amp;redirectAction=" class="edit">(edit)</a></p>
	<div><table _TABLENUMBER=7427956942412366275>
	<tr>
		<td>Import</td>
	</tr>
	<tr>
		<td>HuntTheWumpusDotNet.fixtures</td>
	</tr>
</table>
<br/><table _TABLENUMBER=5582877249289753202>
	<tr>
		<td>script</td>
		<td><span class="pass">HuntTheWumpusDotNet.fixtures.GameDriver</span></td>
	</tr>
</table>
</div>
</div>
<br/>If the wumpus is in any adjacent cavern, you should be able to smell it.<br/><br/>To do this we'll freeze the wumpus so that it doesn't move around.  Then we'll place the player near the Wumpus and see if the "Smell" message is emitted.<br/><br/><span class="meta">variable defined: OBJECT=wumpus</span>
<br/><span class="meta">variable defined: MESSAGE=You smell the Wumpus.</span>
<br/><br/><div class="collapsible"><ul><li><a href='#' class='expandall'>Expand All</a></li><li><a href='#' class='collapseall'>Collapse All</a></li></ul>
	<p class="title">Included page: <a href="HuntTheWumpus.AllRequirements.IterationOne.CrossMap">CrossMap</a> <a href="HuntTheWumpus.AllRequirements.IterationOne.CrossMap?edit&amp;redirectToReferer=true&amp;redirectAction=" class="edit">(edit)</a></p>
	<div>Create a convenient map that looks like this:<br/><pre>
         [6]
         [7]
   [1][2][3][4][5]
         [8]
         [9]
</pre>
<br/><br/><table _TABLENUMBER=9139889480059489959>
	<tr>
		<td colspan="3"><span class="pass">Make map</span></td>
	</tr>
	<tr>
		<td>start</td>
		<td>end</td>
		<td>direction</td>
	</tr>
	<tr>
		<td>1</td>
		<td>2</td>
		<td>E</td>
	</tr>
	<tr>
		<td>2</td>
		<td>3</td>
		<td>E</td>
	</tr>
	<tr>
		<td>3</td>
		<td>4</td>
		<td>E</td>
	</tr>
	<tr>
		<td>4</td>
		<td>5</td>
		<td>E</td>
	</tr>
	<tr>
		<td>6</td>
		<td>7</td>
		<td>S</td>
	</tr>
	<tr>
		<td>7</td>
		<td>3</td>
		<td>S</td>
	</tr>
	<tr>
		<td>3</td>
		<td>8</td>
		<td>S</td>
	</tr>
	<tr>
		<td>8</td>
		<td>9</td>
		<td>S</td>
	</tr>
</table>
</div>
</div>
<br/><br/><div class="collapsible"><ul><li><a href='#' class='expandall'>Expand All</a></li><li><a href='#' class='collapseall'>Collapse All</a></li></ul>
	<p class="title">Included page: <a href="HuntTheWumpus.AssertionPages.SenseNearbyHazard">.HuntTheWumpus.AssertionPages.SenseNearbyHazard</a> <a href="HuntTheWumpus.AssertionPages.SenseNearbyHazard?edit&amp;redirectToReferer=true&amp;redirectAction=" class="edit">(edit)</a></p>
	<div><table _TABLENUMBER=6038556469278318355>
	<tr>
		<td>scenario</td>
		<td>the player smells the</td>
		<td>object</td>
		<td>in cavern</td>
		<td>cavern</td>
		<td>when moving</td>
		<td>direction</td>
		<td>from cavern</td>
		<td>startingLocation</td>
	</tr>
	<tr>
		<td colspan="9">freeze wumpus</td>
	</tr>
	<tr>
		<td>put</td>
		<td>@object</td>
		<td>in cavern</td>
		<td colspan="6">@cavern</td>
	</tr>
	<tr>
		<td>put</td>
		<td>player</td>
		<td>in cavern</td>
		<td colspan="6">@startingLocation</td>
	</tr>
	<tr>
		<td>enter command</td>
		<td colspan="8">@direction</td>
	</tr>
	<tr>
		<td>check</td>
		<td>message was printed</td>
		<td colspan="7">You smell the Wumpus.</td>
	</tr>
	<tr>
		<td colspan="9">retreat player</td>
	</tr>
</table>
</div>
</div>
<br/><br/><i>Approach from West.</i><br/><table _TABLENUMBER=8621507926782766704>
	<tr>
		<td colspan="8">script</td>
	</tr>
	<tr class="scenario closed">
		<td class="fail">the player smells the</td>
		<td class="fail">wumpus</td>
		<td class="fail">in cavern</td>
		<td class="fail">1</td>
		<td class="fail">when moving</td>
		<td class="fail">west</td>
		<td class="fail">from cavern</td>
		<td class="fail">3</td>
	</tr><tr class="scenario-detail"><td colspan="8"><table _TABLENUMBER=7337546414188426603 table_name="scriptTable_4_0/scriptTable_3">
	<tr>
		<td>scenario</td>
		<td>the player smells the</td>
		<td>object</td>
		<td>in cavern</td>
		<td>cavern</td>
		<td>when moving</td>
		<td>direction</td>
		<td>from cavern</td>
		<td>startingLocation</td>
	</tr>
	<tr>
		<td colspan="9">freeze wumpus</td>
	</tr>
	<tr>
		<td>put</td>
		<td>wumpus</td>
		<td>in cavern</td>
		<td colspan="6">1</td>
	</tr>
	<tr>
		<td>put</td>
		<td>player</td>
		<td>in cavern</td>
		<td colspan="6">3</td>
	</tr>
	<tr>
		<td><span class="pass">enter command</span></td>
		<td colspan="8">west</td>
	</tr>
	<tr>
		<td>check</td>
		<td>message was printed</td>
		<td colspan="7">[You can go west and east from here.] <span class="fail">expected [You smell the Wumpus.]</span></td>
	</tr>
	<tr>
		<td colspan="9">retreat player</td>
	</tr>
</table></td></tr>
</table>
<br/><i>Approach from North.</i><br/><table _TABLENUMBER=6672458776426494140>
	<tr>
		<td colspan="8">script</td>
	</tr>
	<tr class="scenario closed">
		<td class="fail">the player smells the</td>
		<td class="fail">wumpus</td>
		<td class="fail">in cavern</td>
		<td class="fail">6</td>
		<td class="fail">when moving</td>
		<td class="fail">north</td>
		<td class="fail">from cavern</td>
		<td class="fail">3</td>
	</tr><tr class="scenario-detail"><td colspan="8"><table _TABLENUMBER=6369721401284089381 table_name="scriptTable_5_0/scriptTable_3">
	<tr>
		<td>scenario</td>
		<td>the player smells the</td>
		<td>object</td>
		<td>in cavern</td>
		<td>cavern</td>
		<td>when moving</td>
		<td>direction</td>
		<td>from cavern</td>
		<td>startingLocation</td>
	</tr>
	<tr>
		<td colspan="9">freeze wumpus</td>
	</tr>
	<tr>
		<td>put</td>
		<td>wumpus</td>
		<td>in cavern</td>
		<td colspan="6">6</td>
	</tr>
	<tr>
		<td>put</td>
		<td>player</td>
		<td>in cavern</td>
		<td colspan="6">3</td>
	</tr>
	<tr>
		<td><span class="pass">enter command</span></td>
		<td colspan="8">north</td>
	</tr>
	<tr>
		<td>check</td>
		<td>message was printed</td>
		<td colspan="7">[You can go north and south from here.] <span class="fail">expected [You smell the Wumpus.]</span></td>
	</tr>
	<tr>
		<td colspan="9">retreat player</td>
	</tr>
</table></td></tr>
</table>
<br/><i>Approach from East.</i><br/><table _TABLENUMBER=1418685807854110442>
	<tr>
		<td colspan="8">script</td>
	</tr>
	<tr class="scenario closed">
		<td class="fail">the player smells the</td>
		<td class="fail">wumpus</td>
		<td class="fail">in cavern</td>
		<td class="fail">5</td>
		<td class="fail">when moving</td>
		<td class="fail">East</td>
		<td class="fail">from cavern</td>
		<td class="fail">3</td>
	</tr><tr class="scenario-detail"><td colspan="8"><table _TABLENUMBER=6266478330343515538 table_name="scriptTable_6_0/scriptTable_3">
	<tr>
		<td>scenario</td>
		<td>the player smells the</td>
		<td>object</td>
		<td>in cavern</td>
		<td>cavern</td>
		<td>when moving</td>
		<td>direction</td>
		<td>from cavern</td>
		<td>startingLocation</td>
	</tr>
	<tr>
		<td colspan="9">freeze wumpus</td>
	</tr>
	<tr>
		<td>put</td>
		<td>wumpus</td>
		<td>in cavern</td>
		<td colspan="6">5</td>
	</tr>
	<tr>
		<td>put</td>
		<td>player</td>
		<td>in cavern</td>
		<td colspan="6">3</td>
	</tr>
	<tr>
		<td><span class="pass">enter command</span></td>
		<td colspan="8">East</td>
	</tr>
	<tr>
		<td>check</td>
		<td>message was printed</td>
		<td colspan="7">[You can go west and east from here.] <span class="fail">expected [You smell the Wumpus.]</span></td>
	</tr>
	<tr>
		<td colspan="9">retreat player</td>
	</tr>
</table></td></tr>
</table>
<br/><i>Approach from South.</i><br/><table _TABLENUMBER=4265796219271932682>
	<tr>
		<td colspan="8">script</td>
	</tr>
	<tr class="scenario closed">
		<td class="fail">the player smells the</td>
		<td class="fail">wumpus</td>
		<td class="fail">in cavern</td>
		<td class="fail">9</td>
		<td class="fail">when moving</td>
		<td class="fail">South</td>
		<td class="fail">from cavern</td>
		<td class="fail">3</td>
	</tr><tr class="scenario-detail"><td colspan="8"><table _TABLENUMBER=824955428192202822 table_name="scriptTable_7_0/scriptTable_3">
	<tr>
		<td>scenario</td>
		<td>the player smells the</td>
		<td>object</td>
		<td>in cavern</td>
		<td>cavern</td>
		<td>when moving</td>
		<td>direction</td>
		<td>from cavern</td>
		<td>startingLocation</td>
	</tr>
	<tr>
		<td colspan="9">freeze wumpus</td>
	</tr>
	<tr>
		<td>put</td>
		<td>wumpus</td>
		<td>in cavern</td>
		<td colspan="6">9</td>
	</tr>
	<tr>
		<td>put</td>
		<td>player</td>
		<td>in cavern</td>
		<td colspan="6">3</td>
	</tr>
	<tr>
		<td><span class="pass">enter command</span></td>
		<td colspan="8">South</td>
	</tr>
	<tr>
		<td>check</td>
		<td>message was printed</td>
		<td colspan="7">[You can go north and south from here.] <span class="fail">expected [You smell the Wumpus.]</span></td>
	</tr>
	<tr>
		<td colspan="9">retreat player</td>
	</tr>
</table></td></tr>
</table>
]]></content>
    <relativePageName>SmellWumpus</relativePageName>
    
        <tables>
            <table>
        <name>import_0</name>
                <row>
                    <col><![CDATA[Import]]></col>
          
        </row>
                <row>
                    <col><![CDATA[HuntTheWumpusDotNet.fixtures]]></col>
          
        </row>
        
      </table>
            <table>
        <name>scriptTable_1</name>
                <row>
                    <col><![CDATA[script]]></col>
                    <col><![CDATA[pass(HuntTheWumpusDotNet.fixtures.GameDriver)]]></col>
          
        </row>
        
      </table>
            <table>
        <name>decisionTable_2</name>
                <row>
                    <col><![CDATA[pass(Make map)]]></col>
          
        </row>
                <row>
                    <col><![CDATA[start]]></col>
                    <col><![CDATA[end]]></col>
                    <col><![CDATA[direction]]></col>
          
        </row>
                <row>
                    <col><![CDATA[1]]></col>
                    <col><![CDATA[2]]></col>
                    <col><![CDATA[E]]></col>
          
        </row>
                <row>
                    <col><![CDATA[2]]></col>
                    <col><![CDATA[3]]></col>
                    <col><![CDATA[E]]></col>
          
        </row>
                <row>
                    <col><![CDATA[3]]></col>
                    <col><![CDATA[4]]></col>
                    <col><![CDATA[E]]></col>
          
        </row>
                <row>
                    <col><![CDATA[4]]></col>
                    <col><![CDATA[5]]></col>
                    <col><![CDATA[E]]></col>
          
        </row>
                <row>
                    <col><![CDATA[6]]></col>
                    <col><![CDATA[7]]></col>
                    <col><![CDATA[S]]></col>
          
        </row>
                <row>
                    <col><![CDATA[7]]></col>
                    <col><![CDATA[3]]></col>
                    <col><![CDATA[S]]></col>
          
        </row>
                <row>
                    <col><![CDATA[3]]></col>
                    <col><![CDATA[8]]></col>
                    <col><![CDATA[S]]></col>
          
        </row>
                <row>
                    <col><![CDATA[8]]></col>
                    <col><![CDATA[9]]></col>
                    <col><![CDATA[S]]></col>
          
        </row>
        
      </table>
            <table>
        <name>scenarioTable_3</name>
                <row>
                    <col><![CDATA[scenario]]></col>
                    <col><![CDATA[the player smells the]]></col>
                    <col><![CDATA[object]]></col>
                    <col><![CDATA[in cavern]]></col>
                    <col><![CDATA[cavern]]></col>
                    <col><![CDATA[when moving]]></col>
                    <col><![CDATA[direction]]></col>
                    <col><![CDATA[from cavern]]></col>
                    <col><![CDATA[startingLocation]]></col>
          
        </row>
                <row>
                    <col><![CDATA[freeze wumpus]]></col>
          
        </row>
                <row>
                    <col><![CDATA[put]]></col>
                    <col><![CDATA[@object]]></col>
                    <col><![CDATA[in cavern]]></col>
                    <col><![CDATA[@cavern]]></col>
          
        </row>
                <row>
                    <col><![CDATA[put]]></col>
                    <col><![CDATA[player]]></col>
                    <col><![CDATA[in cavern]]></col>
                    <col><![CDATA[@startingLocation]]></col>
          
        </row>
                <row>
                    <col><![CDATA[enter command]]></col>
                    <col><![CDATA[@direction]]></col>
          
        </row>
                <row>
                    <col><![CDATA[check]]></col>
                    <col><![CDATA[message was printed]]></col>
                    <col><![CDATA[You smell the Wumpus.]]></col>
          
        </row>
                <row>
                    <col><![CDATA[retreat player]]></col>
          
        </row>
        
      </table>
            <table>
        <name>scriptTable_4</name>
                <row>
                    <col><![CDATA[script]]></col>
          
        </row>
                <row>
                    <col><![CDATA[the player smells the]]></col>
                    <col><![CDATA[wumpus]]></col>
                    <col><![CDATA[in cavern]]></col>
                    <col><![CDATA[1]]></col>
                    <col><![CDATA[when moving]]></col>
                    <col><![CDATA[west]]></col>
                    <col><![CDATA[from cavern]]></col>
                    <col><![CDATA[3]]></col>
          
        </row>
        
      </table>
            <table>
        <name>scriptTable_4_0/scriptTable_3</name>
                <row>
                    <col><![CDATA[scenario]]></col>
                    <col><![CDATA[the player smells the]]></col>
                    <col><![CDATA[object]]></col>
                    <col><![CDATA[in cavern]]></col>
                    <col><![CDATA[cavern]]></col>
                    <col><![CDATA[when moving]]></col>
                    <col><![CDATA[direction]]></col>
                    <col><![CDATA[from cavern]]></col>
                    <col><![CDATA[startingLocation]]></col>
          
        </row>
                <row>
                    <col><![CDATA[freeze wumpus]]></col>
          
        </row>
                <row>
                    <col><![CDATA[put]]></col>
                    <col><![CDATA[wumpus]]></col>
                    <col><![CDATA[in cavern]]></col>
                    <col><![CDATA[1]]></col>
          
        </row>
                <row>
                    <col><![CDATA[put]]></col>
                    <col><![CDATA[player]]></col>
                    <col><![CDATA[in cavern]]></col>
                    <col><![CDATA[3]]></col>
          
        </row>
                <row>
                    <col><![CDATA[pass(enter command)]]></col>
                    <col><![CDATA[west]]></col>
          
        </row>
                <row>
                    <col><![CDATA[check]]></col>
                    <col><![CDATA[message was printed]]></col>
                    <col><![CDATA[[You can go west and east from here.] fail(expected [You smell the Wumpus.])]]></col>
          
        </row>
                <row>
                    <col><![CDATA[retreat player]]></col>
          
        </row>
        
      </table>
            <table>
        <name>scriptTable_5</name>
                <row>
                    <col><![CDATA[script]]></col>
          
        </row>
                <row>
                    <col><![CDATA[the player smells the]]></col>
                    <col><![CDATA[wumpus]]></col>
                    <col><![CDATA[in cavern]]></col>
                    <col><![CDATA[6]]></col>
                    <col><![CDATA[when moving]]></col>
                    <col><![CDATA[north]]></col>
                    <col><![CDATA[from cavern]]></col>
                    <col><![CDATA[3]]></col>
          
        </row>
        
      </table>
            <table>
        <name>scriptTable_5_0/scriptTable_3</name>
                <row>
                    <col><![CDATA[scenario]]></col>
                    <col><![CDATA[the player smells the]]></col>
                    <col><![CDATA[object]]></col>
                    <col><![CDATA[in cavern]]></col>
                    <col><![CDATA[cavern]]></col>
                    <col><![CDATA[when moving]]></col>
                    <col><![CDATA[direction]]></col>
                    <col><![CDATA[from cavern]]></col>
                    <col><![CDATA[startingLocation]]></col>
          
        </row>
                <row>
                    <col><![CDATA[freeze wumpus]]></col>
          
        </row>
                <row>
                    <col><![CDATA[put]]></col>
                    <col><![CDATA[wumpus]]></col>
                    <col><![CDATA[in cavern]]></col>
                    <col><![CDATA[6]]></col>
          
        </row>
                <row>
                    <col><![CDATA[put]]></col>
                    <col><![CDATA[player]]></col>
                    <col><![CDATA[in cavern]]></col>
                    <col><![CDATA[3]]></col>
          
        </row>
                <row>
                    <col><![CDATA[pass(enter command)]]></col>
                    <col><![CDATA[north]]></col>
          
        </row>
                <row>
                    <col><![CDATA[check]]></col>
                    <col><![CDATA[message was printed]]></col>
                    <col><![CDATA[[You can go north and south from here.] fail(expected [You smell the Wumpus.])]]></col>
          
        </row>
                <row>
                    <col><![CDATA[retreat player]]></col>
          
        </row>
        
      </table>
            <table>
        <name>scriptTable_6</name>
                <row>
                    <col><![CDATA[script]]></col>
          
        </row>
                <row>
                    <col><![CDATA[the player smells the]]></col>
                    <col><![CDATA[wumpus]]></col>
                    <col><![CDATA[in cavern]]></col>
                    <col><![CDATA[5]]></col>
                    <col><![CDATA[when moving]]></col>
                    <col><![CDATA[East]]></col>
                    <col><![CDATA[from cavern]]></col>
                    <col><![CDATA[3]]></col>
          
        </row>
        
      </table>
            <table>
        <name>scriptTable_6_0/scriptTable_3</name>
                <row>
                    <col><![CDATA[scenario]]></col>
                    <col><![CDATA[the player smells the]]></col>
                    <col><![CDATA[object]]></col>
                    <col><![CDATA[in cavern]]></col>
                    <col><![CDATA[cavern]]></col>
                    <col><![CDATA[when moving]]></col>
                    <col><![CDATA[direction]]></col>
                    <col><![CDATA[from cavern]]></col>
                    <col><![CDATA[startingLocation]]></col>
          
        </row>
                <row>
                    <col><![CDATA[freeze wumpus]]></col>
          
        </row>
                <row>
                    <col><![CDATA[put]]></col>
                    <col><![CDATA[wumpus]]></col>
                    <col><![CDATA[in cavern]]></col>
                    <col><![CDATA[5]]></col>
          
        </row>
                <row>
                    <col><![CDATA[put]]></col>
                    <col><![CDATA[player]]></col>
                    <col><![CDATA[in cavern]]></col>
                    <col><![CDATA[3]]></col>
          
        </row>
                <row>
                    <col><![CDATA[pass(enter command)]]></col>
                    <col><![CDATA[East]]></col>
          
        </row>
                <row>
                    <col><![CDATA[check]]></col>
                    <col><![CDATA[message was printed]]></col>
                    <col><![CDATA[[You can go west and east from here.] fail(expected [You smell the Wumpus.])]]></col>
          
        </row>
                <row>
                    <col><![CDATA[retreat player]]></col>
          
        </row>
        
      </table>
            <table>
        <name>scriptTable_7</name>
                <row>
                    <col><![CDATA[script]]></col>
          
        </row>
                <row>
                    <col><![CDATA[the player smells the]]></col>
                    <col><![CDATA[wumpus]]></col>
                    <col><![CDATA[in cavern]]></col>
                    <col><![CDATA[9]]></col>
                    <col><![CDATA[when moving]]></col>
                    <col><![CDATA[South]]></col>
                    <col><![CDATA[from cavern]]></col>
                    <col><![CDATA[3]]></col>
          
        </row>
        
      </table>
            <table>
        <name>scriptTable_7_0/scriptTable_3</name>
                <row>
                    <col><![CDATA[scenario]]></col>
                    <col><![CDATA[the player smells the]]></col>
                    <col><![CDATA[object]]></col>
                    <col><![CDATA[in cavern]]></col>
                    <col><![CDATA[cavern]]></col>
                    <col><![CDATA[when moving]]></col>
                    <col><![CDATA[direction]]></col>
                    <col><![CDATA[from cavern]]></col>
                    <col><![CDATA[startingLocation]]></col>
          
        </row>
                <row>
                    <col><![CDATA[freeze wumpus]]></col>
          
        </row>
                <row>
                    <col><![CDATA[put]]></col>
                    <col><![CDATA[wumpus]]></col>
                    <col><![CDATA[in cavern]]></col>
                    <col><![CDATA[9]]></col>
          
        </row>
                <row>
                    <col><![CDATA[put]]></col>
                    <col><![CDATA[player]]></col>
                    <col><![CDATA[in cavern]]></col>
                    <col><![CDATA[3]]></col>
          
        </row>
                <row>
                    <col><![CDATA[pass(enter command)]]></col>
                    <col><![CDATA[South]]></col>
          
        </row>
                <row>
                    <col><![CDATA[check]]></col>
                    <col><![CDATA[message was printed]]></col>
                    <col><![CDATA[[You can go north and south from here.] fail(expected [You smell the Wumpus.])]]></col>
          
        </row>
                <row>
                    <col><![CDATA[retreat player]]></col>
          
        </row>
        
      </table>
      
    </tables>
    
    
    <instructions>
            <instructionResult>
        <instruction><![CDATA[[import_0_0, import, HuntTheWumpusDotNet.fixtures]]]></instruction>
        <slimResult><![CDATA[OK]]></slimResult>
        
      </instructionResult>
            <instructionResult>
        <instruction><![CDATA[[scriptTable_1_0, make, scriptTableActor, HuntTheWumpusDotNet.fixtures.GameDriver]]]></instruction>
        <slimResult><![CDATA[OK]]></slimResult>
                <expectation>
          <status>right</status>
          <instructionId>scriptTable_1_0</instructionId>
          <col>1</col>
          <row>0</row>
          <type>ConstructionExpectation</type>
                    <actual><![CDATA[OK]]></actual>
                              <expected><![CDATA[HuntTheWumpusDotNet.fixtures.GameDriver]]></expected>
                              <evaluationMessage><![CDATA[pass(HuntTheWumpusDotNet.fixtures.GameDriver)]]></evaluationMessage>
                  </expectation>
        
      </instructionResult>
            <instructionResult>
        <instruction><![CDATA[[decisionTable_2_0, make, decisionTable_2, MakeMap]]]></instruction>
        <slimResult><![CDATA[OK]]></slimResult>
                <expectation>
          <status>right</status>
          <instructionId>decisionTable_2_0</instructionId>
          <col>0</col>
          <row>0</row>
          <type>ConstructionExpectation</type>
                    <actual><![CDATA[OK]]></actual>
                              <expected><![CDATA[Make map]]></expected>
                              <evaluationMessage><![CDATA[pass(Make map)]]></evaluationMessage>
                  </expectation>
        
      </instructionResult>
            <instructionResult>
        <instruction><![CDATA[[decisionTable_2_1, call, decisionTable_2, table, [[start, end, direction], [1, 2, E], [2, 3, E], [3, 4, E], [4, 5, E], [6, 7, S], [7, 3, S], [3, 8, S], [8, 9, S]]]]]></instruction>
        <slimResult><![CDATA[__EXCEPTION__:message:<<NO_METHOD_IN_CLASS table HuntTheWumpusDotNet.fixtures.MakeMap>> fitSharp.Machine.Exception.MemberMissingException: Member 'table' with 1 parameter(s) not found for type 'HuntTheWumpusDotNet.fixtures.MakeMap'.
   at fitSharp.Machine.Model.TypedValue.ThrowExceptionIfNotValid()
   at fitSharp.Slim.Operators.ExecuteCall.ExecuteOperation(Tree`1 parameters)
   at fitSharp.Slim.Operators.InvokeInstructionBase.Invoke(TypedValue instance, MemberName memberName, Tree`1 parameters)]]></slimResult>
        
      </instructionResult>
            <instructionResult>
        <instruction><![CDATA[[decisionTable_2_2, call, decisionTable_2, beginTable]]]></instruction>
        <slimResult><![CDATA[__EXCEPTION__:message:<<NO_METHOD_IN_CLASS begintable HuntTheWumpusDotNet.fixtures.MakeMap>> fitSharp.Machine.Exception.MemberMissingException: Member 'begintable' with 0 parameter(s) not found for type 'HuntTheWumpusDotNet.fixtures.MakeMap'.
   at fitSharp.Machine.Model.TypedValue.ThrowExceptionIfNotValid()
   at fitSharp.Slim.Operators.ExecuteCall.ExecuteOperation(Tree`1 parameters)
   at fitSharp.Slim.Operators.InvokeInstructionBase.Invoke(TypedValue instance, MemberName memberName, Tree`1 parameters)]]></slimResult>
        
      </instructionResult>
            <instructionResult>
        <instruction><![CDATA[[decisionTable_2_3, call, decisionTable_2, reset]]]></instruction>
        <slimResult><![CDATA[__EXCEPTION__:message:<<NO_METHOD_IN_CLASS reset HuntTheWumpusDotNet.fixtures.MakeMap>> fitSharp.Machine.Exception.MemberMissingException: Member 'reset' with 0 parameter(s) not found for type 'HuntTheWumpusDotNet.fixtures.MakeMap'.
   at fitSharp.Machine.Model.TypedValue.ThrowExceptionIfNotValid()
   at fitSharp.Slim.Operators.ExecuteCall.ExecuteOperation(Tree`1 parameters)
   at fitSharp.Slim.Operators.InvokeInstructionBase.Invoke(TypedValue instance, MemberName memberName, Tree`1 parameters)]]></slimResult>
        
      </instructionResult>
            <instructionResult>
        <instruction><![CDATA[[decisionTable_2_4, call, decisionTable_2, setStart, 1]]]></instruction>
        <slimResult><![CDATA[/__VOID__/]]></slimResult>
                <expectation>
          <status>ignored</status>
          <instructionId>decisionTable_2_4</instructionId>
          <col>0</col>
          <row>2</row>
          <type>VoidReturnExpectation</type>
                    <actual><![CDATA[/__VOID__/]]></actual>
                              <expected><![CDATA[1]]></expected>
                              <evaluationMessage><![CDATA[1]]></evaluationMessage>
                  </expectation>
        
      </instructionResult>
            <instructionResult>
        <instruction><![CDATA[[decisionTable_2_5, call, decisionTable_2, setEnd, 2]]]></instruction>
        <slimResult><![CDATA[/__VOID__/]]></slimResult>
                <expectation>
          <status>ignored</status>
          <instructionId>decisionTable_2_5</instructionId>
          <col>1</col>
          <row>2</row>
          <type>VoidReturnExpectation</type>
                    <actual><![CDATA[/__VOID__/]]></actual>
                              <expected><![CDATA[2]]></expected>
                              <evaluationMessage><![CDATA[2]]></evaluationMessage>
                  </expectation>
        
      </instructionResult>
            <instructionResult>
        <instruction><![CDATA[[decisionTable_2_6, call, decisionTable_2, setDirection, E]]]></instruction>
        <slimResult><![CDATA[/__VOID__/]]></slimResult>
                <expectation>
          <status>ignored</status>
          <instructionId>decisionTable_2_6</instructionId>
          <col>2</col>
          <row>2</row>
          <type>VoidReturnExpectation</type>
                    <actual><![CDATA[/__VOID__/]]></actual>
                              <expected><![CDATA[E]]></expected>
                              <evaluationMessage><![CDATA[E]]></evaluationMessage>
                  </expectation>
        
      </instructionResult>
            <instructionResult>
        <instruction><![CDATA[[decisionTable_2_7, call, decisionTable_2, execute]]]></instruction>
        <slimResult><![CDATA[/__VOID__/]]></slimResult>
        
      </instructionResult>
            <instructionResult>
        <instruction><![CDATA[[decisionTable_2_8, call, decisionTable_2, reset]]]></instruction>
        <slimResult><![CDATA[__EXCEPTION__:message:<<NO_METHOD_IN_CLASS reset HuntTheWumpusDotNet.fixtures.MakeMap>> fitSharp.Machine.Exception.MemberMissingException: Member 'reset' with 0 parameter(s) not found for type 'HuntTheWumpusDotNet.fixtures.MakeMap'.
   at fitSharp.Machine.Model.TypedValue.ThrowExceptionIfNotValid()
   at fitSharp.Slim.Operators.ExecuteCall.ExecuteOperation(Tree`1 parameters)
   at fitSharp.Slim.Operators.InvokeInstructionBase.Invoke(TypedValue instance, MemberName memberName, Tree`1 parameters)]]></slimResult>
        
      </instructionResult>
            <instructionResult>
        <instruction><![CDATA[[decisionTable_2_9, call, decisionTable_2, setStart, 2]]]></instruction>
        <slimResult><![CDATA[/__VOID__/]]></slimResult>
                <expectation>
          <status>ignored</status>
          <instructionId>decisionTable_2_9</instructionId>
          <col>0</col>
          <row>3</row>
          <type>VoidReturnExpectation</type>
                    <actual><![CDATA[/__VOID__/]]></actual>
                              <expected><![CDATA[2]]></expected>
                              <evaluationMessage><![CDATA[2]]></evaluationMessage>
                  </expectation>
        
      </instructionResult>
            <instructionResult>
        <instruction><![CDATA[[decisionTable_2_10, call, decisionTable_2, setEnd, 3]]]></instruction>
        <slimResult><![CDATA[/__VOID__/]]></slimResult>
                <expectation>
          <status>ignored</status>
          <instructionId>decisionTable_2_10</instructionId>
          <col>1</col>
          <row>3</row>
          <type>VoidReturnExpectation</type>
                    <actual><![CDATA[/__VOID__/]]></actual>
                              <expected><![CDATA[3]]></expected>
                              <evaluationMessage><![CDATA[3]]></evaluationMessage>
                  </expectation>
        
      </instructionResult>
            <instructionResult>
        <instruction><![CDATA[[decisionTable_2_11, call, decisionTable_2, setDirection, E]]]></instruction>
        <slimResult><![CDATA[/__VOID__/]]></slimResult>
                <expectation>
          <status>ignored</status>
          <instructionId>decisionTable_2_11</instructionId>
          <col>2</col>
          <row>3</row>
          <type>VoidReturnExpectation</type>
                    <actual><![CDATA[/__VOID__/]]></actual>
                              <expected><![CDATA[E]]></expected>
                              <evaluationMessage><![CDATA[E]]></evaluationMessage>
                  </expectation>
        
      </instructionResult>
            <instructionResult>
        <instruction><![CDATA[[decisionTable_2_12, call, decisionTable_2, execute]]]></instruction>
        <slimResult><![CDATA[/__VOID__/]]></slimResult>
        
      </instructionResult>
            <instructionResult>
        <instruction><![CDATA[[decisionTable_2_13, call, decisionTable_2, reset]]]></instruction>
        <slimResult><![CDATA[__EXCEPTION__:message:<<NO_METHOD_IN_CLASS reset HuntTheWumpusDotNet.fixtures.MakeMap>> fitSharp.Machine.Exception.MemberMissingException: Member 'reset' with 0 parameter(s) not found for type 'HuntTheWumpusDotNet.fixtures.MakeMap'.
   at fitSharp.Machine.Model.TypedValue.ThrowExceptionIfNotValid()
   at fitSharp.Slim.Operators.ExecuteCall.ExecuteOperation(Tree`1 parameters)
   at fitSharp.Slim.Operators.InvokeInstructionBase.Invoke(TypedValue instance, MemberName memberName, Tree`1 parameters)]]></slimResult>
        
      </instructionResult>
            <instructionResult>
        <instruction><![CDATA[[decisionTable_2_14, call, decisionTable_2, setStart, 3]]]></instruction>
        <slimResult><![CDATA[/__VOID__/]]></slimResult>
                <expectation>
          <status>ignored</status>
          <instructionId>decisionTable_2_14</instructionId>
          <col>0</col>
          <row>4</row>
          <type>VoidReturnExpectation</type>
                    <actual><![CDATA[/__VOID__/]]></actual>
                              <expected><![CDATA[3]]></expected>
                              <evaluationMessage><![CDATA[3]]></evaluationMessage>
                  </expectation>
        
      </instructionResult>
            <instructionResult>
        <instruction><![CDATA[[decisionTable_2_15, call, decisionTable_2, setEnd, 4]]]></instruction>
        <slimResult><![CDATA[/__VOID__/]]></slimResult>
                <expectation>
          <status>ignored</status>
          <instructionId>decisionTable_2_15</instructionId>
          <col>1</col>
          <row>4</row>
          <type>VoidReturnExpectation</type>
                    <actual><![CDATA[/__VOID__/]]></actual>
                              <expected><![CDATA[4]]></expected>
                              <evaluationMessage><![CDATA[4]]></evaluationMessage>
                  </expectation>
        
      </instructionResult>
            <instructionResult>
        <instruction><![CDATA[[decisionTable_2_16, call, decisionTable_2, setDirection, E]]]></instruction>
        <slimResult><![CDATA[/__VOID__/]]></slimResult>
                <expectation>
          <status>ignored</status>
          <instructionId>decisionTable_2_16</instructionId>
          <col>2</col>
          <row>4</row>
          <type>VoidReturnExpectation</type>
                    <actual><![CDATA[/__VOID__/]]></actual>
                              <expected><![CDATA[E]]></expected>
                              <evaluationMessage><![CDATA[E]]></evaluationMessage>
                  </expectation>
        
      </instructionResult>
            <instructionResult>
        <instruction><![CDATA[[decisionTable_2_17, call, decisionTable_2, execute]]]></instruction>
        <slimResult><![CDATA[/__VOID__/]]></slimResult>
        
      </instructionResult>
            <instructionResult>
        <instruction><![CDATA[[decisionTable_2_18, call, decisionTable_2, reset]]]></instruction>
        <slimResult><![CDATA[__EXCEPTION__:message:<<NO_METHOD_IN_CLASS reset HuntTheWumpusDotNet.fixtures.MakeMap>> fitSharp.Machine.Exception.MemberMissingException: Member 'reset' with 0 parameter(s) not found for type 'HuntTheWumpusDotNet.fixtures.MakeMap'.
   at fitSharp.Machine.Model.TypedValue.ThrowExceptionIfNotValid()
   at fitSharp.Slim.Operators.ExecuteCall.ExecuteOperation(Tree`1 parameters)
   at fitSharp.Slim.Operators.InvokeInstructionBase.Invoke(TypedValue instance, MemberName memberName, Tree`1 parameters)]]></slimResult>
        
      </instructionResult>
            <instructionResult>
        <instruction><![CDATA[[decisionTable_2_19, call, decisionTable_2, setStart, 4]]]></instruction>
        <slimResult><![CDATA[/__VOID__/]]></slimResult>
                <expectation>
          <status>ignored</status>
          <instructionId>decisionTable_2_19</instructionId>
          <col>0</col>
          <row>5</row>
          <type>VoidReturnExpectation</type>
                    <actual><![CDATA[/__VOID__/]]></actual>
                              <expected><![CDATA[4]]></expected>
                              <evaluationMessage><![CDATA[4]]></evaluationMessage>
                  </expectation>
        
      </instructionResult>
            <instructionResult>
        <instruction><![CDATA[[decisionTable_2_20, call, decisionTable_2, setEnd, 5]]]></instruction>
        <slimResult><![CDATA[/__VOID__/]]></slimResult>
                <expectation>
          <status>ignored</status>
          <instructionId>decisionTable_2_20</instructionId>
          <col>1</col>
          <row>5</row>
          <type>VoidReturnExpectation</type>
                    <actual><![CDATA[/__VOID__/]]></actual>
                              <expected><![CDATA[5]]></expected>
                              <evaluationMessage><![CDATA[5]]></evaluationMessage>
                  </expectation>
        
      </instructionResult>
            <instructionResult>
        <instruction><![CDATA[[decisionTable_2_21, call, decisionTable_2, setDirection, E]]]></instruction>
        <slimResult><![CDATA[/__VOID__/]]></slimResult>
                <expectation>
          <status>ignored</status>
          <instructionId>decisionTable_2_21</instructionId>
          <col>2</col>
          <row>5</row>
          <type>VoidReturnExpectation</type>
                    <actual><![CDATA[/__VOID__/]]></actual>
                              <expected><![CDATA[E]]></expected>
                              <evaluationMessage><![CDATA[E]]></evaluationMessage>
                  </expectation>
        
      </instructionResult>
            <instructionResult>
        <instruction><![CDATA[[decisionTable_2_22, call, decisionTable_2, execute]]]></instruction>
        <slimResult><![CDATA[/__VOID__/]]></slimResult>
        
      </instructionResult>
            <instructionResult>
        <instruction><![CDATA[[decisionTable_2_23, call, decisionTable_2, reset]]]></instruction>
        <slimResult><![CDATA[__EXCEPTION__:message:<<NO_METHOD_IN_CLASS reset HuntTheWumpusDotNet.fixtures.MakeMap>> fitSharp.Machine.Exception.MemberMissingException: Member 'reset' with 0 parameter(s) not found for type 'HuntTheWumpusDotNet.fixtures.MakeMap'.
   at fitSharp.Machine.Model.TypedValue.ThrowExceptionIfNotValid()
   at fitSharp.Slim.Operators.ExecuteCall.ExecuteOperation(Tree`1 parameters)
   at fitSharp.Slim.Operators.InvokeInstructionBase.Invoke(TypedValue instance, MemberName memberName, Tree`1 parameters)]]></slimResult>
        
      </instructionResult>
            <instructionResult>
        <instruction><![CDATA[[decisionTable_2_24, call, decisionTable_2, setStart, 6]]]></instruction>
        <slimResult><![CDATA[/__VOID__/]]></slimResult>
                <expectation>
          <status>ignored</status>
          <instructionId>decisionTable_2_24</instructionId>
          <col>0</col>
          <row>6</row>
          <type>VoidReturnExpectation</type>
                    <actual><![CDATA[/__VOID__/]]></actual>
                              <expected><![CDATA[6]]></expected>
                              <evaluationMessage><![CDATA[6]]></evaluationMessage>
                  </expectation>
        
      </instructionResult>
            <instructionResult>
        <instruction><![CDATA[[decisionTable_2_25, call, decisionTable_2, setEnd, 7]]]></instruction>
        <slimResult><![CDATA[/__VOID__/]]></slimResult>
                <expectation>
          <status>ignored</status>
          <instructionId>decisionTable_2_25</instructionId>
          <col>1</col>
          <row>6</row>
          <type>VoidReturnExpectation</type>
                    <actual><![CDATA[/__VOID__/]]></actual>
                              <expected><![CDATA[7]]></expected>
                              <evaluationMessage><![CDATA[7]]></evaluationMessage>
                  </expectation>
        
      </instructionResult>
            <instructionResult>
        <instruction><![CDATA[[decisionTable_2_26, call, decisionTable_2, setDirection, S]]]></instruction>
        <slimResult><![CDATA[/__VOID__/]]></slimResult>
                <expectation>
          <status>ignored</status>
          <instructionId>decisionTable_2_26</instructionId>
          <col>2</col>
          <row>6</row>
          <type>VoidReturnExpectation</type>
                    <actual><![CDATA[/__VOID__/]]></actual>
                              <expected><![CDATA[S]]></expected>
                              <evaluationMessage><![CDATA[S]]></evaluationMessage>
                  </expectation>
        
      </instructionResult>
            <instructionResult>
        <instruction><![CDATA[[decisionTable_2_27, call, decisionTable_2, execute]]]></instruction>
        <slimResult><![CDATA[/__VOID__/]]></slimResult>
        
      </instructionResult>
            <instructionResult>
        <instruction><![CDATA[[decisionTable_2_28, call, decisionTable_2, reset]]]></instruction>
        <slimResult><![CDATA[__EXCEPTION__:message:<<NO_METHOD_IN_CLASS reset HuntTheWumpusDotNet.fixtures.MakeMap>> fitSharp.Machine.Exception.MemberMissingException: Member 'reset' with 0 parameter(s) not found for type 'HuntTheWumpusDotNet.fixtures.MakeMap'.
   at fitSharp.Machine.Model.TypedValue.ThrowExceptionIfNotValid()
   at fitSharp.Slim.Operators.ExecuteCall.ExecuteOperation(Tree`1 parameters)
   at fitSharp.Slim.Operators.InvokeInstructionBase.Invoke(TypedValue instance, MemberName memberName, Tree`1 parameters)]]></slimResult>
        
      </instructionResult>
            <instructionResult>
        <instruction><![CDATA[[decisionTable_2_29, call, decisionTable_2, setStart, 7]]]></instruction>
        <slimResult><![CDATA[/__VOID__/]]></slimResult>
                <expectation>
          <status>ignored</status>
          <instructionId>decisionTable_2_29</instructionId>
          <col>0</col>
          <row>7</row>
          <type>VoidReturnExpectation</type>
                    <actual><![CDATA[/__VOID__/]]></actual>
                              <expected><![CDATA[7]]></expected>
                              <evaluationMessage><![CDATA[7]]></evaluationMessage>
                  </expectation>
        
      </instructionResult>
            <instructionResult>
        <instruction><![CDATA[[decisionTable_2_30, call, decisionTable_2, setEnd, 3]]]></instruction>
        <slimResult><![CDATA[/__VOID__/]]></slimResult>
                <expectation>
          <status>ignored</status>
          <instructionId>decisionTable_2_30</instructionId>
          <col>1</col>
          <row>7</row>
          <type>VoidReturnExpectation</type>
                    <actual><![CDATA[/__VOID__/]]></actual>
                              <expected><![CDATA[3]]></expected>
                              <evaluationMessage><![CDATA[3]]></evaluationMessage>
                  </expectation>
        
      </instructionResult>
            <instructionResult>
        <instruction><![CDATA[[decisionTable_2_31, call, decisionTable_2, setDirection, S]]]></instruction>
        <slimResult><![CDATA[/__VOID__/]]></slimResult>
                <expectation>
          <status>ignored</status>
          <instructionId>decisionTable_2_31</instructionId>
          <col>2</col>
          <row>7</row>
          <type>VoidReturnExpectation</type>
                    <actual><![CDATA[/__VOID__/]]></actual>
                              <expected><![CDATA[S]]></expected>
                              <evaluationMessage><![CDATA[S]]></evaluationMessage>
                  </expectation>
        
      </instructionResult>
            <instructionResult>
        <instruction><![CDATA[[decisionTable_2_32, call, decisionTable_2, execute]]]></instruction>
        <slimResult><![CDATA[/__VOID__/]]></slimResult>
        
      </instructionResult>
            <instructionResult>
        <instruction><![CDATA[[decisionTable_2_33, call, decisionTable_2, reset]]]></instruction>
        <slimResult><![CDATA[__EXCEPTION__:message:<<NO_METHOD_IN_CLASS reset HuntTheWumpusDotNet.fixtures.MakeMap>> fitSharp.Machine.Exception.MemberMissingException: Member 'reset' with 0 parameter(s) not found for type 'HuntTheWumpusDotNet.fixtures.MakeMap'.
   at fitSharp.Machine.Model.TypedValue.ThrowExceptionIfNotValid()
   at fitSharp.Slim.Operators.ExecuteCall.ExecuteOperation(Tree`1 parameters)
   at fitSharp.Slim.Operators.InvokeInstructionBase.Invoke(TypedValue instance, MemberName memberName, Tree`1 parameters)]]></slimResult>
        
      </instructionResult>
            <instructionResult>
        <instruction><![CDATA[[decisionTable_2_34, call, decisionTable_2, setStart, 3]]]></instruction>
        <slimResult><![CDATA[/__VOID__/]]></slimResult>
                <expectation>
          <status>ignored</status>
          <instructionId>decisionTable_2_34</instructionId>
          <col>0</col>
          <row>8</row>
          <type>VoidReturnExpectation</type>
                    <actual><![CDATA[/__VOID__/]]></actual>
                              <expected><![CDATA[3]]></expected>
                              <evaluationMessage><![CDATA[3]]></evaluationMessage>
                  </expectation>
        
      </instructionResult>
            <instructionResult>
        <instruction><![CDATA[[decisionTable_2_35, call, decisionTable_2, setEnd, 8]]]></instruction>
        <slimResult><![CDATA[/__VOID__/]]></slimResult>
                <expectation>
          <status>ignored</status>
          <instructionId>decisionTable_2_35</instructionId>
          <col>1</col>
          <row>8</row>
          <type>VoidReturnExpectation</type>
                    <actual><![CDATA[/__VOID__/]]></actual>
                              <expected><![CDATA[8]]></expected>
                              <evaluationMessage><![CDATA[8]]></evaluationMessage>
                  </expectation>
        
      </instructionResult>
            <instructionResult>
        <instruction><![CDATA[[decisionTable_2_36, call, decisionTable_2, setDirection, S]]]></instruction>
        <slimResult><![CDATA[/__VOID__/]]></slimResult>
                <expectation>
          <status>ignored</status>
          <instructionId>decisionTable_2_36</instructionId>
          <col>2</col>
          <row>8</row>
          <type>VoidReturnExpectation</type>
                    <actual><![CDATA[/__VOID__/]]></actual>
                              <expected><![CDATA[S]]></expected>
                              <evaluationMessage><![CDATA[S]]></evaluationMessage>
                  </expectation>
        
      </instructionResult>
            <instructionResult>
        <instruction><![CDATA[[decisionTable_2_37, call, decisionTable_2, execute]]]></instruction>
        <slimResult><![CDATA[/__VOID__/]]></slimResult>
        
      </instructionResult>
            <instructionResult>
        <instruction><![CDATA[[decisionTable_2_38, call, decisionTable_2, reset]]]></instruction>
        <slimResult><![CDATA[__EXCEPTION__:message:<<NO_METHOD_IN_CLASS reset HuntTheWumpusDotNet.fixtures.MakeMap>> fitSharp.Machine.Exception.MemberMissingException: Member 'reset' with 0 parameter(s) not found for type 'HuntTheWumpusDotNet.fixtures.MakeMap'.
   at fitSharp.Machine.Model.TypedValue.ThrowExceptionIfNotValid()
   at fitSharp.Slim.Operators.ExecuteCall.ExecuteOperation(Tree`1 parameters)
   at fitSharp.Slim.Operators.InvokeInstructionBase.Invoke(TypedValue instance, MemberName memberName, Tree`1 parameters)]]></slimResult>
        
      </instructionResult>
            <instructionResult>
        <instruction><![CDATA[[decisionTable_2_39, call, decisionTable_2, setStart, 8]]]></instruction>
        <slimResult><![CDATA[/__VOID__/]]></slimResult>
                <expectation>
          <status>ignored</status>
          <instructionId>decisionTable_2_39</instructionId>
          <col>0</col>
          <row>9</row>
          <type>VoidReturnExpectation</type>
                    <actual><![CDATA[/__VOID__/]]></actual>
                              <expected><![CDATA[8]]></expected>
                              <evaluationMessage><![CDATA[8]]></evaluationMessage>
                  </expectation>
        
      </instructionResult>
            <instructionResult>
        <instruction><![CDATA[[decisionTable_2_40, call, decisionTable_2, setEnd, 9]]]></instruction>
        <slimResult><![CDATA[/__VOID__/]]></slimResult>
                <expectation>
          <status>ignored</status>
          <instructionId>decisionTable_2_40</instructionId>
          <col>1</col>
          <row>9</row>
          <type>VoidReturnExpectation</type>
                    <actual><![CDATA[/__VOID__/]]></actual>
                              <expected><![CDATA[9]]></expected>
                              <evaluationMessage><![CDATA[9]]></evaluationMessage>
                  </expectation>
        
      </instructionResult>
            <instructionResult>
        <instruction><![CDATA[[decisionTable_2_41, call, decisionTable_2, setDirection, S]]]></instruction>
        <slimResult><![CDATA[/__VOID__/]]></slimResult>
                <expectation>
          <status>ignored</status>
          <instructionId>decisionTable_2_41</instructionId>
          <col>2</col>
          <row>9</row>
          <type>VoidReturnExpectation</type>
                    <actual><![CDATA[/__VOID__/]]></actual>
                              <expected><![CDATA[S]]></expected>
                              <evaluationMessage><![CDATA[S]]></evaluationMessage>
                  </expectation>
        
      </instructionResult>
            <instructionResult>
        <instruction><![CDATA[[decisionTable_2_42, call, decisionTable_2, execute]]]></instruction>
        <slimResult><![CDATA[/__VOID__/]]></slimResult>
        
      </instructionResult>
            <instructionResult>
        <instruction><![CDATA[[decisionTable_2_43, call, decisionTable_2, endTable]]]></instruction>
        <slimResult><![CDATA[__EXCEPTION__:message:<<NO_METHOD_IN_CLASS endtable HuntTheWumpusDotNet.fixtures.MakeMap>> fitSharp.Machine.Exception.MemberMissingException: Member 'endtable' with 0 parameter(s) not found for type 'HuntTheWumpusDotNet.fixtures.MakeMap'.
   at fitSharp.Machine.Model.TypedValue.ThrowExceptionIfNotValid()
   at fitSharp.Slim.Operators.ExecuteCall.ExecuteOperation(Tree`1 parameters)
   at fitSharp.Slim.Operators.InvokeInstructionBase.Invoke(TypedValue instance, MemberName memberName, Tree`1 parameters)]]></slimResult>
        
      </instructionResult>
            <instructionResult>
        <instruction><![CDATA[[scriptTable_4_0/scriptTable_3_0, call, scriptTableActor, freezeWumpus]]]></instruction>
        <slimResult><![CDATA[/__VOID__/]]></slimResult>
                <expectation>
          <status>ignored</status>
          <instructionId>scriptTable_4_0/scriptTable_3_0</instructionId>
          <col>0</col>
          <row>1</row>
          <type>ScriptActionExpectation</type>
                    <actual><![CDATA[/__VOID__/]]></actual>
                              <expected><![CDATA[freeze wumpus]]></expected>
                              <evaluationMessage><![CDATA[freeze wumpus]]></evaluationMessage>
                  </expectation>
        
      </instructionResult>
            <instructionResult>
        <instruction><![CDATA[[scriptTable_4_0/scriptTable_3_1, call, scriptTableActor, putInCavern, wumpus, 1]]]></instruction>
        <slimResult><![CDATA[/__VOID__/]]></slimResult>
                <expectation>
          <status>ignored</status>
          <instructionId>scriptTable_4_0/scriptTable_3_1</instructionId>
          <col>1</col>
          <row>2</row>
          <type>ArgumentExpectation</type>
                                        <evaluationMessage><![CDATA[]]></evaluationMessage>
                  </expectation>
                <expectation>
          <status>ignored</status>
          <instructionId>scriptTable_4_0/scriptTable_3_1</instructionId>
          <col>3</col>
          <row>2</row>
          <type>ArgumentExpectation</type>
                                        <evaluationMessage><![CDATA[]]></evaluationMessage>
                  </expectation>
                <expectation>
          <status>ignored</status>
          <instructionId>scriptTable_4_0/scriptTable_3_1</instructionId>
          <col>0</col>
          <row>2</row>
          <type>ScriptActionExpectation</type>
                    <actual><![CDATA[/__VOID__/]]></actual>
                              <expected><![CDATA[put]]></expected>
                              <evaluationMessage><![CDATA[put]]></evaluationMessage>
                  </expectation>
        
      </instructionResult>
            <instructionResult>
        <instruction><![CDATA[[scriptTable_4_0/scriptTable_3_2, call, scriptTableActor, putInCavern, player, 3]]]></instruction>
        <slimResult><![CDATA[/__VOID__/]]></slimResult>
                <expectation>
          <status>ignored</status>
          <instructionId>scriptTable_4_0/scriptTable_3_2</instructionId>
          <col>1</col>
          <row>3</row>
          <type>ArgumentExpectation</type>
                                        <evaluationMessage><![CDATA[]]></evaluationMessage>
                  </expectation>
                <expectation>
          <status>ignored</status>
          <instructionId>scriptTable_4_0/scriptTable_3_2</instructionId>
          <col>3</col>
          <row>3</row>
          <type>ArgumentExpectation</type>
                                        <evaluationMessage><![CDATA[]]></evaluationMessage>
                  </expectation>
                <expectation>
          <status>ignored</status>
          <instructionId>scriptTable_4_0/scriptTable_3_2</instructionId>
          <col>0</col>
          <row>3</row>
          <type>ScriptActionExpectation</type>
                    <actual><![CDATA[/__VOID__/]]></actual>
                              <expected><![CDATA[put]]></expected>
                              <evaluationMessage><![CDATA[put]]></evaluationMessage>
                  </expectation>
        
      </instructionResult>
            <instructionResult>
        <instruction><![CDATA[[scriptTable_4_0/scriptTable_3_3, call, scriptTableActor, enterCommand, west]]]></instruction>
        <slimResult><![CDATA[true]]></slimResult>
                <expectation>
          <status>ignored</status>
          <instructionId>scriptTable_4_0/scriptTable_3_3</instructionId>
          <col>1</col>
          <row>4</row>
          <type>ArgumentExpectation</type>
                                        <evaluationMessage><![CDATA[]]></evaluationMessage>
                  </expectation>
                <expectation>
          <status>right</status>
          <instructionId>scriptTable_4_0/scriptTable_3_3</instructionId>
          <col>0</col>
          <row>4</row>
          <type>ScriptActionExpectation</type>
                    <actual><![CDATA[true]]></actual>
                              <expected><![CDATA[enter command]]></expected>
                              <evaluationMessage><![CDATA[pass(enter command)]]></evaluationMessage>
                  </expectation>
        
      </instructionResult>
            <instructionResult>
        <instruction><![CDATA[[scriptTable_4_0/scriptTable_3_4, call, scriptTableActor, messageWasPrinted]]]></instruction>
        <slimResult><![CDATA[You can go west and east from here.]]></slimResult>
                <expectation>
          <status>wrong</status>
          <instructionId>scriptTable_4_0/scriptTable_3_4</instructionId>
          <col>2</col>
          <row>5</row>
          <type>ReturnedValueExpectation</type>
                    <actual><![CDATA[You can go west and east from here.]]></actual>
                              <expected><![CDATA[You smell the Wumpus.]]></expected>
                              <evaluationMessage><![CDATA[[You can go west and east from here.] fail(expected [You smell the Wumpus.])]]></evaluationMessage>
                  </expectation>
        
      </instructionResult>
            <instructionResult>
        <instruction><![CDATA[[scriptTable_4_0/scriptTable_3_5, call, scriptTableActor, retreatPlayer]]]></instruction>
        <slimResult><![CDATA[/__VOID__/]]></slimResult>
                <expectation>
          <status>ignored</status>
          <instructionId>scriptTable_4_0/scriptTable_3_5</instructionId>
          <col>0</col>
          <row>6</row>
          <type>ScriptActionExpectation</type>
                    <actual><![CDATA[/__VOID__/]]></actual>
                              <expected><![CDATA[retreat player]]></expected>
                              <evaluationMessage><![CDATA[retreat player]]></evaluationMessage>
                  </expectation>
        
      </instructionResult>
            <instructionResult>
        <instruction><![CDATA[[scriptTable_5_0/scriptTable_3_0, call, scriptTableActor, freezeWumpus]]]></instruction>
        <slimResult><![CDATA[/__VOID__/]]></slimResult>
                <expectation>
          <status>ignored</status>
          <instructionId>scriptTable_5_0/scriptTable_3_0</instructionId>
          <col>0</col>
          <row>1</row>
          <type>ScriptActionExpectation</type>
                    <actual><![CDATA[/__VOID__/]]></actual>
                              <expected><![CDATA[freeze wumpus]]></expected>
                              <evaluationMessage><![CDATA[freeze wumpus]]></evaluationMessage>
                  </expectation>
        
      </instructionResult>
            <instructionResult>
        <instruction><![CDATA[[scriptTable_5_0/scriptTable_3_1, call, scriptTableActor, putInCavern, wumpus, 6]]]></instruction>
        <slimResult><![CDATA[/__VOID__/]]></slimResult>
                <expectation>
          <status>ignored</status>
          <instructionId>scriptTable_5_0/scriptTable_3_1</instructionId>
          <col>1</col>
          <row>2</row>
          <type>ArgumentExpectation</type>
                                        <evaluationMessage><![CDATA[]]></evaluationMessage>
                  </expectation>
                <expectation>
          <status>ignored</status>
          <instructionId>scriptTable_5_0/scriptTable_3_1</instructionId>
          <col>3</col>
          <row>2</row>
          <type>ArgumentExpectation</type>
                                        <evaluationMessage><![CDATA[]]></evaluationMessage>
                  </expectation>
                <expectation>
          <status>ignored</status>
          <instructionId>scriptTable_5_0/scriptTable_3_1</instructionId>
          <col>0</col>
          <row>2</row>
          <type>ScriptActionExpectation</type>
                    <actual><![CDATA[/__VOID__/]]></actual>
                              <expected><![CDATA[put]]></expected>
                              <evaluationMessage><![CDATA[put]]></evaluationMessage>
                  </expectation>
        
      </instructionResult>
            <instructionResult>
        <instruction><![CDATA[[scriptTable_5_0/scriptTable_3_2, call, scriptTableActor, putInCavern, player, 3]]]></instruction>
        <slimResult><![CDATA[/__VOID__/]]></slimResult>
                <expectation>
          <status>ignored</status>
          <instructionId>scriptTable_5_0/scriptTable_3_2</instructionId>
          <col>1</col>
          <row>3</row>
          <type>ArgumentExpectation</type>
                                        <evaluationMessage><![CDATA[]]></evaluationMessage>
                  </expectation>
                <expectation>
          <status>ignored</status>
          <instructionId>scriptTable_5_0/scriptTable_3_2</instructionId>
          <col>3</col>
          <row>3</row>
          <type>ArgumentExpectation</type>
                                        <evaluationMessage><![CDATA[]]></evaluationMessage>
                  </expectation>
                <expectation>
          <status>ignored</status>
          <instructionId>scriptTable_5_0/scriptTable_3_2</instructionId>
          <col>0</col>
          <row>3</row>
          <type>ScriptActionExpectation</type>
                    <actual><![CDATA[/__VOID__/]]></actual>
                              <expected><![CDATA[put]]></expected>
                              <evaluationMessage><![CDATA[put]]></evaluationMessage>
                  </expectation>
        
      </instructionResult>
            <instructionResult>
        <instruction><![CDATA[[scriptTable_5_0/scriptTable_3_3, call, scriptTableActor, enterCommand, north]]]></instruction>
        <slimResult><![CDATA[true]]></slimResult>
                <expectation>
          <status>ignored</status>
          <instructionId>scriptTable_5_0/scriptTable_3_3</instructionId>
          <col>1</col>
          <row>4</row>
          <type>ArgumentExpectation</type>
                                        <evaluationMessage><![CDATA[]]></evaluationMessage>
                  </expectation>
                <expectation>
          <status>right</status>
          <instructionId>scriptTable_5_0/scriptTable_3_3</instructionId>
          <col>0</col>
          <row>4</row>
          <type>ScriptActionExpectation</type>
                    <actual><![CDATA[true]]></actual>
                              <expected><![CDATA[enter command]]></expected>
                              <evaluationMessage><![CDATA[pass(enter command)]]></evaluationMessage>
                  </expectation>
        
      </instructionResult>
            <instructionResult>
        <instruction><![CDATA[[scriptTable_5_0/scriptTable_3_4, call, scriptTableActor, messageWasPrinted]]]></instruction>
        <slimResult><![CDATA[You can go north and south from here.]]></slimResult>
                <expectation>
          <status>wrong</status>
          <instructionId>scriptTable_5_0/scriptTable_3_4</instructionId>
          <col>2</col>
          <row>5</row>
          <type>ReturnedValueExpectation</type>
                    <actual><![CDATA[You can go north and south from here.]]></actual>
                              <expected><![CDATA[You smell the Wumpus.]]></expected>
                              <evaluationMessage><![CDATA[[You can go north and south from here.] fail(expected [You smell the Wumpus.])]]></evaluationMessage>
                  </expectation>
        
      </instructionResult>
            <instructionResult>
        <instruction><![CDATA[[scriptTable_5_0/scriptTable_3_5, call, scriptTableActor, retreatPlayer]]]></instruction>
        <slimResult><![CDATA[/__VOID__/]]></slimResult>
                <expectation>
          <status>ignored</status>
          <instructionId>scriptTable_5_0/scriptTable_3_5</instructionId>
          <col>0</col>
          <row>6</row>
          <type>ScriptActionExpectation</type>
                    <actual><![CDATA[/__VOID__/]]></actual>
                              <expected><![CDATA[retreat player]]></expected>
                              <evaluationMessage><![CDATA[retreat player]]></evaluationMessage>
                  </expectation>
        
      </instructionResult>
            <instructionResult>
        <instruction><![CDATA[[scriptTable_6_0/scriptTable_3_0, call, scriptTableActor, freezeWumpus]]]></instruction>
        <slimResult><![CDATA[/__VOID__/]]></slimResult>
                <expectation>
          <status>ignored</status>
          <instructionId>scriptTable_6_0/scriptTable_3_0</instructionId>
          <col>0</col>
          <row>1</row>
          <type>ScriptActionExpectation</type>
                    <actual><![CDATA[/__VOID__/]]></actual>
                              <expected><![CDATA[freeze wumpus]]></expected>
                              <evaluationMessage><![CDATA[freeze wumpus]]></evaluationMessage>
                  </expectation>
        
      </instructionResult>
            <instructionResult>
        <instruction><![CDATA[[scriptTable_6_0/scriptTable_3_1, call, scriptTableActor, putInCavern, wumpus, 5]]]></instruction>
        <slimResult><![CDATA[/__VOID__/]]></slimResult>
                <expectation>
          <status>ignored</status>
          <instructionId>scriptTable_6_0/scriptTable_3_1</instructionId>
          <col>1</col>
          <row>2</row>
          <type>ArgumentExpectation</type>
                                        <evaluationMessage><![CDATA[]]></evaluationMessage>
                  </expectation>
                <expectation>
          <status>ignored</status>
          <instructionId>scriptTable_6_0/scriptTable_3_1</instructionId>
          <col>3</col>
          <row>2</row>
          <type>ArgumentExpectation</type>
                                        <evaluationMessage><![CDATA[]]></evaluationMessage>
                  </expectation>
                <expectation>
          <status>ignored</status>
          <instructionId>scriptTable_6_0/scriptTable_3_1</instructionId>
          <col>0</col>
          <row>2</row>
          <type>ScriptActionExpectation</type>
                    <actual><![CDATA[/__VOID__/]]></actual>
                              <expected><![CDATA[put]]></expected>
                              <evaluationMessage><![CDATA[put]]></evaluationMessage>
                  </expectation>
        
      </instructionResult>
            <instructionResult>
        <instruction><![CDATA[[scriptTable_6_0/scriptTable_3_2, call, scriptTableActor, putInCavern, player, 3]]]></instruction>
        <slimResult><![CDATA[/__VOID__/]]></slimResult>
                <expectation>
          <status>ignored</status>
          <instructionId>scriptTable_6_0/scriptTable_3_2</instructionId>
          <col>1</col>
          <row>3</row>
          <type>ArgumentExpectation</type>
                                        <evaluationMessage><![CDATA[]]></evaluationMessage>
                  </expectation>
                <expectation>
          <status>ignored</status>
          <instructionId>scriptTable_6_0/scriptTable_3_2</instructionId>
          <col>3</col>
          <row>3</row>
          <type>ArgumentExpectation</type>
                                        <evaluationMessage><![CDATA[]]></evaluationMessage>
                  </expectation>
                <expectation>
          <status>ignored</status>
          <instructionId>scriptTable_6_0/scriptTable_3_2</instructionId>
          <col>0</col>
          <row>3</row>
          <type>ScriptActionExpectation</type>
                    <actual><![CDATA[/__VOID__/]]></actual>
                              <expected><![CDATA[put]]></expected>
                              <evaluationMessage><![CDATA[put]]></evaluationMessage>
                  </expectation>
        
      </instructionResult>
            <instructionResult>
        <instruction><![CDATA[[scriptTable_6_0/scriptTable_3_3, call, scriptTableActor, enterCommand, East]]]></instruction>
        <slimResult><![CDATA[true]]></slimResult>
                <expectation>
          <status>ignored</status>
          <instructionId>scriptTable_6_0/scriptTable_3_3</instructionId>
          <col>1</col>
          <row>4</row>
          <type>ArgumentExpectation</type>
                                        <evaluationMessage><![CDATA[]]></evaluationMessage>
                  </expectation>
                <expectation>
          <status>right</status>
          <instructionId>scriptTable_6_0/scriptTable_3_3</instructionId>
          <col>0</col>
          <row>4</row>
          <type>ScriptActionExpectation</type>
                    <actual><![CDATA[true]]></actual>
                              <expected><![CDATA[enter command]]></expected>
                              <evaluationMessage><![CDATA[pass(enter command)]]></evaluationMessage>
                  </expectation>
        
      </instructionResult>
            <instructionResult>
        <instruction><![CDATA[[scriptTable_6_0/scriptTable_3_4, call, scriptTableActor, messageWasPrinted]]]></instruction>
        <slimResult><![CDATA[You can go west and east from here.]]></slimResult>
                <expectation>
          <status>wrong</status>
          <instructionId>scriptTable_6_0/scriptTable_3_4</instructionId>
          <col>2</col>
          <row>5</row>
          <type>ReturnedValueExpectation</type>
                    <actual><![CDATA[You can go west and east from here.]]></actual>
                              <expected><![CDATA[You smell the Wumpus.]]></expected>
                              <evaluationMessage><![CDATA[[You can go west and east from here.] fail(expected [You smell the Wumpus.])]]></evaluationMessage>
                  </expectation>
        
      </instructionResult>
            <instructionResult>
        <instruction><![CDATA[[scriptTable_6_0/scriptTable_3_5, call, scriptTableActor, retreatPlayer]]]></instruction>
        <slimResult><![CDATA[/__VOID__/]]></slimResult>
                <expectation>
          <status>ignored</status>
          <instructionId>scriptTable_6_0/scriptTable_3_5</instructionId>
          <col>0</col>
          <row>6</row>
          <type>ScriptActionExpectation</type>
                    <actual><![CDATA[/__VOID__/]]></actual>
                              <expected><![CDATA[retreat player]]></expected>
                              <evaluationMessage><![CDATA[retreat player]]></evaluationMessage>
                  </expectation>
        
      </instructionResult>
            <instructionResult>
        <instruction><![CDATA[[scriptTable_7_0/scriptTable_3_0, call, scriptTableActor, freezeWumpus]]]></instruction>
        <slimResult><![CDATA[/__VOID__/]]></slimResult>
                <expectation>
          <status>ignored</status>
          <instructionId>scriptTable_7_0/scriptTable_3_0</instructionId>
          <col>0</col>
          <row>1</row>
          <type>ScriptActionExpectation</type>
                    <actual><![CDATA[/__VOID__/]]></actual>
                              <expected><![CDATA[freeze wumpus]]></expected>
                              <evaluationMessage><![CDATA[freeze wumpus]]></evaluationMessage>
                  </expectation>
        
      </instructionResult>
            <instructionResult>
        <instruction><![CDATA[[scriptTable_7_0/scriptTable_3_1, call, scriptTableActor, putInCavern, wumpus, 9]]]></instruction>
        <slimResult><![CDATA[/__VOID__/]]></slimResult>
                <expectation>
          <status>ignored</status>
          <instructionId>scriptTable_7_0/scriptTable_3_1</instructionId>
          <col>1</col>
          <row>2</row>
          <type>ArgumentExpectation</type>
                                        <evaluationMessage><![CDATA[]]></evaluationMessage>
                  </expectation>
                <expectation>
          <status>ignored</status>
          <instructionId>scriptTable_7_0/scriptTable_3_1</instructionId>
          <col>3</col>
          <row>2</row>
          <type>ArgumentExpectation</type>
                                        <evaluationMessage><![CDATA[]]></evaluationMessage>
                  </expectation>
                <expectation>
          <status>ignored</status>
          <instructionId>scriptTable_7_0/scriptTable_3_1</instructionId>
          <col>0</col>
          <row>2</row>
          <type>ScriptActionExpectation</type>
                    <actual><![CDATA[/__VOID__/]]></actual>
                              <expected><![CDATA[put]]></expected>
                              <evaluationMessage><![CDATA[put]]></evaluationMessage>
                  </expectation>
        
      </instructionResult>
            <instructionResult>
        <instruction><![CDATA[[scriptTable_7_0/scriptTable_3_2, call, scriptTableActor, putInCavern, player, 3]]]></instruction>
        <slimResult><![CDATA[/__VOID__/]]></slimResult>
                <expectation>
          <status>ignored</status>
          <instructionId>scriptTable_7_0/scriptTable_3_2</instructionId>
          <col>1</col>
          <row>3</row>
          <type>ArgumentExpectation</type>
                                        <evaluationMessage><![CDATA[]]></evaluationMessage>
                  </expectation>
                <expectation>
          <status>ignored</status>
          <instructionId>scriptTable_7_0/scriptTable_3_2</instructionId>
          <col>3</col>
          <row>3</row>
          <type>ArgumentExpectation</type>
                                        <evaluationMessage><![CDATA[]]></evaluationMessage>
                  </expectation>
                <expectation>
          <status>ignored</status>
          <instructionId>scriptTable_7_0/scriptTable_3_2</instructionId>
          <col>0</col>
          <row>3</row>
          <type>ScriptActionExpectation</type>
                    <actual><![CDATA[/__VOID__/]]></actual>
                              <expected><![CDATA[put]]></expected>
                              <evaluationMessage><![CDATA[put]]></evaluationMessage>
                  </expectation>
        
      </instructionResult>
            <instructionResult>
        <instruction><![CDATA[[scriptTable_7_0/scriptTable_3_3, call, scriptTableActor, enterCommand, South]]]></instruction>
        <slimResult><![CDATA[true]]></slimResult>
                <expectation>
          <status>ignored</status>
          <instructionId>scriptTable_7_0/scriptTable_3_3</instructionId>
          <col>1</col>
          <row>4</row>
          <type>ArgumentExpectation</type>
                                        <evaluationMessage><![CDATA[]]></evaluationMessage>
                  </expectation>
                <expectation>
          <status>right</status>
          <instructionId>scriptTable_7_0/scriptTable_3_3</instructionId>
          <col>0</col>
          <row>4</row>
          <type>ScriptActionExpectation</type>
                    <actual><![CDATA[true]]></actual>
                              <expected><![CDATA[enter command]]></expected>
                              <evaluationMessage><![CDATA[pass(enter command)]]></evaluationMessage>
                  </expectation>
        
      </instructionResult>
            <instructionResult>
        <instruction><![CDATA[[scriptTable_7_0/scriptTable_3_4, call, scriptTableActor, messageWasPrinted]]]></instruction>
        <slimResult><![CDATA[You can go north and south from here.]]></slimResult>
                <expectation>
          <status>wrong</status>
          <instructionId>scriptTable_7_0/scriptTable_3_4</instructionId>
          <col>2</col>
          <row>5</row>
          <type>ReturnedValueExpectation</type>
                    <actual><![CDATA[You can go north and south from here.]]></actual>
                              <expected><![CDATA[You smell the Wumpus.]]></expected>
                              <evaluationMessage><![CDATA[[You can go north and south from here.] fail(expected [You smell the Wumpus.])]]></evaluationMessage>
                  </expectation>
        
      </instructionResult>
            <instructionResult>
        <instruction><![CDATA[[scriptTable_7_0/scriptTable_3_5, call, scriptTableActor, retreatPlayer]]]></instruction>
        <slimResult><![CDATA[/__VOID__/]]></slimResult>
                <expectation>
          <status>ignored</status>
          <instructionId>scriptTable_7_0/scriptTable_3_5</instructionId>
          <col>0</col>
          <row>6</row>
          <type>ScriptActionExpectation</type>
                    <actual><![CDATA[/__VOID__/]]></actual>
                              <expected><![CDATA[retreat player]]></expected>
                              <evaluationMessage><![CDATA[retreat player]]></evaluationMessage>
                  </expectation>
        
      </instructionResult>
      
    </instructions>
    
  </result>
  
    <finalCounts>
    <right>0</right>
    <wrong>0</wrong>
    <ignores>0</ignores>
    <exceptions>0</exceptions>
  </finalCounts>
  <totalRunTimeInMillis>0</totalRunTimeInMillis>
  
</testResults>

