<?xml version="1.0"?>
<testResults>
  <FitNesseVersion>v20121220</FitNesseVersion>
  <rootPath>TestCommandAbbreviations</rootPath>
    <result>
    <counts>
      <right>16</right>
      <wrong>0</wrong>
      <ignores>0</ignores>
      <exceptions>8</exceptions>
    </counts>
    <runTimeInMillis>345</runTimeInMillis>
    <content><![CDATA[<br/><div class="collapsible closed"><ul><li><a href='#' class='expandall'>Expand All</a></li><li><a href='#' class='collapseall'>Collapse All</a></li></ul>
	<p class="title">Included page: <a href="HuntTheWumpus.SetUp">.HuntTheWumpus.SetUp</a> <a href="HuntTheWumpus.SetUp?edit&amp;redirectToReferer=true&amp;redirectAction=" class="edit">(edit)</a></p>
	<div><table>
	<tr>
		<td colspan="2"><span class="fit_interpreter">fitlibrary.DoFixture</span></td>
	</tr>
	<tr>
		<td><span class="fit_keyword">start</span></td>
		<td><span class="fit_SUT">HuntTheWumpusDotNet.fixtures.GameDriver</span></td>
	</tr>
</table>
<br/><table>
	<tr>
		<td><span class="fit_interpreter">Import</span></td>
	</tr>
	<tr>
		<td>fit</td>
	</tr>
	<tr>
		<td>HuntTheWumpusDotNet.fixtures</td>
	</tr>
</table>
</div>
</div>
<br/>There are a number of abbreviations for the navigation commands.  You can see them being used below:<br/><br/><div class="collapsible"><ul><li><a href='#' class='expandall'>Expand All</a></li><li><a href='#' class='collapseall'>Collapse All</a></li></ul>
	<p class="title">Included page: <a href="HuntTheWumpus.AllRequirements.IterationOne.NavigatePlayer.DonutMap">DonutMap</a> <a href="HuntTheWumpus.AllRequirements.IterationOne.NavigatePlayer.DonutMap?edit&amp;redirectToReferer=true&amp;redirectAction=" class="edit">(edit)</a></p>
	<div><table>
	<tr>
		<td colspan="3"><span class="fit_interpreter">Make map</span></td>
	</tr>
	<tr>
		<td><span class="fit_member">start</span></td>
		<td><span class="fit_member">end</span></td>
		<td><span class="fit_member">direction</span></td>
	</tr>
	<tr>
		<td>1</td>
		<td>2</td>
		<td>E</td>
	</tr>
	<tr>
		<td>2</td>
		<td>3</td>
		<td>E</td>
	</tr>
	<tr>
		<td>3</td>
		<td>4</td>
		<td>S</td>
	</tr>
	<tr>
		<td>4</td>
		<td>5</td>
		<td>S</td>
	</tr>
	<tr>
		<td>5</td>
		<td>6</td>
		<td>W</td>
	</tr>
	<tr>
		<td>6</td>
		<td>7</td>
		<td>W</td>
	</tr>
	<tr>
		<td>7</td>
		<td>8</td>
		<td>N</td>
	</tr>
	<tr>
		<td>8</td>
		<td>1</td>
		<td>N</td>
	</tr>
</table>
</div>
</div>
<br/><br/><i>Go East</i><br/><table>
	<tr>
		<td><span class="fit_member">put</span></td>
		<td>player</td>
		<td><span class="fit_member">in cavern</span></td>
		<td colspan="2">1</td>
	</tr>
	<tr>
		<td class="error"><span class="fit_member">enter command</span><hr /><pre><div class="fit_stacktrace">System.Reflection.TargetInvocationException: Exception has been thrown by the target of an invocation. ---> System.ArgumentException: G is not a valid direction
   at HuntTheWumpusDotNet.GamePresenter.ConvertCharToDirection(Char direction) in c:\Users\Eric\Documents\Visual Studio 2012\Projects\HuntTheWumpus\HuntTheWumpusDotNet\HuntTheWumpusDotNet\GamePresenter.cs:line 74
   at HuntTheWumpusDotNet.GamePresenter.ConvertStringToDirection(String direction) in c:\Users\Eric\Documents\Visual Studio 2012\Projects\HuntTheWumpus\HuntTheWumpusDotNet\HuntTheWumpusDotNet\GamePresenter.cs:line 56
   at HuntTheWumpusDotNet.GamePresenter.CommandPlayer(String direction) in c:\Users\Eric\Documents\Visual Studio 2012\Projects\HuntTheWumpus\HuntTheWumpusDotNet\HuntTheWumpusDotNet\GamePresenter.cs:line 23
   at HuntTheWumpusDotNet.fixtures.GameDriver.enterCommand(String command) in c:\Users\Eric\Documents\Visual Studio 2012\Projects\HuntTheWumpus\HuntTheWumpusDotNet\HuntTheWumpusDotNet\fixtures\GameDriver.cs:line 49
   --- End of inner exception stack trace ---
   at fitSharp.Machine.Model.TypedValue.ThrowExceptionIfNotValid()
   at fitSharp.Fit.Operators.InterpretFlow.ProcessFlowRow(Tree`1 table, Int32 rowNumber)</div></pre></td>
		<td colspan="4">Go East</td>
	</tr>
	<tr>
		<td>check</td>
		<td>cavern</td>
		<td>2</td>
		<td>has</td>
		<td>player</td>
	</tr>
</table>
<br/><i>E -&gt; Go East</i><br/><table>
	<tr>
		<td><span class="fit_member">put</span></td>
		<td>player</td>
		<td><span class="fit_member">in cavern</span></td>
		<td colspan="2">1</td>
	</tr>
	<tr>
		<td><span class="fit_member">enter command</span></td>
		<td colspan="4">E</td>
	</tr>
	<tr>
		<td><span class="fit_keyword">check</span></td>
		<td><span class="fit_member">cavern</span></td>
		<td>2</td>
		<td><span class="fit_member">has</span></td>
		<td class="pass">player</td>
	</tr>
</table>
<br/><i>e -&gt; Go East</i><br/><table>
	<tr>
		<td><span class="fit_member">put</span></td>
		<td>player</td>
		<td><span class="fit_member">in cavern</span></td>
		<td colspan="2">1</td>
	</tr>
	<tr>
		<td><span class="fit_member">enter command</span></td>
		<td colspan="4">e</td>
	</tr>
	<tr>
		<td><span class="fit_keyword">check</span></td>
		<td><span class="fit_member">cavern</span></td>
		<td>2</td>
		<td><span class="fit_member">has</span></td>
		<td class="pass">player</td>
	</tr>
</table>
<br/><i>go east -&gt; Go East</i><br/><table>
	<tr>
		<td><span class="fit_member">put</span></td>
		<td>player</td>
		<td><span class="fit_member">in cavern</span></td>
		<td colspan="2">1</td>
	</tr>
	<tr>
		<td class="error"><span class="fit_member">enter command</span><hr /><pre><div class="fit_stacktrace">System.Reflection.TargetInvocationException: Exception has been thrown by the target of an invocation. ---> System.ArgumentException: G is not a valid direction
   at HuntTheWumpusDotNet.GamePresenter.ConvertCharToDirection(Char direction) in c:\Users\Eric\Documents\Visual Studio 2012\Projects\HuntTheWumpus\HuntTheWumpusDotNet\HuntTheWumpusDotNet\GamePresenter.cs:line 74
   at HuntTheWumpusDotNet.GamePresenter.ConvertStringToDirection(String direction) in c:\Users\Eric\Documents\Visual Studio 2012\Projects\HuntTheWumpus\HuntTheWumpusDotNet\HuntTheWumpusDotNet\GamePresenter.cs:line 56
   at HuntTheWumpusDotNet.GamePresenter.CommandPlayer(String direction) in c:\Users\Eric\Documents\Visual Studio 2012\Projects\HuntTheWumpus\HuntTheWumpusDotNet\HuntTheWumpusDotNet\GamePresenter.cs:line 23
   at HuntTheWumpusDotNet.fixtures.GameDriver.enterCommand(String command) in c:\Users\Eric\Documents\Visual Studio 2012\Projects\HuntTheWumpus\HuntTheWumpusDotNet\HuntTheWumpusDotNet\fixtures\GameDriver.cs:line 49
   --- End of inner exception stack trace ---
   at fitSharp.Machine.Model.TypedValue.ThrowExceptionIfNotValid()
   at fitSharp.Fit.Operators.InterpretFlow.ProcessFlowRow(Tree`1 table, Int32 rowNumber)</div></pre></td>
		<td colspan="4">go east</td>
	</tr>
	<tr>
		<td>check</td>
		<td>cavern</td>
		<td>2</td>
		<td>has</td>
		<td>player</td>
	</tr>
</table>
<br/><i>East -&gt; Go East</i><br/><table>
	<tr>
		<td><span class="fit_member">put</span></td>
		<td>player</td>
		<td><span class="fit_member">in cavern</span></td>
		<td colspan="2">1</td>
	</tr>
	<tr>
		<td><span class="fit_member">enter command</span></td>
		<td colspan="4">East</td>
	</tr>
	<tr>
		<td><span class="fit_keyword">check</span></td>
		<td><span class="fit_member">cavern</span></td>
		<td>2</td>
		<td><span class="fit_member">has</span></td>
		<td class="pass">player</td>
	</tr>
</table>
<br/><i>east -&gt; Go East</i><br/><table>
	<tr>
		<td><span class="fit_member">put</span></td>
		<td>player</td>
		<td><span class="fit_member">in cavern</span></td>
		<td colspan="2">1</td>
	</tr>
	<tr>
		<td><span class="fit_member">enter command</span></td>
		<td colspan="4">east</td>
	</tr>
	<tr>
		<td><span class="fit_keyword">check</span></td>
		<td><span class="fit_member">cavern</span></td>
		<td>2</td>
		<td><span class="fit_member">has</span></td>
		<td class="pass">player</td>
	</tr>
</table>
<br/><hr/>
<br/><br/><i>Go South</i><br/><table>
	<tr>
		<td><span class="fit_member">put</span></td>
		<td>player</td>
		<td><span class="fit_member">in cavern</span></td>
		<td colspan="2">1</td>
	</tr>
	<tr>
		<td class="error"><span class="fit_member">enter command</span><hr /><pre><div class="fit_stacktrace">System.Reflection.TargetInvocationException: Exception has been thrown by the target of an invocation. ---> System.ArgumentException: G is not a valid direction
   at HuntTheWumpusDotNet.GamePresenter.ConvertCharToDirection(Char direction) in c:\Users\Eric\Documents\Visual Studio 2012\Projects\HuntTheWumpus\HuntTheWumpusDotNet\HuntTheWumpusDotNet\GamePresenter.cs:line 74
   at HuntTheWumpusDotNet.GamePresenter.ConvertStringToDirection(String direction) in c:\Users\Eric\Documents\Visual Studio 2012\Projects\HuntTheWumpus\HuntTheWumpusDotNet\HuntTheWumpusDotNet\GamePresenter.cs:line 56
   at HuntTheWumpusDotNet.GamePresenter.CommandPlayer(String direction) in c:\Users\Eric\Documents\Visual Studio 2012\Projects\HuntTheWumpus\HuntTheWumpusDotNet\HuntTheWumpusDotNet\GamePresenter.cs:line 23
   at HuntTheWumpusDotNet.fixtures.GameDriver.enterCommand(String command) in c:\Users\Eric\Documents\Visual Studio 2012\Projects\HuntTheWumpus\HuntTheWumpusDotNet\HuntTheWumpusDotNet\fixtures\GameDriver.cs:line 49
   --- End of inner exception stack trace ---
   at fitSharp.Machine.Model.TypedValue.ThrowExceptionIfNotValid()
   at fitSharp.Fit.Operators.InterpretFlow.ProcessFlowRow(Tree`1 table, Int32 rowNumber)</div></pre></td>
		<td colspan="4">Go South</td>
	</tr>
	<tr>
		<td>check</td>
		<td>cavern</td>
		<td>8</td>
		<td>has</td>
		<td>player</td>
	</tr>
</table>
<br/><i>S -&gt; Go South</i><br/><table>
	<tr>
		<td><span class="fit_member">put</span></td>
		<td>player</td>
		<td><span class="fit_member">in cavern</span></td>
		<td colspan="2">1</td>
	</tr>
	<tr>
		<td><span class="fit_member">enter command</span></td>
		<td colspan="4">S</td>
	</tr>
	<tr>
		<td><span class="fit_keyword">check</span></td>
		<td><span class="fit_member">cavern</span></td>
		<td>8</td>
		<td><span class="fit_member">has</span></td>
		<td class="pass">player</td>
	</tr>
</table>
<br/><i>s -&gt; Go South</i><br/><table>
	<tr>
		<td><span class="fit_member">put</span></td>
		<td>player</td>
		<td><span class="fit_member">in cavern</span></td>
		<td colspan="2">1</td>
	</tr>
	<tr>
		<td><span class="fit_member">enter command</span></td>
		<td colspan="4">s</td>
	</tr>
	<tr>
		<td><span class="fit_keyword">check</span></td>
		<td><span class="fit_member">cavern</span></td>
		<td>8</td>
		<td><span class="fit_member">has</span></td>
		<td class="pass">player</td>
	</tr>
</table>
<br/><i>go south-&gt; Go South</i><br/><table>
	<tr>
		<td><span class="fit_member">put</span></td>
		<td>player</td>
		<td><span class="fit_member">in cavern</span></td>
		<td colspan="2">1</td>
	</tr>
	<tr>
		<td class="error"><span class="fit_member">enter command</span><hr /><pre><div class="fit_stacktrace">System.Reflection.TargetInvocationException: Exception has been thrown by the target of an invocation. ---> System.ArgumentException: G is not a valid direction
   at HuntTheWumpusDotNet.GamePresenter.ConvertCharToDirection(Char direction) in c:\Users\Eric\Documents\Visual Studio 2012\Projects\HuntTheWumpus\HuntTheWumpusDotNet\HuntTheWumpusDotNet\GamePresenter.cs:line 74
   at HuntTheWumpusDotNet.GamePresenter.ConvertStringToDirection(String direction) in c:\Users\Eric\Documents\Visual Studio 2012\Projects\HuntTheWumpus\HuntTheWumpusDotNet\HuntTheWumpusDotNet\GamePresenter.cs:line 56
   at HuntTheWumpusDotNet.GamePresenter.CommandPlayer(String direction) in c:\Users\Eric\Documents\Visual Studio 2012\Projects\HuntTheWumpus\HuntTheWumpusDotNet\HuntTheWumpusDotNet\GamePresenter.cs:line 23
   at HuntTheWumpusDotNet.fixtures.GameDriver.enterCommand(String command) in c:\Users\Eric\Documents\Visual Studio 2012\Projects\HuntTheWumpus\HuntTheWumpusDotNet\HuntTheWumpusDotNet\fixtures\GameDriver.cs:line 49
   --- End of inner exception stack trace ---
   at fitSharp.Machine.Model.TypedValue.ThrowExceptionIfNotValid()
   at fitSharp.Fit.Operators.InterpretFlow.ProcessFlowRow(Tree`1 table, Int32 rowNumber)</div></pre></td>
		<td colspan="4">go south</td>
	</tr>
	<tr>
		<td>check</td>
		<td>cavern</td>
		<td>8</td>
		<td>has</td>
		<td>player</td>
	</tr>
</table>
<br/><i>South -&gt; Go South</i><br/><table>
	<tr>
		<td><span class="fit_member">put</span></td>
		<td>player</td>
		<td><span class="fit_member">in cavern</span></td>
		<td colspan="2">1</td>
	</tr>
	<tr>
		<td><span class="fit_member">enter command</span></td>
		<td colspan="4">South</td>
	</tr>
	<tr>
		<td><span class="fit_keyword">check</span></td>
		<td><span class="fit_member">cavern</span></td>
		<td>8</td>
		<td><span class="fit_member">has</span></td>
		<td class="pass">player</td>
	</tr>
</table>
<br/><i>south -&gt; Go South</i><br/><table>
	<tr>
		<td><span class="fit_member">put</span></td>
		<td>player</td>
		<td><span class="fit_member">in cavern</span></td>
		<td colspan="2">1</td>
	</tr>
	<tr>
		<td><span class="fit_member">enter command</span></td>
		<td colspan="4">south</td>
	</tr>
	<tr>
		<td><span class="fit_keyword">check</span></td>
		<td><span class="fit_member">cavern</span></td>
		<td>8</td>
		<td><span class="fit_member">has</span></td>
		<td class="pass">player</td>
	</tr>
</table>
<br/><hr/>
<br/><br/><i>Go West</i><br/><table>
	<tr>
		<td><span class="fit_member">put</span></td>
		<td>player</td>
		<td><span class="fit_member">in cavern</span></td>
		<td colspan="2">5</td>
	</tr>
	<tr>
		<td class="error"><span class="fit_member">enter command</span><hr /><pre><div class="fit_stacktrace">System.Reflection.TargetInvocationException: Exception has been thrown by the target of an invocation. ---> System.ArgumentException: G is not a valid direction
   at HuntTheWumpusDotNet.GamePresenter.ConvertCharToDirection(Char direction) in c:\Users\Eric\Documents\Visual Studio 2012\Projects\HuntTheWumpus\HuntTheWumpusDotNet\HuntTheWumpusDotNet\GamePresenter.cs:line 74
   at HuntTheWumpusDotNet.GamePresenter.ConvertStringToDirection(String direction) in c:\Users\Eric\Documents\Visual Studio 2012\Projects\HuntTheWumpus\HuntTheWumpusDotNet\HuntTheWumpusDotNet\GamePresenter.cs:line 56
   at HuntTheWumpusDotNet.GamePresenter.CommandPlayer(String direction) in c:\Users\Eric\Documents\Visual Studio 2012\Projects\HuntTheWumpus\HuntTheWumpusDotNet\HuntTheWumpusDotNet\GamePresenter.cs:line 23
   at HuntTheWumpusDotNet.fixtures.GameDriver.enterCommand(String command) in c:\Users\Eric\Documents\Visual Studio 2012\Projects\HuntTheWumpus\HuntTheWumpusDotNet\HuntTheWumpusDotNet\fixtures\GameDriver.cs:line 49
   --- End of inner exception stack trace ---
   at fitSharp.Machine.Model.TypedValue.ThrowExceptionIfNotValid()
   at fitSharp.Fit.Operators.InterpretFlow.ProcessFlowRow(Tree`1 table, Int32 rowNumber)</div></pre></td>
		<td colspan="4">Go West</td>
	</tr>
	<tr>
		<td>check</td>
		<td>cavern</td>
		<td>6</td>
		<td>has</td>
		<td>player</td>
	</tr>
</table>
<br/><i>W -&gt; Go West</i><br/><table>
	<tr>
		<td><span class="fit_member">put</span></td>
		<td>player</td>
		<td><span class="fit_member">in cavern</span></td>
		<td colspan="2">5</td>
	</tr>
	<tr>
		<td><span class="fit_member">enter command</span></td>
		<td colspan="4">W</td>
	</tr>
	<tr>
		<td><span class="fit_keyword">check</span></td>
		<td><span class="fit_member">cavern</span></td>
		<td>6</td>
		<td><span class="fit_member">has</span></td>
		<td class="pass">player</td>
	</tr>
</table>
<br/><i>w -&gt; Go West</i><br/><table>
	<tr>
		<td><span class="fit_member">put</span></td>
		<td>player</td>
		<td><span class="fit_member">in cavern</span></td>
		<td colspan="2">5</td>
	</tr>
	<tr>
		<td><span class="fit_member">enter command</span></td>
		<td colspan="4">w</td>
	</tr>
	<tr>
		<td><span class="fit_keyword">check</span></td>
		<td><span class="fit_member">cavern</span></td>
		<td>6</td>
		<td><span class="fit_member">has</span></td>
		<td class="pass">player</td>
	</tr>
</table>
<br/><i>go west -&gt; Go West</i><br/><table>
	<tr>
		<td><span class="fit_member">put</span></td>
		<td>player</td>
		<td><span class="fit_member">in cavern</span></td>
		<td colspan="2">5</td>
	</tr>
	<tr>
		<td class="error"><span class="fit_member">enter command</span><hr /><pre><div class="fit_stacktrace">System.Reflection.TargetInvocationException: Exception has been thrown by the target of an invocation. ---> System.ArgumentException: G is not a valid direction
   at HuntTheWumpusDotNet.GamePresenter.ConvertCharToDirection(Char direction) in c:\Users\Eric\Documents\Visual Studio 2012\Projects\HuntTheWumpus\HuntTheWumpusDotNet\HuntTheWumpusDotNet\GamePresenter.cs:line 74
   at HuntTheWumpusDotNet.GamePresenter.ConvertStringToDirection(String direction) in c:\Users\Eric\Documents\Visual Studio 2012\Projects\HuntTheWumpus\HuntTheWumpusDotNet\HuntTheWumpusDotNet\GamePresenter.cs:line 56
   at HuntTheWumpusDotNet.GamePresenter.CommandPlayer(String direction) in c:\Users\Eric\Documents\Visual Studio 2012\Projects\HuntTheWumpus\HuntTheWumpusDotNet\HuntTheWumpusDotNet\GamePresenter.cs:line 23
   at HuntTheWumpusDotNet.fixtures.GameDriver.enterCommand(String command) in c:\Users\Eric\Documents\Visual Studio 2012\Projects\HuntTheWumpus\HuntTheWumpusDotNet\HuntTheWumpusDotNet\fixtures\GameDriver.cs:line 49
   --- End of inner exception stack trace ---
   at fitSharp.Machine.Model.TypedValue.ThrowExceptionIfNotValid()
   at fitSharp.Fit.Operators.InterpretFlow.ProcessFlowRow(Tree`1 table, Int32 rowNumber)</div></pre></td>
		<td colspan="4">go west</td>
	</tr>
	<tr>
		<td>check</td>
		<td>cavern</td>
		<td>6</td>
		<td>has</td>
		<td>player</td>
	</tr>
</table>
<br/><i>West -&gt; Go West</i><br/><table>
	<tr>
		<td><span class="fit_member">put</span></td>
		<td>player</td>
		<td><span class="fit_member">in cavern</span></td>
		<td colspan="2">5</td>
	</tr>
	<tr>
		<td><span class="fit_member">enter command</span></td>
		<td colspan="4">West</td>
	</tr>
	<tr>
		<td><span class="fit_keyword">check</span></td>
		<td><span class="fit_member">cavern</span></td>
		<td>6</td>
		<td><span class="fit_member">has</span></td>
		<td class="pass">player</td>
	</tr>
</table>
<br/><i>west -&gt; Go West</i><br/><table>
	<tr>
		<td><span class="fit_member">put</span></td>
		<td>player</td>
		<td><span class="fit_member">in cavern</span></td>
		<td colspan="2">5</td>
	</tr>
	<tr>
		<td><span class="fit_member">enter command</span></td>
		<td colspan="4">west</td>
	</tr>
	<tr>
		<td><span class="fit_keyword">check</span></td>
		<td><span class="fit_member">cavern</span></td>
		<td>6</td>
		<td><span class="fit_member">has</span></td>
		<td class="pass">player</td>
	</tr>
</table>
<br/><hr/>
<br/><br/><i>Go North</i><br/><table>
	<tr>
		<td><span class="fit_member">put</span></td>
		<td>player</td>
		<td><span class="fit_member">in cavern</span></td>
		<td colspan="2">5</td>
	</tr>
	<tr>
		<td class="error"><span class="fit_member">enter command</span><hr /><pre><div class="fit_stacktrace">System.Reflection.TargetInvocationException: Exception has been thrown by the target of an invocation. ---> System.ArgumentException: G is not a valid direction
   at HuntTheWumpusDotNet.GamePresenter.ConvertCharToDirection(Char direction) in c:\Users\Eric\Documents\Visual Studio 2012\Projects\HuntTheWumpus\HuntTheWumpusDotNet\HuntTheWumpusDotNet\GamePresenter.cs:line 74
   at HuntTheWumpusDotNet.GamePresenter.ConvertStringToDirection(String direction) in c:\Users\Eric\Documents\Visual Studio 2012\Projects\HuntTheWumpus\HuntTheWumpusDotNet\HuntTheWumpusDotNet\GamePresenter.cs:line 56
   at HuntTheWumpusDotNet.GamePresenter.CommandPlayer(String direction) in c:\Users\Eric\Documents\Visual Studio 2012\Projects\HuntTheWumpus\HuntTheWumpusDotNet\HuntTheWumpusDotNet\GamePresenter.cs:line 23
   at HuntTheWumpusDotNet.fixtures.GameDriver.enterCommand(String command) in c:\Users\Eric\Documents\Visual Studio 2012\Projects\HuntTheWumpus\HuntTheWumpusDotNet\HuntTheWumpusDotNet\fixtures\GameDriver.cs:line 49
   --- End of inner exception stack trace ---
   at fitSharp.Machine.Model.TypedValue.ThrowExceptionIfNotValid()
   at fitSharp.Fit.Operators.InterpretFlow.ProcessFlowRow(Tree`1 table, Int32 rowNumber)</div></pre></td>
		<td colspan="4">Go North</td>
	</tr>
	<tr>
		<td>check</td>
		<td>cavern</td>
		<td>4</td>
		<td>has</td>
		<td>player</td>
	</tr>
</table>
<br/><i>N -&gt; Go North</i><br/><table>
	<tr>
		<td><span class="fit_member">put</span></td>
		<td>player</td>
		<td><span class="fit_member">in cavern</span></td>
		<td colspan="2">5</td>
	</tr>
	<tr>
		<td><span class="fit_member">enter command</span></td>
		<td colspan="4">N</td>
	</tr>
	<tr>
		<td><span class="fit_keyword">check</span></td>
		<td><span class="fit_member">cavern</span></td>
		<td>4</td>
		<td><span class="fit_member">has</span></td>
		<td class="pass">player</td>
	</tr>
</table>
<br/><i>n -&gt; Go North</i><br/><table>
	<tr>
		<td><span class="fit_member">put</span></td>
		<td>player</td>
		<td><span class="fit_member">in cavern</span></td>
		<td colspan="2">5</td>
	</tr>
	<tr>
		<td><span class="fit_member">enter command</span></td>
		<td colspan="4">n</td>
	</tr>
	<tr>
		<td><span class="fit_keyword">check</span></td>
		<td><span class="fit_member">cavern</span></td>
		<td>4</td>
		<td><span class="fit_member">has</span></td>
		<td class="pass">player</td>
	</tr>
</table>
<br/><i>go north -&gt; Go North</i><br/><table>
	<tr>
		<td><span class="fit_member">put</span></td>
		<td>player</td>
		<td><span class="fit_member">in cavern</span></td>
		<td colspan="2">5</td>
	</tr>
	<tr>
		<td class="error"><span class="fit_member">enter command</span><hr /><pre><div class="fit_stacktrace">System.Reflection.TargetInvocationException: Exception has been thrown by the target of an invocation. ---> System.ArgumentException: G is not a valid direction
   at HuntTheWumpusDotNet.GamePresenter.ConvertCharToDirection(Char direction) in c:\Users\Eric\Documents\Visual Studio 2012\Projects\HuntTheWumpus\HuntTheWumpusDotNet\HuntTheWumpusDotNet\GamePresenter.cs:line 74
   at HuntTheWumpusDotNet.GamePresenter.ConvertStringToDirection(String direction) in c:\Users\Eric\Documents\Visual Studio 2012\Projects\HuntTheWumpus\HuntTheWumpusDotNet\HuntTheWumpusDotNet\GamePresenter.cs:line 56
   at HuntTheWumpusDotNet.GamePresenter.CommandPlayer(String direction) in c:\Users\Eric\Documents\Visual Studio 2012\Projects\HuntTheWumpus\HuntTheWumpusDotNet\HuntTheWumpusDotNet\GamePresenter.cs:line 23
   at HuntTheWumpusDotNet.fixtures.GameDriver.enterCommand(String command) in c:\Users\Eric\Documents\Visual Studio 2012\Projects\HuntTheWumpus\HuntTheWumpusDotNet\HuntTheWumpusDotNet\fixtures\GameDriver.cs:line 49
   --- End of inner exception stack trace ---
   at fitSharp.Machine.Model.TypedValue.ThrowExceptionIfNotValid()
   at fitSharp.Fit.Operators.InterpretFlow.ProcessFlowRow(Tree`1 table, Int32 rowNumber)</div></pre></td>
		<td colspan="4">go north</td>
	</tr>
	<tr>
		<td>check</td>
		<td>cavern</td>
		<td>4</td>
		<td>has</td>
		<td>player</td>
	</tr>
</table>
<br/><i>North -&gt; Go North</i><br/><table>
	<tr>
		<td><span class="fit_member">put</span></td>
		<td>player</td>
		<td><span class="fit_member">in cavern</span></td>
		<td colspan="2">5</td>
	</tr>
	<tr>
		<td><span class="fit_member">enter command</span></td>
		<td colspan="4">North</td>
	</tr>
	<tr>
		<td><span class="fit_keyword">check</span></td>
		<td><span class="fit_member">cavern</span></td>
		<td>4</td>
		<td><span class="fit_member">has</span></td>
		<td class="pass">player</td>
	</tr>
</table>
<br/><i>north -&gt; Go North</i><br/><table>
	<tr>
		<td><span class="fit_member">put</span></td>
		<td>player</td>
		<td><span class="fit_member">in cavern</span></td>
		<td colspan="2">5</td>
	</tr>
	<tr>
		<td><span class="fit_member">enter command</span></td>
		<td colspan="4">north</td>
	</tr>
	<tr>
		<td><span class="fit_keyword">check</span></td>
		<td><span class="fit_member">cavern</span></td>
		<td>4</td>
		<td><span class="fit_member">has</span></td>
		<td class="pass">player</td>
	</tr>
</table>
<br/><br/>]]></content>
    <relativePageName>TestCommandAbbreviations</relativePageName>
    
    
    
  </result>
  
    <finalCounts>
    <right>0</right>
    <wrong>0</wrong>
    <ignores>0</ignores>
    <exceptions>0</exceptions>
  </finalCounts>
  <totalRunTimeInMillis>0</totalRunTimeInMillis>
  
</testResults>

