<?xml version="1.0"?>
<testResults>
  <FitNesseVersion>v20121220</FitNesseVersion>
  <rootPath>TestCanShootWhenThereAreArrows</rootPath>
    <result>
    <counts>
      <right>0</right>
      <wrong>1</wrong>
      <ignores>0</ignores>
      <exceptions>26</exceptions>
    </counts>
    <runTimeInMillis>100</runTimeInMillis>
    <content><![CDATA[<div class="collapsible closed"><ul><li><a href='#' class='expandall'>Expand All</a></li><li><a href='#' class='collapseall'>Collapse All</a></li></ul>
	<p class="title">Precompiled Libraries</p>
	<div><br/></div>
</div>
<br/><div class="collapsible closed"><ul><li><a href='#' class='expandall'>Expand All</a></li><li><a href='#' class='collapseall'>Collapse All</a></li></ul>
	<p class="title">Included page: <a href="HuntTheWumpus.SetUp">.HuntTheWumpus.SetUp</a> <a href="HuntTheWumpus.SetUp?edit&amp;redirectToReferer=true&amp;redirectAction=" class="edit">(edit)</a></p>
	<div><table _TABLENUMBER=6392829195198572959>
	<tr>
		<td>Import</td>
	</tr>
	<tr>
		<td>HuntTheWumpusDotNet.fixtures</td>
	</tr>
</table>
<br/><table _TABLENUMBER=7878041086255897259>
	<tr>
		<td>script</td>
		<td><span class="pass">HuntTheWumpusDotNet.fixtures.GameDriver</span></td>
	</tr>
</table>
</div>
</div>
<br/>If there are arrows in the quiver, we ought to be able to shoot.<br/>The arrow should go as far as possible, and then hit a wall.<br/>The arrow should be left in that cavern where it stopped.<br/>The quiver should have one less arrow.<br/><br/><div class="collapsible"><ul><li><a href='#' class='expandall'>Expand All</a></li><li><a href='#' class='collapseall'>Collapse All</a></li></ul>
	<p class="title">Included page: <a href="HuntTheWumpus.AllRequirements.IterationOne.ArrowS.ShootArrow.CrossMap">.HuntTheWumpus.AllRequirements.IterationOne.ArrowS.ShootArrow.CrossMap</a> <a href="HuntTheWumpus.AllRequirements.IterationOne.ArrowS.ShootArrow.CrossMap?edit&amp;redirectToReferer=true&amp;redirectAction=" class="edit">(edit)</a></p>
	<div>Create a convenient map that looks like this:<br/><pre>
         [6]
         [7]
   [1][2][3][4][5]
         [8]
         [9]
</pre>
<br/><br/><table _TABLENUMBER=147805607531162210>
	<tr>
		<td colspan="3"><span class="pass">Make Map</span></td>
	</tr>
	<tr>
		<td>start</td>
		<td>end</td>
		<td>direction</td>
	</tr>
	<tr>
		<td>1</td>
		<td>2</td>
		<td>E</td>
	</tr>
	<tr>
		<td>2</td>
		<td>3</td>
		<td>E</td>
	</tr>
	<tr>
		<td>3</td>
		<td>4</td>
		<td>E</td>
	</tr>
	<tr>
		<td>4</td>
		<td>5</td>
		<td>E</td>
	</tr>
	<tr>
		<td>6</td>
		<td>7</td>
		<td>S</td>
	</tr>
	<tr>
		<td>7</td>
		<td>3</td>
		<td>S</td>
	</tr>
	<tr>
		<td>3</td>
		<td>8</td>
		<td>S</td>
	</tr>
	<tr>
		<td>8</td>
		<td>9</td>
		<td>S</td>
	</tr>
</table>
</div>
</div>
<br/><br/><table _TABLENUMBER=8707814595225000415>
	<tr>
		<td><span class="fail">set quiver to: Bad table: <br/><pre>fitnesse.slimTables.SlimTable$SyntaxError: Table has 4 header column(s), but row 2 only has 2 column(s).
	at fitnesse.slimTables.DecisionTable$DecisionTableCaller.checkRow(DecisionTable.java:87)
	at fitnesse.slimTables.DecisionTable$FixtureCaller.invokeRow(DecisionTable.java:136)
	at fitnesse.slimTables.DecisionTable$FixtureCaller.invokeRows(DecisionTable.java:131)
	at fitnesse.slimTables.DecisionTable$FixtureCaller.call(DecisionTable.java:124)
	at fitnesse.slimTables.DecisionTable.appendInstructions(DecisionTable.java:34)
	at fitnesse.slimTables.SlimTable.appendInstructions(SlimTable.java:87)
	at fitnesse.responders.run.slimResponder.SlimTestSystem.createInstructions(SlimTestSystem.java:350)
	at fitnesse.responders.run.slimResponder.SlimTestSystem.processTablesAndGetHtml(SlimTestSystem.java:332)
	at fitnesse.responders.run.slimResponder.SlimTestSystem.processAllTablesOnPage(SlimTestSystem.java:319)
	at fitnesse.responders.run.slimResponder.SlimTestSystem.runTestsAndGenerateHtml(SlimTestSystem.java:258)
	at fitnesse.responders.run.MultipleTestsRunner.executeTestSystemPages(MultipleTestsRunner.java:128)
	at fitnesse.responders.run.MultipleTestsRunner.startTestSystemAndExecutePages(MultipleTestsRunner.java:112)
	at fitnesse.responders.run.MultipleTestsRunner.internalExecuteTestPages(MultipleTestsRunner.java:88)
	at fitnesse.responders.run.MultipleTestsRunner.executeTestPages(MultipleTestsRunner.java:60)
	at fitnesse.responders.run.SuiteResponder.performExecution(SuiteResponder.java:57)
	at fitnesse.responders.run.TestResponder.doExecuteTests(TestResponder.java:72)
	at fitnesse.responders.run.TestResponder$TestExecutor.execute(TestResponder.java:106)
	at sun.reflect.NativeMethodAccessorImpl.invoke0(Native Method)
	at sun.reflect.NativeMethodAccessorImpl.invoke(Unknown Source)
	at sun.reflect.DelegatingMethodAccessorImpl.invoke(Unknown Source)
	at java.lang.reflect.Method.invoke(Unknown Source)
	at org.apache.velocity.util.introspection.UberspectImpl$VelMethodImpl.doInvoke(UberspectImpl.java:395)
	at org.apache.velocity.util.introspection.UberspectImpl$VelMethodImpl.invoke(UberspectImpl.java:384)
	at org.apache.velocity.runtime.parser.node.ASTMethod.execute(ASTMethod.java:173)
	at org.apache.velocity.runtime.parser.node.ASTReference.execute(ASTReference.java:280)
	at org.apache.velocity.runtime.parser.node.ASTReference.render(ASTReference.java:369)
	at org.apache.velocity.runtime.parser.node.SimpleNode.render(SimpleNode.java:342)
	at org.apache.velocity.runtime.directive.Parse.render(Parse.java:260)
	at org.apache.velocity.runtime.parser.node.ASTDirective.render(ASTDirective.java:207)
	at org.apache.velocity.runtime.parser.node.SimpleNode.render(SimpleNode.java:342)
	at org.apache.velocity.Template.merge(Template.java:356)
	at org.apache.velocity.Template.merge(Template.java:260)
	at fitnesse.responders.templateUtilities.HtmlPage.render(HtmlPage.java:80)
	at fitnesse.responders.run.TestResponder.doSending(TestResponder.java:61)
	at fitnesse.responders.ChunkingResponder.startSending(ChunkingResponder.java:66)
	at fitnesse.http.ChunkedResponse.sendTo(ChunkedResponse.java:26)
	at fitnesse.FitNesseExpediter.sendResponse(FitNesseExpediter.java:96)
	at fitnesse.FitNesseExpediter.start(FitNesseExpediter.java:48)
	at fitnesse.FitNesseServer.serve(FitNesseServer.java:24)
	at fitnesse.FitNesseServer.serve(FitNesseServer.java:17)
	at fitnesse.socketservice.SocketService$ServerRunner.run(SocketService.java:109)
	at java.lang.Thread.run(Unknown Source)
</pre></span> <span class="error">Could not find class SetQuiverTo</span></td>
		<td colspan="4">5</td>
	</tr>
	<tr>
		<td>put</td>
		<td>player</td>
		<td>in cavern</td>
		<td colspan="2">3</td>
	</tr>
	<tr>
		<td>enter command</td>
		<td colspan="4">shoot east</td>
	</tr>
	<tr>
		<td>check</td>
		<td>message</td>
		<td>The arrow flies away in silence.</td>
		<td>was printed</td>
		<td>true</td>
	</tr>
	<tr>
		<td>check</td>
		<td>arrows in quiver</td>
		<td colspan="3">4</td>
	</tr>
	<tr>
		<td>check</td>
		<td>arrows in cavern</td>
		<td>5</td>
		<td colspan="2">1</td>
	</tr>
</table>
<br/><table _TABLENUMBER=4774815357274461983>
	<tr>
		<td>enter command <span class="error">Could not find class EnterCommand</span></td>
		<td colspan="3">shoot south</td>
	</tr>
	<tr>
		<td>check</td>
		<td>arrows in quiver</td>
		<td colspan="2">3</td>
	</tr>
	<tr>
		<td>check <span class="error">Method setcheck not found in fitSharp.Slim.Operators.InvokeInstructionBase+NullInstance</span></td>
		<td>arrows in cavern <span class="error">Method setarrowsinquiver not found in fitSharp.Slim.Operators.InvokeInstructionBase+NullInstance</span></td>
		<td>9 <span class="error">Method set3 not found in fitSharp.Slim.Operators.InvokeInstructionBase+NullInstance</span></td>
		<td>1</td>
	</tr>
</table>
<br/><table _TABLENUMBER=7873770204643699929>
	<tr>
		<td>enter command <span class="error">Could not find class EnterCommand</span></td>
		<td colspan="3">shoot west</td>
	</tr>
	<tr>
		<td>check</td>
		<td>arrows in quiver</td>
		<td colspan="2">2</td>
	</tr>
	<tr>
		<td>check <span class="error">Method setcheck not found in fitSharp.Slim.Operators.InvokeInstructionBase+NullInstance</span></td>
		<td>arrows in cavern <span class="error">Method setarrowsinquiver not found in fitSharp.Slim.Operators.InvokeInstructionBase+NullInstance</span></td>
		<td>1 <span class="error">Method set2 not found in fitSharp.Slim.Operators.InvokeInstructionBase+NullInstance</span></td>
		<td>1</td>
	</tr>
</table>
<br/><table _TABLENUMBER=8725889388396581729>
	<tr>
		<td>enter command <span class="error">Could not find class EnterCommand</span></td>
		<td colspan="3">shoot north</td>
	</tr>
	<tr>
		<td>check</td>
		<td>arrows in quiver</td>
		<td colspan="2">1</td>
	</tr>
	<tr>
		<td>check <span class="error">Method setcheck not found in fitSharp.Slim.Operators.InvokeInstructionBase+NullInstance</span></td>
		<td>arrows in cavern <span class="error">Method setarrowsinquiver not found in fitSharp.Slim.Operators.InvokeInstructionBase+NullInstance</span></td>
		<td>6 <span class="error">Method set1 not found in fitSharp.Slim.Operators.InvokeInstructionBase+NullInstance</span></td>
		<td>1</td>
	</tr>
</table>
<br/><br/>]]></content>
    <relativePageName>TestCanShootWhenThereAreArrows</relativePageName>
    
        <tables>
            <table>
        <name>import_0</name>
                <row>
                    <col><![CDATA[Import]]></col>
          
        </row>
                <row>
                    <col><![CDATA[HuntTheWumpusDotNet.fixtures]]></col>
          
        </row>
        
      </table>
            <table>
        <name>scriptTable_1</name>
                <row>
                    <col><![CDATA[script]]></col>
                    <col><![CDATA[pass(HuntTheWumpusDotNet.fixtures.GameDriver)]]></col>
          
        </row>
        
      </table>
            <table>
        <name>decisionTable_2</name>
                <row>
                    <col><![CDATA[pass(Make Map)]]></col>
          
        </row>
                <row>
                    <col><![CDATA[start]]></col>
                    <col><![CDATA[end]]></col>
                    <col><![CDATA[direction]]></col>
          
        </row>
                <row>
                    <col><![CDATA[1]]></col>
                    <col><![CDATA[2]]></col>
                    <col><![CDATA[E]]></col>
          
        </row>
                <row>
                    <col><![CDATA[2]]></col>
                    <col><![CDATA[3]]></col>
                    <col><![CDATA[E]]></col>
          
        </row>
                <row>
                    <col><![CDATA[3]]></col>
                    <col><![CDATA[4]]></col>
                    <col><![CDATA[E]]></col>
          
        </row>
                <row>
                    <col><![CDATA[4]]></col>
                    <col><![CDATA[5]]></col>
                    <col><![CDATA[E]]></col>
          
        </row>
                <row>
                    <col><![CDATA[6]]></col>
                    <col><![CDATA[7]]></col>
                    <col><![CDATA[S]]></col>
          
        </row>
                <row>
                    <col><![CDATA[7]]></col>
                    <col><![CDATA[3]]></col>
                    <col><![CDATA[S]]></col>
          
        </row>
                <row>
                    <col><![CDATA[3]]></col>
                    <col><![CDATA[8]]></col>
                    <col><![CDATA[S]]></col>
          
        </row>
                <row>
                    <col><![CDATA[8]]></col>
                    <col><![CDATA[9]]></col>
                    <col><![CDATA[S]]></col>
          
        </row>
        
      </table>
            <table>
        <name>decisionTable_3</name>
                <row>
                    <col><![CDATA[<span class="fail">set quiver to: Bad table: <br/><pre>fitnesse.slimTables.SlimTable$SyntaxError: Table has 4 header column(s), but row 2 only has 2 column(s).
	at fitnesse.slimTables.DecisionTable$DecisionTableCaller.checkRow(DecisionTable.java:87)
	at fitnesse.slimTables.DecisionTable$FixtureCaller.invokeRow(DecisionTable.java:136)
	at fitnesse.slimTables.DecisionTable$FixtureCaller.invokeRows(DecisionTable.java:131)
	at fitnesse.slimTables.DecisionTable$FixtureCaller.call(DecisionTable.java:124)
	at fitnesse.slimTables.DecisionTable.appendInstructions(DecisionTable.java:34)
	at fitnesse.slimTables.SlimTable.appendInstructions(SlimTable.java:87)
	at fitnesse.responders.run.slimResponder.SlimTestSystem.createInstructions(SlimTestSystem.java:350)
	at fitnesse.responders.run.slimResponder.SlimTestSystem.processTablesAndGetHtml(SlimTestSystem.java:332)
	at fitnesse.responders.run.slimResponder.SlimTestSystem.processAllTablesOnPage(SlimTestSystem.java:319)
	at fitnesse.responders.run.slimResponder.SlimTestSystem.runTestsAndGenerateHtml(SlimTestSystem.java:258)
	at fitnesse.responders.run.MultipleTestsRunner.executeTestSystemPages(MultipleTestsRunner.java:128)
	at fitnesse.responders.run.MultipleTestsRunner.startTestSystemAndExecutePages(MultipleTestsRunner.java:112)
	at fitnesse.responders.run.MultipleTestsRunner.internalExecuteTestPages(MultipleTestsRunner.java:88)
	at fitnesse.responders.run.MultipleTestsRunner.executeTestPages(MultipleTestsRunner.java:60)
	at fitnesse.responders.run.SuiteResponder.performExecution(SuiteResponder.java:57)
	at fitnesse.responders.run.TestResponder.doExecuteTests(TestResponder.java:72)
	at fitnesse.responders.run.TestResponder$TestExecutor.execute(TestResponder.java:106)
	at sun.reflect.NativeMethodAccessorImpl.invoke0(Native Method)
	at sun.reflect.NativeMethodAccessorImpl.invoke(Unknown Source)
	at sun.reflect.DelegatingMethodAccessorImpl.invoke(Unknown Source)
	at java.lang.reflect.Method.invoke(Unknown Source)
	at org.apache.velocity.util.introspection.UberspectImpl$VelMethodImpl.doInvoke(UberspectImpl.java:395)
	at org.apache.velocity.util.introspection.UberspectImpl$VelMethodImpl.invoke(UberspectImpl.java:384)
	at org.apache.velocity.runtime.parser.node.ASTMethod.execute(ASTMethod.java:173)
	at org.apache.velocity.runtime.parser.node.ASTReference.execute(ASTReference.java:280)
	at org.apache.velocity.runtime.parser.node.ASTReference.render(ASTReference.java:369)
	at org.apache.velocity.runtime.parser.node.SimpleNode.render(SimpleNode.java:342)
	at org.apache.velocity.runtime.directive.Parse.render(Parse.java:260)
	at org.apache.velocity.runtime.parser.node.ASTDirective.render(ASTDirective.java:207)
	at org.apache.velocity.runtime.parser.node.SimpleNode.render(SimpleNode.java:342)
	at org.apache.velocity.Template.merge(Template.java:356)
	at org.apache.velocity.Template.merge(Template.java:260)
	at fitnesse.responders.templateUtilities.HtmlPage.render(HtmlPage.java:80)
	at fitnesse.responders.run.TestResponder.doSending(TestResponder.java:61)
	at fitnesse.responders.ChunkingResponder.startSending(ChunkingResponder.java:66)
	at fitnesse.http.ChunkedResponse.sendTo(ChunkedResponse.java:26)
	at fitnesse.FitNesseExpediter.sendResponse(FitNesseExpediter.java:96)
	at fitnesse.FitNesseExpediter.start(FitNesseExpediter.java:48)
	at fitnesse.FitNesseServer.serve(FitNesseServer.java:24)
	at fitnesse.FitNesseServer.serve(FitNesseServer.java:17)
	at fitnesse.socketservice.SocketService$ServerRunner.run(SocketService.java:109)
	at java.lang.Thread.run(Unknown Source)
</pre></span> <span class="error">Could not find class SetQuiverTo</span>]]></col>
                    <col><![CDATA[5]]></col>
          
        </row>
                <row>
                    <col><![CDATA[put]]></col>
                    <col><![CDATA[player]]></col>
                    <col><![CDATA[in cavern]]></col>
                    <col><![CDATA[3]]></col>
          
        </row>
                <row>
                    <col><![CDATA[enter command]]></col>
                    <col><![CDATA[shoot east]]></col>
          
        </row>
                <row>
                    <col><![CDATA[check]]></col>
                    <col><![CDATA[message]]></col>
                    <col><![CDATA[The arrow flies away in silence.]]></col>
                    <col><![CDATA[was printed]]></col>
                    <col><![CDATA[true]]></col>
          
        </row>
                <row>
                    <col><![CDATA[check]]></col>
                    <col><![CDATA[arrows in quiver]]></col>
                    <col><![CDATA[4]]></col>
          
        </row>
                <row>
                    <col><![CDATA[check]]></col>
                    <col><![CDATA[arrows in cavern]]></col>
                    <col><![CDATA[5]]></col>
                    <col><![CDATA[1]]></col>
          
        </row>
        
      </table>
            <table>
        <name>decisionTable_4</name>
                <row>
                    <col><![CDATA[enter command error(Could not find class EnterCommand)]]></col>
                    <col><![CDATA[shoot south]]></col>
          
        </row>
                <row>
                    <col><![CDATA[check]]></col>
                    <col><![CDATA[arrows in quiver]]></col>
                    <col><![CDATA[3]]></col>
          
        </row>
                <row>
                    <col><![CDATA[check error(Method setcheck not found in fitSharp.Slim.Operators.InvokeInstructionBase+NullInstance)]]></col>
                    <col><![CDATA[arrows in cavern error(Method setarrowsinquiver not found in fitSharp.Slim.Operators.InvokeInstructionBase+NullInstance)]]></col>
                    <col><![CDATA[9 error(Method set3 not found in fitSharp.Slim.Operators.InvokeInstructionBase+NullInstance)]]></col>
                    <col><![CDATA[1]]></col>
          
        </row>
        
      </table>
            <table>
        <name>decisionTable_5</name>
                <row>
                    <col><![CDATA[enter command error(Could not find class EnterCommand)]]></col>
                    <col><![CDATA[shoot west]]></col>
          
        </row>
                <row>
                    <col><![CDATA[check]]></col>
                    <col><![CDATA[arrows in quiver]]></col>
                    <col><![CDATA[2]]></col>
          
        </row>
                <row>
                    <col><![CDATA[check error(Method setcheck not found in fitSharp.Slim.Operators.InvokeInstructionBase+NullInstance)]]></col>
                    <col><![CDATA[arrows in cavern error(Method setarrowsinquiver not found in fitSharp.Slim.Operators.InvokeInstructionBase+NullInstance)]]></col>
                    <col><![CDATA[1 error(Method set2 not found in fitSharp.Slim.Operators.InvokeInstructionBase+NullInstance)]]></col>
                    <col><![CDATA[1]]></col>
          
        </row>
        
      </table>
            <table>
        <name>decisionTable_6</name>
                <row>
                    <col><![CDATA[enter command error(Could not find class EnterCommand)]]></col>
                    <col><![CDATA[shoot north]]></col>
          
        </row>
                <row>
                    <col><![CDATA[check]]></col>
                    <col><![CDATA[arrows in quiver]]></col>
                    <col><![CDATA[1]]></col>
          
        </row>
                <row>
                    <col><![CDATA[check error(Method setcheck not found in fitSharp.Slim.Operators.InvokeInstructionBase+NullInstance)]]></col>
                    <col><![CDATA[arrows in cavern error(Method setarrowsinquiver not found in fitSharp.Slim.Operators.InvokeInstructionBase+NullInstance)]]></col>
                    <col><![CDATA[6 error(Method set1 not found in fitSharp.Slim.Operators.InvokeInstructionBase+NullInstance)]]></col>
                    <col><![CDATA[1]]></col>
          
        </row>
        
      </table>
      
    </tables>
    
    
    <instructions>
            <instructionResult>
        <instruction><![CDATA[[import_0_0, import, HuntTheWumpusDotNet.fixtures]]]></instruction>
        <slimResult><![CDATA[OK]]></slimResult>
        
      </instructionResult>
            <instructionResult>
        <instruction><![CDATA[[scriptTable_1_0, make, scriptTableActor, HuntTheWumpusDotNet.fixtures.GameDriver]]]></instruction>
        <slimResult><![CDATA[OK]]></slimResult>
                <expectation>
          <status>right</status>
          <instructionId>scriptTable_1_0</instructionId>
          <col>1</col>
          <row>0</row>
          <type>ConstructionExpectation</type>
                    <actual><![CDATA[OK]]></actual>
                              <expected><![CDATA[HuntTheWumpusDotNet.fixtures.GameDriver]]></expected>
                              <evaluationMessage><![CDATA[pass(HuntTheWumpusDotNet.fixtures.GameDriver)]]></evaluationMessage>
                  </expectation>
        
      </instructionResult>
            <instructionResult>
        <instruction><![CDATA[[decisionTable_2_0, make, decisionTable_2, MakeMap]]]></instruction>
        <slimResult><![CDATA[OK]]></slimResult>
                <expectation>
          <status>right</status>
          <instructionId>decisionTable_2_0</instructionId>
          <col>0</col>
          <row>0</row>
          <type>ConstructionExpectation</type>
                    <actual><![CDATA[OK]]></actual>
                              <expected><![CDATA[Make Map]]></expected>
                              <evaluationMessage><![CDATA[pass(Make Map)]]></evaluationMessage>
                  </expectation>
        
      </instructionResult>
            <instructionResult>
        <instruction><![CDATA[[decisionTable_2_1, call, decisionTable_2, table, [[start, end, direction], [1, 2, E], [2, 3, E], [3, 4, E], [4, 5, E], [6, 7, S], [7, 3, S], [3, 8, S], [8, 9, S]]]]]></instruction>
        <slimResult><![CDATA[__EXCEPTION__:message:<<NO_METHOD_IN_CLASS table HuntTheWumpusDotNet.fixtures.MakeMap>> fitSharp.Machine.Exception.MemberMissingException: Member 'table' with 1 parameter(s) not found for type 'HuntTheWumpusDotNet.fixtures.MakeMap'.
   at fitSharp.Machine.Model.TypedValue.ThrowExceptionIfNotValid()
   at fitSharp.Slim.Operators.ExecuteCall.ExecuteOperation(Tree`1 parameters)
   at fitSharp.Slim.Operators.InvokeInstructionBase.Invoke(TypedValue instance, MemberName memberName, Tree`1 parameters)]]></slimResult>
        
      </instructionResult>
            <instructionResult>
        <instruction><![CDATA[[decisionTable_2_2, call, decisionTable_2, beginTable]]]></instruction>
        <slimResult><![CDATA[__EXCEPTION__:message:<<NO_METHOD_IN_CLASS begintable HuntTheWumpusDotNet.fixtures.MakeMap>> fitSharp.Machine.Exception.MemberMissingException: Member 'begintable' with 0 parameter(s) not found for type 'HuntTheWumpusDotNet.fixtures.MakeMap'.
   at fitSharp.Machine.Model.TypedValue.ThrowExceptionIfNotValid()
   at fitSharp.Slim.Operators.ExecuteCall.ExecuteOperation(Tree`1 parameters)
   at fitSharp.Slim.Operators.InvokeInstructionBase.Invoke(TypedValue instance, MemberName memberName, Tree`1 parameters)]]></slimResult>
        
      </instructionResult>
            <instructionResult>
        <instruction><![CDATA[[decisionTable_2_3, call, decisionTable_2, reset]]]></instruction>
        <slimResult><![CDATA[__EXCEPTION__:message:<<NO_METHOD_IN_CLASS reset HuntTheWumpusDotNet.fixtures.MakeMap>> fitSharp.Machine.Exception.MemberMissingException: Member 'reset' with 0 parameter(s) not found for type 'HuntTheWumpusDotNet.fixtures.MakeMap'.
   at fitSharp.Machine.Model.TypedValue.ThrowExceptionIfNotValid()
   at fitSharp.Slim.Operators.ExecuteCall.ExecuteOperation(Tree`1 parameters)
   at fitSharp.Slim.Operators.InvokeInstructionBase.Invoke(TypedValue instance, MemberName memberName, Tree`1 parameters)]]></slimResult>
        
      </instructionResult>
            <instructionResult>
        <instruction><![CDATA[[decisionTable_2_4, call, decisionTable_2, setStart, 1]]]></instruction>
        <slimResult><![CDATA[/__VOID__/]]></slimResult>
                <expectation>
          <status>ignored</status>
          <instructionId>decisionTable_2_4</instructionId>
          <col>0</col>
          <row>2</row>
          <type>VoidReturnExpectation</type>
                    <actual><![CDATA[/__VOID__/]]></actual>
                              <expected><![CDATA[1]]></expected>
                              <evaluationMessage><![CDATA[1]]></evaluationMessage>
                  </expectation>
        
      </instructionResult>
            <instructionResult>
        <instruction><![CDATA[[decisionTable_2_5, call, decisionTable_2, setEnd, 2]]]></instruction>
        <slimResult><![CDATA[/__VOID__/]]></slimResult>
                <expectation>
          <status>ignored</status>
          <instructionId>decisionTable_2_5</instructionId>
          <col>1</col>
          <row>2</row>
          <type>VoidReturnExpectation</type>
                    <actual><![CDATA[/__VOID__/]]></actual>
                              <expected><![CDATA[2]]></expected>
                              <evaluationMessage><![CDATA[2]]></evaluationMessage>
                  </expectation>
        
      </instructionResult>
            <instructionResult>
        <instruction><![CDATA[[decisionTable_2_6, call, decisionTable_2, setDirection, E]]]></instruction>
        <slimResult><![CDATA[/__VOID__/]]></slimResult>
                <expectation>
          <status>ignored</status>
          <instructionId>decisionTable_2_6</instructionId>
          <col>2</col>
          <row>2</row>
          <type>VoidReturnExpectation</type>
                    <actual><![CDATA[/__VOID__/]]></actual>
                              <expected><![CDATA[E]]></expected>
                              <evaluationMessage><![CDATA[E]]></evaluationMessage>
                  </expectation>
        
      </instructionResult>
            <instructionResult>
        <instruction><![CDATA[[decisionTable_2_7, call, decisionTable_2, execute]]]></instruction>
        <slimResult><![CDATA[/__VOID__/]]></slimResult>
        
      </instructionResult>
            <instructionResult>
        <instruction><![CDATA[[decisionTable_2_8, call, decisionTable_2, reset]]]></instruction>
        <slimResult><![CDATA[__EXCEPTION__:message:<<NO_METHOD_IN_CLASS reset HuntTheWumpusDotNet.fixtures.MakeMap>> fitSharp.Machine.Exception.MemberMissingException: Member 'reset' with 0 parameter(s) not found for type 'HuntTheWumpusDotNet.fixtures.MakeMap'.
   at fitSharp.Machine.Model.TypedValue.ThrowExceptionIfNotValid()
   at fitSharp.Slim.Operators.ExecuteCall.ExecuteOperation(Tree`1 parameters)
   at fitSharp.Slim.Operators.InvokeInstructionBase.Invoke(TypedValue instance, MemberName memberName, Tree`1 parameters)]]></slimResult>
        
      </instructionResult>
            <instructionResult>
        <instruction><![CDATA[[decisionTable_2_9, call, decisionTable_2, setStart, 2]]]></instruction>
        <slimResult><![CDATA[/__VOID__/]]></slimResult>
                <expectation>
          <status>ignored</status>
          <instructionId>decisionTable_2_9</instructionId>
          <col>0</col>
          <row>3</row>
          <type>VoidReturnExpectation</type>
                    <actual><![CDATA[/__VOID__/]]></actual>
                              <expected><![CDATA[2]]></expected>
                              <evaluationMessage><![CDATA[2]]></evaluationMessage>
                  </expectation>
        
      </instructionResult>
            <instructionResult>
        <instruction><![CDATA[[decisionTable_2_10, call, decisionTable_2, setEnd, 3]]]></instruction>
        <slimResult><![CDATA[/__VOID__/]]></slimResult>
                <expectation>
          <status>ignored</status>
          <instructionId>decisionTable_2_10</instructionId>
          <col>1</col>
          <row>3</row>
          <type>VoidReturnExpectation</type>
                    <actual><![CDATA[/__VOID__/]]></actual>
                              <expected><![CDATA[3]]></expected>
                              <evaluationMessage><![CDATA[3]]></evaluationMessage>
                  </expectation>
        
      </instructionResult>
            <instructionResult>
        <instruction><![CDATA[[decisionTable_2_11, call, decisionTable_2, setDirection, E]]]></instruction>
        <slimResult><![CDATA[/__VOID__/]]></slimResult>
                <expectation>
          <status>ignored</status>
          <instructionId>decisionTable_2_11</instructionId>
          <col>2</col>
          <row>3</row>
          <type>VoidReturnExpectation</type>
                    <actual><![CDATA[/__VOID__/]]></actual>
                              <expected><![CDATA[E]]></expected>
                              <evaluationMessage><![CDATA[E]]></evaluationMessage>
                  </expectation>
        
      </instructionResult>
            <instructionResult>
        <instruction><![CDATA[[decisionTable_2_12, call, decisionTable_2, execute]]]></instruction>
        <slimResult><![CDATA[/__VOID__/]]></slimResult>
        
      </instructionResult>
            <instructionResult>
        <instruction><![CDATA[[decisionTable_2_13, call, decisionTable_2, reset]]]></instruction>
        <slimResult><![CDATA[__EXCEPTION__:message:<<NO_METHOD_IN_CLASS reset HuntTheWumpusDotNet.fixtures.MakeMap>> fitSharp.Machine.Exception.MemberMissingException: Member 'reset' with 0 parameter(s) not found for type 'HuntTheWumpusDotNet.fixtures.MakeMap'.
   at fitSharp.Machine.Model.TypedValue.ThrowExceptionIfNotValid()
   at fitSharp.Slim.Operators.ExecuteCall.ExecuteOperation(Tree`1 parameters)
   at fitSharp.Slim.Operators.InvokeInstructionBase.Invoke(TypedValue instance, MemberName memberName, Tree`1 parameters)]]></slimResult>
        
      </instructionResult>
            <instructionResult>
        <instruction><![CDATA[[decisionTable_2_14, call, decisionTable_2, setStart, 3]]]></instruction>
        <slimResult><![CDATA[/__VOID__/]]></slimResult>
                <expectation>
          <status>ignored</status>
          <instructionId>decisionTable_2_14</instructionId>
          <col>0</col>
          <row>4</row>
          <type>VoidReturnExpectation</type>
                    <actual><![CDATA[/__VOID__/]]></actual>
                              <expected><![CDATA[3]]></expected>
                              <evaluationMessage><![CDATA[3]]></evaluationMessage>
                  </expectation>
        
      </instructionResult>
            <instructionResult>
        <instruction><![CDATA[[decisionTable_2_15, call, decisionTable_2, setEnd, 4]]]></instruction>
        <slimResult><![CDATA[/__VOID__/]]></slimResult>
                <expectation>
          <status>ignored</status>
          <instructionId>decisionTable_2_15</instructionId>
          <col>1</col>
          <row>4</row>
          <type>VoidReturnExpectation</type>
                    <actual><![CDATA[/__VOID__/]]></actual>
                              <expected><![CDATA[4]]></expected>
                              <evaluationMessage><![CDATA[4]]></evaluationMessage>
                  </expectation>
        
      </instructionResult>
            <instructionResult>
        <instruction><![CDATA[[decisionTable_2_16, call, decisionTable_2, setDirection, E]]]></instruction>
        <slimResult><![CDATA[/__VOID__/]]></slimResult>
                <expectation>
          <status>ignored</status>
          <instructionId>decisionTable_2_16</instructionId>
          <col>2</col>
          <row>4</row>
          <type>VoidReturnExpectation</type>
                    <actual><![CDATA[/__VOID__/]]></actual>
                              <expected><![CDATA[E]]></expected>
                              <evaluationMessage><![CDATA[E]]></evaluationMessage>
                  </expectation>
        
      </instructionResult>
            <instructionResult>
        <instruction><![CDATA[[decisionTable_2_17, call, decisionTable_2, execute]]]></instruction>
        <slimResult><![CDATA[/__VOID__/]]></slimResult>
        
      </instructionResult>
            <instructionResult>
        <instruction><![CDATA[[decisionTable_2_18, call, decisionTable_2, reset]]]></instruction>
        <slimResult><![CDATA[__EXCEPTION__:message:<<NO_METHOD_IN_CLASS reset HuntTheWumpusDotNet.fixtures.MakeMap>> fitSharp.Machine.Exception.MemberMissingException: Member 'reset' with 0 parameter(s) not found for type 'HuntTheWumpusDotNet.fixtures.MakeMap'.
   at fitSharp.Machine.Model.TypedValue.ThrowExceptionIfNotValid()
   at fitSharp.Slim.Operators.ExecuteCall.ExecuteOperation(Tree`1 parameters)
   at fitSharp.Slim.Operators.InvokeInstructionBase.Invoke(TypedValue instance, MemberName memberName, Tree`1 parameters)]]></slimResult>
        
      </instructionResult>
            <instructionResult>
        <instruction><![CDATA[[decisionTable_2_19, call, decisionTable_2, setStart, 4]]]></instruction>
        <slimResult><![CDATA[/__VOID__/]]></slimResult>
                <expectation>
          <status>ignored</status>
          <instructionId>decisionTable_2_19</instructionId>
          <col>0</col>
          <row>5</row>
          <type>VoidReturnExpectation</type>
                    <actual><![CDATA[/__VOID__/]]></actual>
                              <expected><![CDATA[4]]></expected>
                              <evaluationMessage><![CDATA[4]]></evaluationMessage>
                  </expectation>
        
      </instructionResult>
            <instructionResult>
        <instruction><![CDATA[[decisionTable_2_20, call, decisionTable_2, setEnd, 5]]]></instruction>
        <slimResult><![CDATA[/__VOID__/]]></slimResult>
                <expectation>
          <status>ignored</status>
          <instructionId>decisionTable_2_20</instructionId>
          <col>1</col>
          <row>5</row>
          <type>VoidReturnExpectation</type>
                    <actual><![CDATA[/__VOID__/]]></actual>
                              <expected><![CDATA[5]]></expected>
                              <evaluationMessage><![CDATA[5]]></evaluationMessage>
                  </expectation>
        
      </instructionResult>
            <instructionResult>
        <instruction><![CDATA[[decisionTable_2_21, call, decisionTable_2, setDirection, E]]]></instruction>
        <slimResult><![CDATA[/__VOID__/]]></slimResult>
                <expectation>
          <status>ignored</status>
          <instructionId>decisionTable_2_21</instructionId>
          <col>2</col>
          <row>5</row>
          <type>VoidReturnExpectation</type>
                    <actual><![CDATA[/__VOID__/]]></actual>
                              <expected><![CDATA[E]]></expected>
                              <evaluationMessage><![CDATA[E]]></evaluationMessage>
                  </expectation>
        
      </instructionResult>
            <instructionResult>
        <instruction><![CDATA[[decisionTable_2_22, call, decisionTable_2, execute]]]></instruction>
        <slimResult><![CDATA[/__VOID__/]]></slimResult>
        
      </instructionResult>
            <instructionResult>
        <instruction><![CDATA[[decisionTable_2_23, call, decisionTable_2, reset]]]></instruction>
        <slimResult><![CDATA[__EXCEPTION__:message:<<NO_METHOD_IN_CLASS reset HuntTheWumpusDotNet.fixtures.MakeMap>> fitSharp.Machine.Exception.MemberMissingException: Member 'reset' with 0 parameter(s) not found for type 'HuntTheWumpusDotNet.fixtures.MakeMap'.
   at fitSharp.Machine.Model.TypedValue.ThrowExceptionIfNotValid()
   at fitSharp.Slim.Operators.ExecuteCall.ExecuteOperation(Tree`1 parameters)
   at fitSharp.Slim.Operators.InvokeInstructionBase.Invoke(TypedValue instance, MemberName memberName, Tree`1 parameters)]]></slimResult>
        
      </instructionResult>
            <instructionResult>
        <instruction><![CDATA[[decisionTable_2_24, call, decisionTable_2, setStart, 6]]]></instruction>
        <slimResult><![CDATA[/__VOID__/]]></slimResult>
                <expectation>
          <status>ignored</status>
          <instructionId>decisionTable_2_24</instructionId>
          <col>0</col>
          <row>6</row>
          <type>VoidReturnExpectation</type>
                    <actual><![CDATA[/__VOID__/]]></actual>
                              <expected><![CDATA[6]]></expected>
                              <evaluationMessage><![CDATA[6]]></evaluationMessage>
                  </expectation>
        
      </instructionResult>
            <instructionResult>
        <instruction><![CDATA[[decisionTable_2_25, call, decisionTable_2, setEnd, 7]]]></instruction>
        <slimResult><![CDATA[/__VOID__/]]></slimResult>
                <expectation>
          <status>ignored</status>
          <instructionId>decisionTable_2_25</instructionId>
          <col>1</col>
          <row>6</row>
          <type>VoidReturnExpectation</type>
                    <actual><![CDATA[/__VOID__/]]></actual>
                              <expected><![CDATA[7]]></expected>
                              <evaluationMessage><![CDATA[7]]></evaluationMessage>
                  </expectation>
        
      </instructionResult>
            <instructionResult>
        <instruction><![CDATA[[decisionTable_2_26, call, decisionTable_2, setDirection, S]]]></instruction>
        <slimResult><![CDATA[/__VOID__/]]></slimResult>
                <expectation>
          <status>ignored</status>
          <instructionId>decisionTable_2_26</instructionId>
          <col>2</col>
          <row>6</row>
          <type>VoidReturnExpectation</type>
                    <actual><![CDATA[/__VOID__/]]></actual>
                              <expected><![CDATA[S]]></expected>
                              <evaluationMessage><![CDATA[S]]></evaluationMessage>
                  </expectation>
        
      </instructionResult>
            <instructionResult>
        <instruction><![CDATA[[decisionTable_2_27, call, decisionTable_2, execute]]]></instruction>
        <slimResult><![CDATA[/__VOID__/]]></slimResult>
        
      </instructionResult>
            <instructionResult>
        <instruction><![CDATA[[decisionTable_2_28, call, decisionTable_2, reset]]]></instruction>
        <slimResult><![CDATA[__EXCEPTION__:message:<<NO_METHOD_IN_CLASS reset HuntTheWumpusDotNet.fixtures.MakeMap>> fitSharp.Machine.Exception.MemberMissingException: Member 'reset' with 0 parameter(s) not found for type 'HuntTheWumpusDotNet.fixtures.MakeMap'.
   at fitSharp.Machine.Model.TypedValue.ThrowExceptionIfNotValid()
   at fitSharp.Slim.Operators.ExecuteCall.ExecuteOperation(Tree`1 parameters)
   at fitSharp.Slim.Operators.InvokeInstructionBase.Invoke(TypedValue instance, MemberName memberName, Tree`1 parameters)]]></slimResult>
        
      </instructionResult>
            <instructionResult>
        <instruction><![CDATA[[decisionTable_2_29, call, decisionTable_2, setStart, 7]]]></instruction>
        <slimResult><![CDATA[/__VOID__/]]></slimResult>
                <expectation>
          <status>ignored</status>
          <instructionId>decisionTable_2_29</instructionId>
          <col>0</col>
          <row>7</row>
          <type>VoidReturnExpectation</type>
                    <actual><![CDATA[/__VOID__/]]></actual>
                              <expected><![CDATA[7]]></expected>
                              <evaluationMessage><![CDATA[7]]></evaluationMessage>
                  </expectation>
        
      </instructionResult>
            <instructionResult>
        <instruction><![CDATA[[decisionTable_2_30, call, decisionTable_2, setEnd, 3]]]></instruction>
        <slimResult><![CDATA[/__VOID__/]]></slimResult>
                <expectation>
          <status>ignored</status>
          <instructionId>decisionTable_2_30</instructionId>
          <col>1</col>
          <row>7</row>
          <type>VoidReturnExpectation</type>
                    <actual><![CDATA[/__VOID__/]]></actual>
                              <expected><![CDATA[3]]></expected>
                              <evaluationMessage><![CDATA[3]]></evaluationMessage>
                  </expectation>
        
      </instructionResult>
            <instructionResult>
        <instruction><![CDATA[[decisionTable_2_31, call, decisionTable_2, setDirection, S]]]></instruction>
        <slimResult><![CDATA[/__VOID__/]]></slimResult>
                <expectation>
          <status>ignored</status>
          <instructionId>decisionTable_2_31</instructionId>
          <col>2</col>
          <row>7</row>
          <type>VoidReturnExpectation</type>
                    <actual><![CDATA[/__VOID__/]]></actual>
                              <expected><![CDATA[S]]></expected>
                              <evaluationMessage><![CDATA[S]]></evaluationMessage>
                  </expectation>
        
      </instructionResult>
            <instructionResult>
        <instruction><![CDATA[[decisionTable_2_32, call, decisionTable_2, execute]]]></instruction>
        <slimResult><![CDATA[/__VOID__/]]></slimResult>
        
      </instructionResult>
            <instructionResult>
        <instruction><![CDATA[[decisionTable_2_33, call, decisionTable_2, reset]]]></instruction>
        <slimResult><![CDATA[__EXCEPTION__:message:<<NO_METHOD_IN_CLASS reset HuntTheWumpusDotNet.fixtures.MakeMap>> fitSharp.Machine.Exception.MemberMissingException: Member 'reset' with 0 parameter(s) not found for type 'HuntTheWumpusDotNet.fixtures.MakeMap'.
   at fitSharp.Machine.Model.TypedValue.ThrowExceptionIfNotValid()
   at fitSharp.Slim.Operators.ExecuteCall.ExecuteOperation(Tree`1 parameters)
   at fitSharp.Slim.Operators.InvokeInstructionBase.Invoke(TypedValue instance, MemberName memberName, Tree`1 parameters)]]></slimResult>
        
      </instructionResult>
            <instructionResult>
        <instruction><![CDATA[[decisionTable_2_34, call, decisionTable_2, setStart, 3]]]></instruction>
        <slimResult><![CDATA[/__VOID__/]]></slimResult>
                <expectation>
          <status>ignored</status>
          <instructionId>decisionTable_2_34</instructionId>
          <col>0</col>
          <row>8</row>
          <type>VoidReturnExpectation</type>
                    <actual><![CDATA[/__VOID__/]]></actual>
                              <expected><![CDATA[3]]></expected>
                              <evaluationMessage><![CDATA[3]]></evaluationMessage>
                  </expectation>
        
      </instructionResult>
            <instructionResult>
        <instruction><![CDATA[[decisionTable_2_35, call, decisionTable_2, setEnd, 8]]]></instruction>
        <slimResult><![CDATA[/__VOID__/]]></slimResult>
                <expectation>
          <status>ignored</status>
          <instructionId>decisionTable_2_35</instructionId>
          <col>1</col>
          <row>8</row>
          <type>VoidReturnExpectation</type>
                    <actual><![CDATA[/__VOID__/]]></actual>
                              <expected><![CDATA[8]]></expected>
                              <evaluationMessage><![CDATA[8]]></evaluationMessage>
                  </expectation>
        
      </instructionResult>
            <instructionResult>
        <instruction><![CDATA[[decisionTable_2_36, call, decisionTable_2, setDirection, S]]]></instruction>
        <slimResult><![CDATA[/__VOID__/]]></slimResult>
                <expectation>
          <status>ignored</status>
          <instructionId>decisionTable_2_36</instructionId>
          <col>2</col>
          <row>8</row>
          <type>VoidReturnExpectation</type>
                    <actual><![CDATA[/__VOID__/]]></actual>
                              <expected><![CDATA[S]]></expected>
                              <evaluationMessage><![CDATA[S]]></evaluationMessage>
                  </expectation>
        
      </instructionResult>
            <instructionResult>
        <instruction><![CDATA[[decisionTable_2_37, call, decisionTable_2, execute]]]></instruction>
        <slimResult><![CDATA[/__VOID__/]]></slimResult>
        
      </instructionResult>
            <instructionResult>
        <instruction><![CDATA[[decisionTable_2_38, call, decisionTable_2, reset]]]></instruction>
        <slimResult><![CDATA[__EXCEPTION__:message:<<NO_METHOD_IN_CLASS reset HuntTheWumpusDotNet.fixtures.MakeMap>> fitSharp.Machine.Exception.MemberMissingException: Member 'reset' with 0 parameter(s) not found for type 'HuntTheWumpusDotNet.fixtures.MakeMap'.
   at fitSharp.Machine.Model.TypedValue.ThrowExceptionIfNotValid()
   at fitSharp.Slim.Operators.ExecuteCall.ExecuteOperation(Tree`1 parameters)
   at fitSharp.Slim.Operators.InvokeInstructionBase.Invoke(TypedValue instance, MemberName memberName, Tree`1 parameters)]]></slimResult>
        
      </instructionResult>
            <instructionResult>
        <instruction><![CDATA[[decisionTable_2_39, call, decisionTable_2, setStart, 8]]]></instruction>
        <slimResult><![CDATA[/__VOID__/]]></slimResult>
                <expectation>
          <status>ignored</status>
          <instructionId>decisionTable_2_39</instructionId>
          <col>0</col>
          <row>9</row>
          <type>VoidReturnExpectation</type>
                    <actual><![CDATA[/__VOID__/]]></actual>
                              <expected><![CDATA[8]]></expected>
                              <evaluationMessage><![CDATA[8]]></evaluationMessage>
                  </expectation>
        
      </instructionResult>
            <instructionResult>
        <instruction><![CDATA[[decisionTable_2_40, call, decisionTable_2, setEnd, 9]]]></instruction>
        <slimResult><![CDATA[/__VOID__/]]></slimResult>
                <expectation>
          <status>ignored</status>
          <instructionId>decisionTable_2_40</instructionId>
          <col>1</col>
          <row>9</row>
          <type>VoidReturnExpectation</type>
                    <actual><![CDATA[/__VOID__/]]></actual>
                              <expected><![CDATA[9]]></expected>
                              <evaluationMessage><![CDATA[9]]></evaluationMessage>
                  </expectation>
        
      </instructionResult>
            <instructionResult>
        <instruction><![CDATA[[decisionTable_2_41, call, decisionTable_2, setDirection, S]]]></instruction>
        <slimResult><![CDATA[/__VOID__/]]></slimResult>
                <expectation>
          <status>ignored</status>
          <instructionId>decisionTable_2_41</instructionId>
          <col>2</col>
          <row>9</row>
          <type>VoidReturnExpectation</type>
                    <actual><![CDATA[/__VOID__/]]></actual>
                              <expected><![CDATA[S]]></expected>
                              <evaluationMessage><![CDATA[S]]></evaluationMessage>
                  </expectation>
        
      </instructionResult>
            <instructionResult>
        <instruction><![CDATA[[decisionTable_2_42, call, decisionTable_2, execute]]]></instruction>
        <slimResult><![CDATA[/__VOID__/]]></slimResult>
        
      </instructionResult>
            <instructionResult>
        <instruction><![CDATA[[decisionTable_2_43, call, decisionTable_2, endTable]]]></instruction>
        <slimResult><![CDATA[__EXCEPTION__:message:<<NO_METHOD_IN_CLASS endtable HuntTheWumpusDotNet.fixtures.MakeMap>> fitSharp.Machine.Exception.MemberMissingException: Member 'endtable' with 0 parameter(s) not found for type 'HuntTheWumpusDotNet.fixtures.MakeMap'.
   at fitSharp.Machine.Model.TypedValue.ThrowExceptionIfNotValid()
   at fitSharp.Slim.Operators.ExecuteCall.ExecuteOperation(Tree`1 parameters)
   at fitSharp.Slim.Operators.InvokeInstructionBase.Invoke(TypedValue instance, MemberName memberName, Tree`1 parameters)]]></slimResult>
        
      </instructionResult>
            <instructionResult>
        <instruction><![CDATA[[decisionTable_3_0, make, decisionTable_3, SetQuiverTo, 5]]]></instruction>
        <slimResult><![CDATA[!error:Could not find class SetQuiverTo]]></slimResult>
                <expectation>
          <status>ignored</status>
          <instructionId>decisionTable_3_0</instructionId>
          <col>0</col>
          <row>0</row>
          <type>ConstructionExpectation</type>
                    <actual><![CDATA[!error:Could not find class SetQuiverTo]]></actual>
                              <expected><![CDATA[<span class="fail">set quiver to: Bad table: <br/><pre>fitnesse.slimTables.SlimTable$SyntaxError: Table has 4 header column(s), but row 2 only has 2 column(s).
	at fitnesse.slimTables.DecisionTable$DecisionTableCaller.checkRow(DecisionTable.java:87)
	at fitnesse.slimTables.DecisionTable$FixtureCaller.invokeRow(DecisionTable.java:136)
	at fitnesse.slimTables.DecisionTable$FixtureCaller.invokeRows(DecisionTable.java:131)
	at fitnesse.slimTables.DecisionTable$FixtureCaller.call(DecisionTable.java:124)
	at fitnesse.slimTables.DecisionTable.appendInstructions(DecisionTable.java:34)
	at fitnesse.slimTables.SlimTable.appendInstructions(SlimTable.java:87)
	at fitnesse.responders.run.slimResponder.SlimTestSystem.createInstructions(SlimTestSystem.java:350)
	at fitnesse.responders.run.slimResponder.SlimTestSystem.processTablesAndGetHtml(SlimTestSystem.java:332)
	at fitnesse.responders.run.slimResponder.SlimTestSystem.processAllTablesOnPage(SlimTestSystem.java:319)
	at fitnesse.responders.run.slimResponder.SlimTestSystem.runTestsAndGenerateHtml(SlimTestSystem.java:258)
	at fitnesse.responders.run.MultipleTestsRunner.executeTestSystemPages(MultipleTestsRunner.java:128)
	at fitnesse.responders.run.MultipleTestsRunner.startTestSystemAndExecutePages(MultipleTestsRunner.java:112)
	at fitnesse.responders.run.MultipleTestsRunner.internalExecuteTestPages(MultipleTestsRunner.java:88)
	at fitnesse.responders.run.MultipleTestsRunner.executeTestPages(MultipleTestsRunner.java:60)
	at fitnesse.responders.run.SuiteResponder.performExecution(SuiteResponder.java:57)
	at fitnesse.responders.run.TestResponder.doExecuteTests(TestResponder.java:72)
	at fitnesse.responders.run.TestResponder$TestExecutor.execute(TestResponder.java:106)
	at sun.reflect.NativeMethodAccessorImpl.invoke0(Native Method)
	at sun.reflect.NativeMethodAccessorImpl.invoke(Unknown Source)
	at sun.reflect.DelegatingMethodAccessorImpl.invoke(Unknown Source)
	at java.lang.reflect.Method.invoke(Unknown Source)
	at org.apache.velocity.util.introspection.UberspectImpl$VelMethodImpl.doInvoke(UberspectImpl.java:395)
	at org.apache.velocity.util.introspection.UberspectImpl$VelMethodImpl.invoke(UberspectImpl.java:384)
	at org.apache.velocity.runtime.parser.node.ASTMethod.execute(ASTMethod.java:173)
	at org.apache.velocity.runtime.parser.node.ASTReference.execute(ASTReference.java:280)
	at org.apache.velocity.runtime.parser.node.ASTReference.render(ASTReference.java:369)
	at org.apache.velocity.runtime.parser.node.SimpleNode.render(SimpleNode.java:342)
	at org.apache.velocity.runtime.directive.Parse.render(Parse.java:260)
	at org.apache.velocity.runtime.parser.node.ASTDirective.render(ASTDirective.java:207)
	at org.apache.velocity.runtime.parser.node.SimpleNode.render(SimpleNode.java:342)
	at org.apache.velocity.Template.merge(Template.java:356)
	at org.apache.velocity.Template.merge(Template.java:260)
	at fitnesse.responders.templateUtilities.HtmlPage.render(HtmlPage.java:80)
	at fitnesse.responders.run.TestResponder.doSending(TestResponder.java:61)
	at fitnesse.responders.ChunkingResponder.startSending(ChunkingResponder.java:66)
	at fitnesse.http.ChunkedResponse.sendTo(ChunkedResponse.java:26)
	at fitnesse.FitNesseExpediter.sendResponse(FitNesseExpediter.java:96)
	at fitnesse.FitNesseExpediter.start(FitNesseExpediter.java:48)
	at fitnesse.FitNesseServer.serve(FitNesseServer.java:24)
	at fitnesse.FitNesseServer.serve(FitNesseServer.java:17)
	at fitnesse.socketservice.SocketService$ServerRunner.run(SocketService.java:109)
	at java.lang.Thread.run(Unknown Source)
</pre></span>]]></expected>
                              <evaluationMessage><![CDATA[<span class="fail">set quiver to: Bad table: <br/><pre>fitnesse.slimTables.SlimTable$SyntaxError: Table has 4 header column(s), but row 2 only has 2 column(s).
	at fitnesse.slimTables.DecisionTable$DecisionTableCaller.checkRow(DecisionTable.java:87)
	at fitnesse.slimTables.DecisionTable$FixtureCaller.invokeRow(DecisionTable.java:136)
	at fitnesse.slimTables.DecisionTable$FixtureCaller.invokeRows(DecisionTable.java:131)
	at fitnesse.slimTables.DecisionTable$FixtureCaller.call(DecisionTable.java:124)
	at fitnesse.slimTables.DecisionTable.appendInstructions(DecisionTable.java:34)
	at fitnesse.slimTables.SlimTable.appendInstructions(SlimTable.java:87)
	at fitnesse.responders.run.slimResponder.SlimTestSystem.createInstructions(SlimTestSystem.java:350)
	at fitnesse.responders.run.slimResponder.SlimTestSystem.processTablesAndGetHtml(SlimTestSystem.java:332)
	at fitnesse.responders.run.slimResponder.SlimTestSystem.processAllTablesOnPage(SlimTestSystem.java:319)
	at fitnesse.responders.run.slimResponder.SlimTestSystem.runTestsAndGenerateHtml(SlimTestSystem.java:258)
	at fitnesse.responders.run.MultipleTestsRunner.executeTestSystemPages(MultipleTestsRunner.java:128)
	at fitnesse.responders.run.MultipleTestsRunner.startTestSystemAndExecutePages(MultipleTestsRunner.java:112)
	at fitnesse.responders.run.MultipleTestsRunner.internalExecuteTestPages(MultipleTestsRunner.java:88)
	at fitnesse.responders.run.MultipleTestsRunner.executeTestPages(MultipleTestsRunner.java:60)
	at fitnesse.responders.run.SuiteResponder.performExecution(SuiteResponder.java:57)
	at fitnesse.responders.run.TestResponder.doExecuteTests(TestResponder.java:72)
	at fitnesse.responders.run.TestResponder$TestExecutor.execute(TestResponder.java:106)
	at sun.reflect.NativeMethodAccessorImpl.invoke0(Native Method)
	at sun.reflect.NativeMethodAccessorImpl.invoke(Unknown Source)
	at sun.reflect.DelegatingMethodAccessorImpl.invoke(Unknown Source)
	at java.lang.reflect.Method.invoke(Unknown Source)
	at org.apache.velocity.util.introspection.UberspectImpl$VelMethodImpl.doInvoke(UberspectImpl.java:395)
	at org.apache.velocity.util.introspection.UberspectImpl$VelMethodImpl.invoke(UberspectImpl.java:384)
	at org.apache.velocity.runtime.parser.node.ASTMethod.execute(ASTMethod.java:173)
	at org.apache.velocity.runtime.parser.node.ASTReference.execute(ASTReference.java:280)
	at org.apache.velocity.runtime.parser.node.ASTReference.render(ASTReference.java:369)
	at org.apache.velocity.runtime.parser.node.SimpleNode.render(SimpleNode.java:342)
	at org.apache.velocity.runtime.directive.Parse.render(Parse.java:260)
	at org.apache.velocity.runtime.parser.node.ASTDirective.render(ASTDirective.java:207)
	at org.apache.velocity.runtime.parser.node.SimpleNode.render(SimpleNode.java:342)
	at org.apache.velocity.Template.merge(Template.java:356)
	at org.apache.velocity.Template.merge(Template.java:260)
	at fitnesse.responders.templateUtilities.HtmlPage.render(HtmlPage.java:80)
	at fitnesse.responders.run.TestResponder.doSending(TestResponder.java:61)
	at fitnesse.responders.ChunkingResponder.startSending(ChunkingResponder.java:66)
	at fitnesse.http.ChunkedResponse.sendTo(ChunkedResponse.java:26)
	at fitnesse.FitNesseExpediter.sendResponse(FitNesseExpediter.java:96)
	at fitnesse.FitNesseExpediter.start(FitNesseExpediter.java:48)
	at fitnesse.FitNesseServer.serve(FitNesseServer.java:24)
	at fitnesse.FitNesseServer.serve(FitNesseServer.java:17)
	at fitnesse.socketservice.SocketService$ServerRunner.run(SocketService.java:109)
	at java.lang.Thread.run(Unknown Source)
</pre></span> <span class="error">Could not find class SetQuiverTo</span>]]></evaluationMessage>
                  </expectation>
        
      </instructionResult>
            <instructionResult>
        <instruction><![CDATA[[decisionTable_3_1, call, decisionTable_3, table, [[put, player, in cavern, 3], [enter command, shoot east], [check, message, The arrow flies away in silence., was printed, true], [check, arrows in quiver, 4], [check, arrows in cavern, 5, 1]]]]]></instruction>
        <slimResult><![CDATA[__EXCEPTION__:message:<<NO_METHOD_IN_CLASS table fitSharp.Slim.Operators.InvokeInstructionBase+NullInstance>> fitSharp.Machine.Exception.MemberMissingException: Member 'table' with 1 parameter(s) not found for type 'fitSharp.Slim.Operators.InvokeInstructionBase+NullInstance'.
   at fitSharp.Machine.Model.TypedValue.ThrowExceptionIfNotValid()
   at fitSharp.Slim.Operators.ExecuteCall.ExecuteOperation(Tree`1 parameters)
   at fitSharp.Slim.Operators.InvokeInstructionBase.Invoke(TypedValue instance, MemberName memberName, Tree`1 parameters)]]></slimResult>
                <expectation>
          <status>ignored</status>
          <instructionId>decisionTable_3_1</instructionId>
          <col>1</col>
          <row>0</row>
          <type>VoidReturnExpectation</type>
                    <actual><![CDATA[__EXCEPTION__:message:<<NO_METHOD_IN_CLASS table fitSharp.Slim.Operators.InvokeInstructionBase+NullInstance>> fitSharp.Machine.Exception.MemberMissingException: Member 'table' with 1 parameter(s) not found for type 'fitSharp.Slim.Operators.InvokeInstructionBase+NullInstance'.
   at fitSharp.Machine.Model.TypedValue.ThrowExceptionIfNotValid()
   at fitSharp.Slim.Operators.ExecuteCall.ExecuteOperation(Tree`1 parameters)
   at fitSharp.Slim.Operators.InvokeInstructionBase.Invoke(TypedValue instance, MemberName memberName, Tree`1 parameters)]]></actual>
                              <expected><![CDATA[5]]></expected>
                              <evaluationMessage><![CDATA[5]]></evaluationMessage>
                  </expectation>
        
      </instructionResult>
            <instructionResult>
        <instruction><![CDATA[[decisionTable_3_2, call, decisionTable_3, beginTable]]]></instruction>
        <slimResult><![CDATA[__EXCEPTION__:message:<<NO_METHOD_IN_CLASS begintable fitSharp.Slim.Operators.InvokeInstructionBase+NullInstance>> fitSharp.Machine.Exception.MemberMissingException: Member 'begintable' with 0 parameter(s) not found for type 'fitSharp.Slim.Operators.InvokeInstructionBase+NullInstance'.
   at fitSharp.Machine.Model.TypedValue.ThrowExceptionIfNotValid()
   at fitSharp.Slim.Operators.ExecuteCall.ExecuteOperation(Tree`1 parameters)
   at fitSharp.Slim.Operators.InvokeInstructionBase.Invoke(TypedValue instance, MemberName memberName, Tree`1 parameters)]]></slimResult>
        
      </instructionResult>
            <instructionResult>
        <instruction><![CDATA[[decisionTable_4_0, make, decisionTable_4, EnterCommand, shoot south]]]></instruction>
        <slimResult><![CDATA[!error:Could not find class EnterCommand]]></slimResult>
                <expectation>
          <status>ignored</status>
          <instructionId>decisionTable_4_0</instructionId>
          <col>0</col>
          <row>0</row>
          <type>ConstructionExpectation</type>
                    <actual><![CDATA[!error:Could not find class EnterCommand]]></actual>
                              <expected><![CDATA[enter command]]></expected>
                              <evaluationMessage><![CDATA[enter command error(Could not find class EnterCommand)]]></evaluationMessage>
                  </expectation>
        
      </instructionResult>
            <instructionResult>
        <instruction><![CDATA[[decisionTable_4_1, call, decisionTable_4, table, [[check, arrows in quiver, 3], [check, arrows in cavern, 9, 1]]]]]></instruction>
        <slimResult><![CDATA[__EXCEPTION__:message:<<NO_METHOD_IN_CLASS table fitSharp.Slim.Operators.InvokeInstructionBase+NullInstance>> fitSharp.Machine.Exception.MemberMissingException: Member 'table' with 1 parameter(s) not found for type 'fitSharp.Slim.Operators.InvokeInstructionBase+NullInstance'.
   at fitSharp.Machine.Model.TypedValue.ThrowExceptionIfNotValid()
   at fitSharp.Slim.Operators.ExecuteCall.ExecuteOperation(Tree`1 parameters)
   at fitSharp.Slim.Operators.InvokeInstructionBase.Invoke(TypedValue instance, MemberName memberName, Tree`1 parameters)]]></slimResult>
                <expectation>
          <status>ignored</status>
          <instructionId>decisionTable_4_1</instructionId>
          <col>1</col>
          <row>0</row>
          <type>VoidReturnExpectation</type>
                    <actual><![CDATA[__EXCEPTION__:message:<<NO_METHOD_IN_CLASS table fitSharp.Slim.Operators.InvokeInstructionBase+NullInstance>> fitSharp.Machine.Exception.MemberMissingException: Member 'table' with 1 parameter(s) not found for type 'fitSharp.Slim.Operators.InvokeInstructionBase+NullInstance'.
   at fitSharp.Machine.Model.TypedValue.ThrowExceptionIfNotValid()
   at fitSharp.Slim.Operators.ExecuteCall.ExecuteOperation(Tree`1 parameters)
   at fitSharp.Slim.Operators.InvokeInstructionBase.Invoke(TypedValue instance, MemberName memberName, Tree`1 parameters)]]></actual>
                              <expected><![CDATA[shoot south]]></expected>
                              <evaluationMessage><![CDATA[shoot south]]></evaluationMessage>
                  </expectation>
        
      </instructionResult>
            <instructionResult>
        <instruction><![CDATA[[decisionTable_4_2, call, decisionTable_4, beginTable]]]></instruction>
        <slimResult><![CDATA[__EXCEPTION__:message:<<NO_METHOD_IN_CLASS begintable fitSharp.Slim.Operators.InvokeInstructionBase+NullInstance>> fitSharp.Machine.Exception.MemberMissingException: Member 'begintable' with 0 parameter(s) not found for type 'fitSharp.Slim.Operators.InvokeInstructionBase+NullInstance'.
   at fitSharp.Machine.Model.TypedValue.ThrowExceptionIfNotValid()
   at fitSharp.Slim.Operators.ExecuteCall.ExecuteOperation(Tree`1 parameters)
   at fitSharp.Slim.Operators.InvokeInstructionBase.Invoke(TypedValue instance, MemberName memberName, Tree`1 parameters)]]></slimResult>
        
      </instructionResult>
            <instructionResult>
        <instruction><![CDATA[[decisionTable_4_3, call, decisionTable_4, reset]]]></instruction>
        <slimResult><![CDATA[__EXCEPTION__:message:<<NO_METHOD_IN_CLASS reset fitSharp.Slim.Operators.InvokeInstructionBase+NullInstance>> fitSharp.Machine.Exception.MemberMissingException: Member 'reset' with 0 parameter(s) not found for type 'fitSharp.Slim.Operators.InvokeInstructionBase+NullInstance'.
   at fitSharp.Machine.Model.TypedValue.ThrowExceptionIfNotValid()
   at fitSharp.Slim.Operators.ExecuteCall.ExecuteOperation(Tree`1 parameters)
   at fitSharp.Slim.Operators.InvokeInstructionBase.Invoke(TypedValue instance, MemberName memberName, Tree`1 parameters)]]></slimResult>
        
      </instructionResult>
            <instructionResult>
        <instruction><![CDATA[[decisionTable_4_4, call, decisionTable_4, setCheck, check]]]></instruction>
        <slimResult><![CDATA[!error:Method setcheck not found in fitSharp.Slim.Operators.InvokeInstructionBase+NullInstance]]></slimResult>
                <expectation>
          <status>ignored</status>
          <instructionId>decisionTable_4_4</instructionId>
          <col>0</col>
          <row>2</row>
          <type>VoidReturnExpectation</type>
                    <actual><![CDATA[!error:Method setcheck not found in fitSharp.Slim.Operators.InvokeInstructionBase+NullInstance]]></actual>
                              <expected><![CDATA[check]]></expected>
                              <evaluationMessage><![CDATA[check error(Method setcheck not found in fitSharp.Slim.Operators.InvokeInstructionBase+NullInstance)]]></evaluationMessage>
                  </expectation>
        
      </instructionResult>
            <instructionResult>
        <instruction><![CDATA[[decisionTable_4_5, call, decisionTable_4, setArrowsInQuiver, arrows in cavern]]]></instruction>
        <slimResult><![CDATA[!error:Method setarrowsinquiver not found in fitSharp.Slim.Operators.InvokeInstructionBase+NullInstance]]></slimResult>
                <expectation>
          <status>ignored</status>
          <instructionId>decisionTable_4_5</instructionId>
          <col>1</col>
          <row>2</row>
          <type>VoidReturnExpectation</type>
                    <actual><![CDATA[!error:Method setarrowsinquiver not found in fitSharp.Slim.Operators.InvokeInstructionBase+NullInstance]]></actual>
                              <expected><![CDATA[arrows in cavern]]></expected>
                              <evaluationMessage><![CDATA[arrows in cavern error(Method setarrowsinquiver not found in fitSharp.Slim.Operators.InvokeInstructionBase+NullInstance)]]></evaluationMessage>
                  </expectation>
        
      </instructionResult>
            <instructionResult>
        <instruction><![CDATA[[decisionTable_4_6, call, decisionTable_4, set3, 9]]]></instruction>
        <slimResult><![CDATA[!error:Method set3 not found in fitSharp.Slim.Operators.InvokeInstructionBase+NullInstance]]></slimResult>
                <expectation>
          <status>ignored</status>
          <instructionId>decisionTable_4_6</instructionId>
          <col>2</col>
          <row>2</row>
          <type>VoidReturnExpectation</type>
                    <actual><![CDATA[!error:Method set3 not found in fitSharp.Slim.Operators.InvokeInstructionBase+NullInstance]]></actual>
                              <expected><![CDATA[9]]></expected>
                              <evaluationMessage><![CDATA[9 error(Method set3 not found in fitSharp.Slim.Operators.InvokeInstructionBase+NullInstance)]]></evaluationMessage>
                  </expectation>
        
      </instructionResult>
            <instructionResult>
        <instruction><![CDATA[[decisionTable_4_7, call, decisionTable_4, execute]]]></instruction>
        <slimResult><![CDATA[__EXCEPTION__:message:<<NO_METHOD_IN_CLASS execute fitSharp.Slim.Operators.InvokeInstructionBase+NullInstance>> fitSharp.Machine.Exception.MemberMissingException: Member 'execute' with 0 parameter(s) not found for type 'fitSharp.Slim.Operators.InvokeInstructionBase+NullInstance'.
   at fitSharp.Machine.Model.TypedValue.ThrowExceptionIfNotValid()
   at fitSharp.Slim.Operators.ExecuteCall.ExecuteOperation(Tree`1 parameters)
   at fitSharp.Slim.Operators.InvokeInstructionBase.Invoke(TypedValue instance, MemberName memberName, Tree`1 parameters)]]></slimResult>
        
      </instructionResult>
            <instructionResult>
        <instruction><![CDATA[[decisionTable_4_8, call, decisionTable_4, endTable]]]></instruction>
        <slimResult><![CDATA[__EXCEPTION__:message:<<NO_METHOD_IN_CLASS endtable fitSharp.Slim.Operators.InvokeInstructionBase+NullInstance>> fitSharp.Machine.Exception.MemberMissingException: Member 'endtable' with 0 parameter(s) not found for type 'fitSharp.Slim.Operators.InvokeInstructionBase+NullInstance'.
   at fitSharp.Machine.Model.TypedValue.ThrowExceptionIfNotValid()
   at fitSharp.Slim.Operators.ExecuteCall.ExecuteOperation(Tree`1 parameters)
   at fitSharp.Slim.Operators.InvokeInstructionBase.Invoke(TypedValue instance, MemberName memberName, Tree`1 parameters)]]></slimResult>
        
      </instructionResult>
            <instructionResult>
        <instruction><![CDATA[[decisionTable_5_0, make, decisionTable_5, EnterCommand, shoot west]]]></instruction>
        <slimResult><![CDATA[!error:Could not find class EnterCommand]]></slimResult>
                <expectation>
          <status>ignored</status>
          <instructionId>decisionTable_5_0</instructionId>
          <col>0</col>
          <row>0</row>
          <type>ConstructionExpectation</type>
                    <actual><![CDATA[!error:Could not find class EnterCommand]]></actual>
                              <expected><![CDATA[enter command]]></expected>
                              <evaluationMessage><![CDATA[enter command error(Could not find class EnterCommand)]]></evaluationMessage>
                  </expectation>
        
      </instructionResult>
            <instructionResult>
        <instruction><![CDATA[[decisionTable_5_1, call, decisionTable_5, table, [[check, arrows in quiver, 2], [check, arrows in cavern, 1, 1]]]]]></instruction>
        <slimResult><![CDATA[__EXCEPTION__:message:<<NO_METHOD_IN_CLASS table fitSharp.Slim.Operators.InvokeInstructionBase+NullInstance>> fitSharp.Machine.Exception.MemberMissingException: Member 'table' with 1 parameter(s) not found for type 'fitSharp.Slim.Operators.InvokeInstructionBase+NullInstance'.
   at fitSharp.Machine.Model.TypedValue.ThrowExceptionIfNotValid()
   at fitSharp.Slim.Operators.ExecuteCall.ExecuteOperation(Tree`1 parameters)
   at fitSharp.Slim.Operators.InvokeInstructionBase.Invoke(TypedValue instance, MemberName memberName, Tree`1 parameters)]]></slimResult>
                <expectation>
          <status>ignored</status>
          <instructionId>decisionTable_5_1</instructionId>
          <col>1</col>
          <row>0</row>
          <type>VoidReturnExpectation</type>
                    <actual><![CDATA[__EXCEPTION__:message:<<NO_METHOD_IN_CLASS table fitSharp.Slim.Operators.InvokeInstructionBase+NullInstance>> fitSharp.Machine.Exception.MemberMissingException: Member 'table' with 1 parameter(s) not found for type 'fitSharp.Slim.Operators.InvokeInstructionBase+NullInstance'.
   at fitSharp.Machine.Model.TypedValue.ThrowExceptionIfNotValid()
   at fitSharp.Slim.Operators.ExecuteCall.ExecuteOperation(Tree`1 parameters)
   at fitSharp.Slim.Operators.InvokeInstructionBase.Invoke(TypedValue instance, MemberName memberName, Tree`1 parameters)]]></actual>
                              <expected><![CDATA[shoot west]]></expected>
                              <evaluationMessage><![CDATA[shoot west]]></evaluationMessage>
                  </expectation>
        
      </instructionResult>
            <instructionResult>
        <instruction><![CDATA[[decisionTable_5_2, call, decisionTable_5, beginTable]]]></instruction>
        <slimResult><![CDATA[__EXCEPTION__:message:<<NO_METHOD_IN_CLASS begintable fitSharp.Slim.Operators.InvokeInstructionBase+NullInstance>> fitSharp.Machine.Exception.MemberMissingException: Member 'begintable' with 0 parameter(s) not found for type 'fitSharp.Slim.Operators.InvokeInstructionBase+NullInstance'.
   at fitSharp.Machine.Model.TypedValue.ThrowExceptionIfNotValid()
   at fitSharp.Slim.Operators.ExecuteCall.ExecuteOperation(Tree`1 parameters)
   at fitSharp.Slim.Operators.InvokeInstructionBase.Invoke(TypedValue instance, MemberName memberName, Tree`1 parameters)]]></slimResult>
        
      </instructionResult>
            <instructionResult>
        <instruction><![CDATA[[decisionTable_5_3, call, decisionTable_5, reset]]]></instruction>
        <slimResult><![CDATA[__EXCEPTION__:message:<<NO_METHOD_IN_CLASS reset fitSharp.Slim.Operators.InvokeInstructionBase+NullInstance>> fitSharp.Machine.Exception.MemberMissingException: Member 'reset' with 0 parameter(s) not found for type 'fitSharp.Slim.Operators.InvokeInstructionBase+NullInstance'.
   at fitSharp.Machine.Model.TypedValue.ThrowExceptionIfNotValid()
   at fitSharp.Slim.Operators.ExecuteCall.ExecuteOperation(Tree`1 parameters)
   at fitSharp.Slim.Operators.InvokeInstructionBase.Invoke(TypedValue instance, MemberName memberName, Tree`1 parameters)]]></slimResult>
        
      </instructionResult>
            <instructionResult>
        <instruction><![CDATA[[decisionTable_5_4, call, decisionTable_5, setCheck, check]]]></instruction>
        <slimResult><![CDATA[!error:Method setcheck not found in fitSharp.Slim.Operators.InvokeInstructionBase+NullInstance]]></slimResult>
                <expectation>
          <status>ignored</status>
          <instructionId>decisionTable_5_4</instructionId>
          <col>0</col>
          <row>2</row>
          <type>VoidReturnExpectation</type>
                    <actual><![CDATA[!error:Method setcheck not found in fitSharp.Slim.Operators.InvokeInstructionBase+NullInstance]]></actual>
                              <expected><![CDATA[check]]></expected>
                              <evaluationMessage><![CDATA[check error(Method setcheck not found in fitSharp.Slim.Operators.InvokeInstructionBase+NullInstance)]]></evaluationMessage>
                  </expectation>
        
      </instructionResult>
            <instructionResult>
        <instruction><![CDATA[[decisionTable_5_5, call, decisionTable_5, setArrowsInQuiver, arrows in cavern]]]></instruction>
        <slimResult><![CDATA[!error:Method setarrowsinquiver not found in fitSharp.Slim.Operators.InvokeInstructionBase+NullInstance]]></slimResult>
                <expectation>
          <status>ignored</status>
          <instructionId>decisionTable_5_5</instructionId>
          <col>1</col>
          <row>2</row>
          <type>VoidReturnExpectation</type>
                    <actual><![CDATA[!error:Method setarrowsinquiver not found in fitSharp.Slim.Operators.InvokeInstructionBase+NullInstance]]></actual>
                              <expected><![CDATA[arrows in cavern]]></expected>
                              <evaluationMessage><![CDATA[arrows in cavern error(Method setarrowsinquiver not found in fitSharp.Slim.Operators.InvokeInstructionBase+NullInstance)]]></evaluationMessage>
                  </expectation>
        
      </instructionResult>
            <instructionResult>
        <instruction><![CDATA[[decisionTable_5_6, call, decisionTable_5, set2, 1]]]></instruction>
        <slimResult><![CDATA[!error:Method set2 not found in fitSharp.Slim.Operators.InvokeInstructionBase+NullInstance]]></slimResult>
                <expectation>
          <status>ignored</status>
          <instructionId>decisionTable_5_6</instructionId>
          <col>2</col>
          <row>2</row>
          <type>VoidReturnExpectation</type>
                    <actual><![CDATA[!error:Method set2 not found in fitSharp.Slim.Operators.InvokeInstructionBase+NullInstance]]></actual>
                              <expected><![CDATA[1]]></expected>
                              <evaluationMessage><![CDATA[1 error(Method set2 not found in fitSharp.Slim.Operators.InvokeInstructionBase+NullInstance)]]></evaluationMessage>
                  </expectation>
        
      </instructionResult>
            <instructionResult>
        <instruction><![CDATA[[decisionTable_5_7, call, decisionTable_5, execute]]]></instruction>
        <slimResult><![CDATA[__EXCEPTION__:message:<<NO_METHOD_IN_CLASS execute fitSharp.Slim.Operators.InvokeInstructionBase+NullInstance>> fitSharp.Machine.Exception.MemberMissingException: Member 'execute' with 0 parameter(s) not found for type 'fitSharp.Slim.Operators.InvokeInstructionBase+NullInstance'.
   at fitSharp.Machine.Model.TypedValue.ThrowExceptionIfNotValid()
   at fitSharp.Slim.Operators.ExecuteCall.ExecuteOperation(Tree`1 parameters)
   at fitSharp.Slim.Operators.InvokeInstructionBase.Invoke(TypedValue instance, MemberName memberName, Tree`1 parameters)]]></slimResult>
        
      </instructionResult>
            <instructionResult>
        <instruction><![CDATA[[decisionTable_5_8, call, decisionTable_5, endTable]]]></instruction>
        <slimResult><![CDATA[__EXCEPTION__:message:<<NO_METHOD_IN_CLASS endtable fitSharp.Slim.Operators.InvokeInstructionBase+NullInstance>> fitSharp.Machine.Exception.MemberMissingException: Member 'endtable' with 0 parameter(s) not found for type 'fitSharp.Slim.Operators.InvokeInstructionBase+NullInstance'.
   at fitSharp.Machine.Model.TypedValue.ThrowExceptionIfNotValid()
   at fitSharp.Slim.Operators.ExecuteCall.ExecuteOperation(Tree`1 parameters)
   at fitSharp.Slim.Operators.InvokeInstructionBase.Invoke(TypedValue instance, MemberName memberName, Tree`1 parameters)]]></slimResult>
        
      </instructionResult>
            <instructionResult>
        <instruction><![CDATA[[decisionTable_6_0, make, decisionTable_6, EnterCommand, shoot north]]]></instruction>
        <slimResult><![CDATA[!error:Could not find class EnterCommand]]></slimResult>
                <expectation>
          <status>ignored</status>
          <instructionId>decisionTable_6_0</instructionId>
          <col>0</col>
          <row>0</row>
          <type>ConstructionExpectation</type>
                    <actual><![CDATA[!error:Could not find class EnterCommand]]></actual>
                              <expected><![CDATA[enter command]]></expected>
                              <evaluationMessage><![CDATA[enter command error(Could not find class EnterCommand)]]></evaluationMessage>
                  </expectation>
        
      </instructionResult>
            <instructionResult>
        <instruction><![CDATA[[decisionTable_6_1, call, decisionTable_6, table, [[check, arrows in quiver, 1], [check, arrows in cavern, 6, 1]]]]]></instruction>
        <slimResult><![CDATA[__EXCEPTION__:message:<<NO_METHOD_IN_CLASS table fitSharp.Slim.Operators.InvokeInstructionBase+NullInstance>> fitSharp.Machine.Exception.MemberMissingException: Member 'table' with 1 parameter(s) not found for type 'fitSharp.Slim.Operators.InvokeInstructionBase+NullInstance'.
   at fitSharp.Machine.Model.TypedValue.ThrowExceptionIfNotValid()
   at fitSharp.Slim.Operators.ExecuteCall.ExecuteOperation(Tree`1 parameters)
   at fitSharp.Slim.Operators.InvokeInstructionBase.Invoke(TypedValue instance, MemberName memberName, Tree`1 parameters)]]></slimResult>
                <expectation>
          <status>ignored</status>
          <instructionId>decisionTable_6_1</instructionId>
          <col>1</col>
          <row>0</row>
          <type>VoidReturnExpectation</type>
                    <actual><![CDATA[__EXCEPTION__:message:<<NO_METHOD_IN_CLASS table fitSharp.Slim.Operators.InvokeInstructionBase+NullInstance>> fitSharp.Machine.Exception.MemberMissingException: Member 'table' with 1 parameter(s) not found for type 'fitSharp.Slim.Operators.InvokeInstructionBase+NullInstance'.
   at fitSharp.Machine.Model.TypedValue.ThrowExceptionIfNotValid()
   at fitSharp.Slim.Operators.ExecuteCall.ExecuteOperation(Tree`1 parameters)
   at fitSharp.Slim.Operators.InvokeInstructionBase.Invoke(TypedValue instance, MemberName memberName, Tree`1 parameters)]]></actual>
                              <expected><![CDATA[shoot north]]></expected>
                              <evaluationMessage><![CDATA[shoot north]]></evaluationMessage>
                  </expectation>
        
      </instructionResult>
            <instructionResult>
        <instruction><![CDATA[[decisionTable_6_2, call, decisionTable_6, beginTable]]]></instruction>
        <slimResult><![CDATA[__EXCEPTION__:message:<<NO_METHOD_IN_CLASS begintable fitSharp.Slim.Operators.InvokeInstructionBase+NullInstance>> fitSharp.Machine.Exception.MemberMissingException: Member 'begintable' with 0 parameter(s) not found for type 'fitSharp.Slim.Operators.InvokeInstructionBase+NullInstance'.
   at fitSharp.Machine.Model.TypedValue.ThrowExceptionIfNotValid()
   at fitSharp.Slim.Operators.ExecuteCall.ExecuteOperation(Tree`1 parameters)
   at fitSharp.Slim.Operators.InvokeInstructionBase.Invoke(TypedValue instance, MemberName memberName, Tree`1 parameters)]]></slimResult>
        
      </instructionResult>
            <instructionResult>
        <instruction><![CDATA[[decisionTable_6_3, call, decisionTable_6, reset]]]></instruction>
        <slimResult><![CDATA[__EXCEPTION__:message:<<NO_METHOD_IN_CLASS reset fitSharp.Slim.Operators.InvokeInstructionBase+NullInstance>> fitSharp.Machine.Exception.MemberMissingException: Member 'reset' with 0 parameter(s) not found for type 'fitSharp.Slim.Operators.InvokeInstructionBase+NullInstance'.
   at fitSharp.Machine.Model.TypedValue.ThrowExceptionIfNotValid()
   at fitSharp.Slim.Operators.ExecuteCall.ExecuteOperation(Tree`1 parameters)
   at fitSharp.Slim.Operators.InvokeInstructionBase.Invoke(TypedValue instance, MemberName memberName, Tree`1 parameters)]]></slimResult>
        
      </instructionResult>
            <instructionResult>
        <instruction><![CDATA[[decisionTable_6_4, call, decisionTable_6, setCheck, check]]]></instruction>
        <slimResult><![CDATA[!error:Method setcheck not found in fitSharp.Slim.Operators.InvokeInstructionBase+NullInstance]]></slimResult>
                <expectation>
          <status>ignored</status>
          <instructionId>decisionTable_6_4</instructionId>
          <col>0</col>
          <row>2</row>
          <type>VoidReturnExpectation</type>
                    <actual><![CDATA[!error:Method setcheck not found in fitSharp.Slim.Operators.InvokeInstructionBase+NullInstance]]></actual>
                              <expected><![CDATA[check]]></expected>
                              <evaluationMessage><![CDATA[check error(Method setcheck not found in fitSharp.Slim.Operators.InvokeInstructionBase+NullInstance)]]></evaluationMessage>
                  </expectation>
        
      </instructionResult>
            <instructionResult>
        <instruction><![CDATA[[decisionTable_6_5, call, decisionTable_6, setArrowsInQuiver, arrows in cavern]]]></instruction>
        <slimResult><![CDATA[!error:Method setarrowsinquiver not found in fitSharp.Slim.Operators.InvokeInstructionBase+NullInstance]]></slimResult>
                <expectation>
          <status>ignored</status>
          <instructionId>decisionTable_6_5</instructionId>
          <col>1</col>
          <row>2</row>
          <type>VoidReturnExpectation</type>
                    <actual><![CDATA[!error:Method setarrowsinquiver not found in fitSharp.Slim.Operators.InvokeInstructionBase+NullInstance]]></actual>
                              <expected><![CDATA[arrows in cavern]]></expected>
                              <evaluationMessage><![CDATA[arrows in cavern error(Method setarrowsinquiver not found in fitSharp.Slim.Operators.InvokeInstructionBase+NullInstance)]]></evaluationMessage>
                  </expectation>
        
      </instructionResult>
            <instructionResult>
        <instruction><![CDATA[[decisionTable_6_6, call, decisionTable_6, set1, 6]]]></instruction>
        <slimResult><![CDATA[!error:Method set1 not found in fitSharp.Slim.Operators.InvokeInstructionBase+NullInstance]]></slimResult>
                <expectation>
          <status>ignored</status>
          <instructionId>decisionTable_6_6</instructionId>
          <col>2</col>
          <row>2</row>
          <type>VoidReturnExpectation</type>
                    <actual><![CDATA[!error:Method set1 not found in fitSharp.Slim.Operators.InvokeInstructionBase+NullInstance]]></actual>
                              <expected><![CDATA[6]]></expected>
                              <evaluationMessage><![CDATA[6 error(Method set1 not found in fitSharp.Slim.Operators.InvokeInstructionBase+NullInstance)]]></evaluationMessage>
                  </expectation>
        
      </instructionResult>
            <instructionResult>
        <instruction><![CDATA[[decisionTable_6_7, call, decisionTable_6, execute]]]></instruction>
        <slimResult><![CDATA[__EXCEPTION__:message:<<NO_METHOD_IN_CLASS execute fitSharp.Slim.Operators.InvokeInstructionBase+NullInstance>> fitSharp.Machine.Exception.MemberMissingException: Member 'execute' with 0 parameter(s) not found for type 'fitSharp.Slim.Operators.InvokeInstructionBase+NullInstance'.
   at fitSharp.Machine.Model.TypedValue.ThrowExceptionIfNotValid()
   at fitSharp.Slim.Operators.ExecuteCall.ExecuteOperation(Tree`1 parameters)
   at fitSharp.Slim.Operators.InvokeInstructionBase.Invoke(TypedValue instance, MemberName memberName, Tree`1 parameters)]]></slimResult>
        
      </instructionResult>
            <instructionResult>
        <instruction><![CDATA[[decisionTable_6_8, call, decisionTable_6, endTable]]]></instruction>
        <slimResult><![CDATA[__EXCEPTION__:message:<<NO_METHOD_IN_CLASS endtable fitSharp.Slim.Operators.InvokeInstructionBase+NullInstance>> fitSharp.Machine.Exception.MemberMissingException: Member 'endtable' with 0 parameter(s) not found for type 'fitSharp.Slim.Operators.InvokeInstructionBase+NullInstance'.
   at fitSharp.Machine.Model.TypedValue.ThrowExceptionIfNotValid()
   at fitSharp.Slim.Operators.ExecuteCall.ExecuteOperation(Tree`1 parameters)
   at fitSharp.Slim.Operators.InvokeInstructionBase.Invoke(TypedValue instance, MemberName memberName, Tree`1 parameters)]]></slimResult>
        
      </instructionResult>
      
    </instructions>
    
  </result>
  
    <finalCounts>
    <right>0</right>
    <wrong>0</wrong>
    <ignores>0</ignores>
    <exceptions>0</exceptions>
  </finalCounts>
  <totalRunTimeInMillis>0</totalRunTimeInMillis>
  
</testResults>

