<?xml version="1.0"?>
<testResults>
  <FitNesseVersion>v20121220</FitNesseVersion>
  <rootPath>BatTransportRandomly</rootPath>
    <result>
    <counts>
      <right>0</right>
      <wrong>0</wrong>
      <ignores>0</ignores>
      <exceptions>22</exceptions>
    </counts>
    <runTimeInMillis>28</runTimeInMillis>
    <content><![CDATA[<div class="collapsible closed"><ul><li><a href='#' class='expandall'>Expand All</a></li><li><a href='#' class='collapseall'>Collapse All</a></li></ul>
	<p class="title">Precompiled Libraries</p>
	<div><br/></div>
</div>
<br/><div class="collapsible closed"><ul><li><a href='#' class='expandall'>Expand All</a></li><li><a href='#' class='collapseall'>Collapse All</a></li></ul>
	<p class="title">Included page: <a href="HuntTheWumpus.SetUp">.HuntTheWumpus.SetUp</a> <a href="HuntTheWumpus.SetUp?edit&amp;redirectToReferer=true&amp;redirectAction=" class="edit">(edit)</a></p>
	<div><table _TABLENUMBER=5143279546494512285>
	<tr>
		<td>Import</td>
	</tr>
	<tr>
		<td>HuntTheWumpusDotNet.fixtures</td>
	</tr>
</table>
<br/><table _TABLENUMBER=8099986155167412136>
	<tr>
		<td>script</td>
		<td><span class="pass">HuntTheWumpusDotNet.fixtures.GameDriver</span></td>
	</tr>
</table>
</div>
</div>
<br/>Make sure the Bats transport randomly.<br/><br/>use a tiny cross map<br/><pre>
   [4]
[1][2][3]
   [5]
</pre>
<br/><br/><table _TABLENUMBER=4037560282464997629>
	<tr>
		<td colspan="3"><span class="pass">Make map.</span></td>
	</tr>
	<tr>
		<td>start</td>
		<td>end</td>
		<td>direction</td>
	</tr>
	<tr>
		<td>1</td>
		<td>2</td>
		<td>E</td>
	</tr>
	<tr>
		<td>2</td>
		<td>3</td>
		<td>E</td>
	</tr>
	<tr>
		<td>4</td>
		<td>2</td>
		<td>S</td>
	</tr>
	<tr>
		<td>2</td>
		<td>5</td>
		<td>S</td>
	</tr>
</table>
<br/>Use the <i>Check random bat transport</i> fixture.  It looks a lot like the <i>Check random wumpus movement</i> fixture.  It puts the bats in cavern 2, and then repeats the following 1000 times.  <br/><ol>
	<li>put player in cavern 1</li>
	<li>move east</li>
	<li>count the cavern the player winds up in.</li>
</ol>
 <br/><table _TABLENUMBER=5271147614613913127>
	<tr>
		<td colspan="2">Check random bat transport <span class="error">Could not find class CheckRandomBatTransport</span></td>
	</tr>
	<tr>
		<td>cavern</td>
		<td>count?</td>
	</tr>
	<tr>
		<td>1 <span class="error">Method setcavern not found in fitSharp.Slim.Operators.InvokeInstructionBase+NullInstance</span></td>
		<td>&gt;200 <span class="error">Method count not found in fitSharp.Slim.Operators.InvokeInstructionBase+NullInstance</span></td>
	</tr>
	<tr>
		<td>2 <span class="error">Method setcavern not found in fitSharp.Slim.Operators.InvokeInstructionBase+NullInstance</span></td>
		<td>0 <span class="error">Method count not found in fitSharp.Slim.Operators.InvokeInstructionBase+NullInstance</span></td>
	</tr>
	<tr>
		<td>3 <span class="error">Method setcavern not found in fitSharp.Slim.Operators.InvokeInstructionBase+NullInstance</span></td>
		<td>&gt;200 <span class="error">Method count not found in fitSharp.Slim.Operators.InvokeInstructionBase+NullInstance</span></td>
	</tr>
	<tr>
		<td>4 <span class="error">Method setcavern not found in fitSharp.Slim.Operators.InvokeInstructionBase+NullInstance</span></td>
		<td>&gt;200 <span class="error">Method count not found in fitSharp.Slim.Operators.InvokeInstructionBase+NullInstance</span></td>
	</tr>
	<tr>
		<td>5 <span class="error">Method setcavern not found in fitSharp.Slim.Operators.InvokeInstructionBase+NullInstance</span></td>
		<td>&gt;200 <span class="error">Method count not found in fitSharp.Slim.Operators.InvokeInstructionBase+NullInstance</span></td>
	</tr>
</table>
<br/>]]></content>
    <relativePageName>BatTransportRandomly</relativePageName>
    
        <tables>
            <table>
        <name>import_0</name>
                <row>
                    <col><![CDATA[Import]]></col>
          
        </row>
                <row>
                    <col><![CDATA[HuntTheWumpusDotNet.fixtures]]></col>
          
        </row>
        
      </table>
            <table>
        <name>scriptTable_1</name>
                <row>
                    <col><![CDATA[script]]></col>
                    <col><![CDATA[pass(HuntTheWumpusDotNet.fixtures.GameDriver)]]></col>
          
        </row>
        
      </table>
            <table>
        <name>decisionTable_2</name>
                <row>
                    <col><![CDATA[pass(Make map.)]]></col>
          
        </row>
                <row>
                    <col><![CDATA[start]]></col>
                    <col><![CDATA[end]]></col>
                    <col><![CDATA[direction]]></col>
          
        </row>
                <row>
                    <col><![CDATA[1]]></col>
                    <col><![CDATA[2]]></col>
                    <col><![CDATA[E]]></col>
          
        </row>
                <row>
                    <col><![CDATA[2]]></col>
                    <col><![CDATA[3]]></col>
                    <col><![CDATA[E]]></col>
          
        </row>
                <row>
                    <col><![CDATA[4]]></col>
                    <col><![CDATA[2]]></col>
                    <col><![CDATA[S]]></col>
          
        </row>
                <row>
                    <col><![CDATA[2]]></col>
                    <col><![CDATA[5]]></col>
                    <col><![CDATA[S]]></col>
          
        </row>
        
      </table>
            <table>
        <name>decisionTable_3</name>
                <row>
                    <col><![CDATA[Check random bat transport error(Could not find class CheckRandomBatTransport)]]></col>
          
        </row>
                <row>
                    <col><![CDATA[cavern]]></col>
                    <col><![CDATA[count?]]></col>
          
        </row>
                <row>
                    <col><![CDATA[1 error(Method setcavern not found in fitSharp.Slim.Operators.InvokeInstructionBase+NullInstance)]]></col>
                    <col><![CDATA[&gt;200 error(Method count not found in fitSharp.Slim.Operators.InvokeInstructionBase+NullInstance)]]></col>
          
        </row>
                <row>
                    <col><![CDATA[2 error(Method setcavern not found in fitSharp.Slim.Operators.InvokeInstructionBase+NullInstance)]]></col>
                    <col><![CDATA[0 error(Method count not found in fitSharp.Slim.Operators.InvokeInstructionBase+NullInstance)]]></col>
          
        </row>
                <row>
                    <col><![CDATA[3 error(Method setcavern not found in fitSharp.Slim.Operators.InvokeInstructionBase+NullInstance)]]></col>
                    <col><![CDATA[&gt;200 error(Method count not found in fitSharp.Slim.Operators.InvokeInstructionBase+NullInstance)]]></col>
          
        </row>
                <row>
                    <col><![CDATA[4 error(Method setcavern not found in fitSharp.Slim.Operators.InvokeInstructionBase+NullInstance)]]></col>
                    <col><![CDATA[&gt;200 error(Method count not found in fitSharp.Slim.Operators.InvokeInstructionBase+NullInstance)]]></col>
          
        </row>
                <row>
                    <col><![CDATA[5 error(Method setcavern not found in fitSharp.Slim.Operators.InvokeInstructionBase+NullInstance)]]></col>
                    <col><![CDATA[&gt;200 error(Method count not found in fitSharp.Slim.Operators.InvokeInstructionBase+NullInstance)]]></col>
          
        </row>
        
      </table>
      
    </tables>
    
    
    <instructions>
            <instructionResult>
        <instruction><![CDATA[[import_0_0, import, HuntTheWumpusDotNet.fixtures]]]></instruction>
        <slimResult><![CDATA[OK]]></slimResult>
        
      </instructionResult>
            <instructionResult>
        <instruction><![CDATA[[scriptTable_1_0, make, scriptTableActor, HuntTheWumpusDotNet.fixtures.GameDriver]]]></instruction>
        <slimResult><![CDATA[OK]]></slimResult>
                <expectation>
          <status>right</status>
          <instructionId>scriptTable_1_0</instructionId>
          <col>1</col>
          <row>0</row>
          <type>ConstructionExpectation</type>
                    <actual><![CDATA[OK]]></actual>
                              <expected><![CDATA[HuntTheWumpusDotNet.fixtures.GameDriver]]></expected>
                              <evaluationMessage><![CDATA[pass(HuntTheWumpusDotNet.fixtures.GameDriver)]]></evaluationMessage>
                  </expectation>
        
      </instructionResult>
            <instructionResult>
        <instruction><![CDATA[[decisionTable_2_0, make, decisionTable_2, MakeMap]]]></instruction>
        <slimResult><![CDATA[OK]]></slimResult>
                <expectation>
          <status>right</status>
          <instructionId>decisionTable_2_0</instructionId>
          <col>0</col>
          <row>0</row>
          <type>ConstructionExpectation</type>
                    <actual><![CDATA[OK]]></actual>
                              <expected><![CDATA[Make map.]]></expected>
                              <evaluationMessage><![CDATA[pass(Make map.)]]></evaluationMessage>
                  </expectation>
        
      </instructionResult>
            <instructionResult>
        <instruction><![CDATA[[decisionTable_2_1, call, decisionTable_2, table, [[start, end, direction], [1, 2, E], [2, 3, E], [4, 2, S], [2, 5, S]]]]]></instruction>
        <slimResult><![CDATA[__EXCEPTION__:message:<<NO_METHOD_IN_CLASS table HuntTheWumpusDotNet.fixtures.MakeMap>> fitSharp.Machine.Exception.MemberMissingException: Member 'table' with 1 parameter(s) not found for type 'HuntTheWumpusDotNet.fixtures.MakeMap'.
   at fitSharp.Machine.Model.TypedValue.ThrowExceptionIfNotValid()
   at fitSharp.Slim.Operators.ExecuteCall.ExecuteOperation(Tree`1 parameters)
   at fitSharp.Slim.Operators.InvokeInstructionBase.Invoke(TypedValue instance, MemberName memberName, Tree`1 parameters)]]></slimResult>
        
      </instructionResult>
            <instructionResult>
        <instruction><![CDATA[[decisionTable_2_2, call, decisionTable_2, beginTable]]]></instruction>
        <slimResult><![CDATA[__EXCEPTION__:message:<<NO_METHOD_IN_CLASS begintable HuntTheWumpusDotNet.fixtures.MakeMap>> fitSharp.Machine.Exception.MemberMissingException: Member 'begintable' with 0 parameter(s) not found for type 'HuntTheWumpusDotNet.fixtures.MakeMap'.
   at fitSharp.Machine.Model.TypedValue.ThrowExceptionIfNotValid()
   at fitSharp.Slim.Operators.ExecuteCall.ExecuteOperation(Tree`1 parameters)
   at fitSharp.Slim.Operators.InvokeInstructionBase.Invoke(TypedValue instance, MemberName memberName, Tree`1 parameters)]]></slimResult>
        
      </instructionResult>
            <instructionResult>
        <instruction><![CDATA[[decisionTable_2_3, call, decisionTable_2, reset]]]></instruction>
        <slimResult><![CDATA[__EXCEPTION__:message:<<NO_METHOD_IN_CLASS reset HuntTheWumpusDotNet.fixtures.MakeMap>> fitSharp.Machine.Exception.MemberMissingException: Member 'reset' with 0 parameter(s) not found for type 'HuntTheWumpusDotNet.fixtures.MakeMap'.
   at fitSharp.Machine.Model.TypedValue.ThrowExceptionIfNotValid()
   at fitSharp.Slim.Operators.ExecuteCall.ExecuteOperation(Tree`1 parameters)
   at fitSharp.Slim.Operators.InvokeInstructionBase.Invoke(TypedValue instance, MemberName memberName, Tree`1 parameters)]]></slimResult>
        
      </instructionResult>
            <instructionResult>
        <instruction><![CDATA[[decisionTable_2_4, call, decisionTable_2, setStart, 1]]]></instruction>
        <slimResult><![CDATA[/__VOID__/]]></slimResult>
                <expectation>
          <status>ignored</status>
          <instructionId>decisionTable_2_4</instructionId>
          <col>0</col>
          <row>2</row>
          <type>VoidReturnExpectation</type>
                    <actual><![CDATA[/__VOID__/]]></actual>
                              <expected><![CDATA[1]]></expected>
                              <evaluationMessage><![CDATA[1]]></evaluationMessage>
                  </expectation>
        
      </instructionResult>
            <instructionResult>
        <instruction><![CDATA[[decisionTable_2_5, call, decisionTable_2, setEnd, 2]]]></instruction>
        <slimResult><![CDATA[/__VOID__/]]></slimResult>
                <expectation>
          <status>ignored</status>
          <instructionId>decisionTable_2_5</instructionId>
          <col>1</col>
          <row>2</row>
          <type>VoidReturnExpectation</type>
                    <actual><![CDATA[/__VOID__/]]></actual>
                              <expected><![CDATA[2]]></expected>
                              <evaluationMessage><![CDATA[2]]></evaluationMessage>
                  </expectation>
        
      </instructionResult>
            <instructionResult>
        <instruction><![CDATA[[decisionTable_2_6, call, decisionTable_2, setDirection, E]]]></instruction>
        <slimResult><![CDATA[/__VOID__/]]></slimResult>
                <expectation>
          <status>ignored</status>
          <instructionId>decisionTable_2_6</instructionId>
          <col>2</col>
          <row>2</row>
          <type>VoidReturnExpectation</type>
                    <actual><![CDATA[/__VOID__/]]></actual>
                              <expected><![CDATA[E]]></expected>
                              <evaluationMessage><![CDATA[E]]></evaluationMessage>
                  </expectation>
        
      </instructionResult>
            <instructionResult>
        <instruction><![CDATA[[decisionTable_2_7, call, decisionTable_2, execute]]]></instruction>
        <slimResult><![CDATA[/__VOID__/]]></slimResult>
        
      </instructionResult>
            <instructionResult>
        <instruction><![CDATA[[decisionTable_2_8, call, decisionTable_2, reset]]]></instruction>
        <slimResult><![CDATA[__EXCEPTION__:message:<<NO_METHOD_IN_CLASS reset HuntTheWumpusDotNet.fixtures.MakeMap>> fitSharp.Machine.Exception.MemberMissingException: Member 'reset' with 0 parameter(s) not found for type 'HuntTheWumpusDotNet.fixtures.MakeMap'.
   at fitSharp.Machine.Model.TypedValue.ThrowExceptionIfNotValid()
   at fitSharp.Slim.Operators.ExecuteCall.ExecuteOperation(Tree`1 parameters)
   at fitSharp.Slim.Operators.InvokeInstructionBase.Invoke(TypedValue instance, MemberName memberName, Tree`1 parameters)]]></slimResult>
        
      </instructionResult>
            <instructionResult>
        <instruction><![CDATA[[decisionTable_2_9, call, decisionTable_2, setStart, 2]]]></instruction>
        <slimResult><![CDATA[/__VOID__/]]></slimResult>
                <expectation>
          <status>ignored</status>
          <instructionId>decisionTable_2_9</instructionId>
          <col>0</col>
          <row>3</row>
          <type>VoidReturnExpectation</type>
                    <actual><![CDATA[/__VOID__/]]></actual>
                              <expected><![CDATA[2]]></expected>
                              <evaluationMessage><![CDATA[2]]></evaluationMessage>
                  </expectation>
        
      </instructionResult>
            <instructionResult>
        <instruction><![CDATA[[decisionTable_2_10, call, decisionTable_2, setEnd, 3]]]></instruction>
        <slimResult><![CDATA[/__VOID__/]]></slimResult>
                <expectation>
          <status>ignored</status>
          <instructionId>decisionTable_2_10</instructionId>
          <col>1</col>
          <row>3</row>
          <type>VoidReturnExpectation</type>
                    <actual><![CDATA[/__VOID__/]]></actual>
                              <expected><![CDATA[3]]></expected>
                              <evaluationMessage><![CDATA[3]]></evaluationMessage>
                  </expectation>
        
      </instructionResult>
            <instructionResult>
        <instruction><![CDATA[[decisionTable_2_11, call, decisionTable_2, setDirection, E]]]></instruction>
        <slimResult><![CDATA[/__VOID__/]]></slimResult>
                <expectation>
          <status>ignored</status>
          <instructionId>decisionTable_2_11</instructionId>
          <col>2</col>
          <row>3</row>
          <type>VoidReturnExpectation</type>
                    <actual><![CDATA[/__VOID__/]]></actual>
                              <expected><![CDATA[E]]></expected>
                              <evaluationMessage><![CDATA[E]]></evaluationMessage>
                  </expectation>
        
      </instructionResult>
            <instructionResult>
        <instruction><![CDATA[[decisionTable_2_12, call, decisionTable_2, execute]]]></instruction>
        <slimResult><![CDATA[/__VOID__/]]></slimResult>
        
      </instructionResult>
            <instructionResult>
        <instruction><![CDATA[[decisionTable_2_13, call, decisionTable_2, reset]]]></instruction>
        <slimResult><![CDATA[__EXCEPTION__:message:<<NO_METHOD_IN_CLASS reset HuntTheWumpusDotNet.fixtures.MakeMap>> fitSharp.Machine.Exception.MemberMissingException: Member 'reset' with 0 parameter(s) not found for type 'HuntTheWumpusDotNet.fixtures.MakeMap'.
   at fitSharp.Machine.Model.TypedValue.ThrowExceptionIfNotValid()
   at fitSharp.Slim.Operators.ExecuteCall.ExecuteOperation(Tree`1 parameters)
   at fitSharp.Slim.Operators.InvokeInstructionBase.Invoke(TypedValue instance, MemberName memberName, Tree`1 parameters)]]></slimResult>
        
      </instructionResult>
            <instructionResult>
        <instruction><![CDATA[[decisionTable_2_14, call, decisionTable_2, setStart, 4]]]></instruction>
        <slimResult><![CDATA[/__VOID__/]]></slimResult>
                <expectation>
          <status>ignored</status>
          <instructionId>decisionTable_2_14</instructionId>
          <col>0</col>
          <row>4</row>
          <type>VoidReturnExpectation</type>
                    <actual><![CDATA[/__VOID__/]]></actual>
                              <expected><![CDATA[4]]></expected>
                              <evaluationMessage><![CDATA[4]]></evaluationMessage>
                  </expectation>
        
      </instructionResult>
            <instructionResult>
        <instruction><![CDATA[[decisionTable_2_15, call, decisionTable_2, setEnd, 2]]]></instruction>
        <slimResult><![CDATA[/__VOID__/]]></slimResult>
                <expectation>
          <status>ignored</status>
          <instructionId>decisionTable_2_15</instructionId>
          <col>1</col>
          <row>4</row>
          <type>VoidReturnExpectation</type>
                    <actual><![CDATA[/__VOID__/]]></actual>
                              <expected><![CDATA[2]]></expected>
                              <evaluationMessage><![CDATA[2]]></evaluationMessage>
                  </expectation>
        
      </instructionResult>
            <instructionResult>
        <instruction><![CDATA[[decisionTable_2_16, call, decisionTable_2, setDirection, S]]]></instruction>
        <slimResult><![CDATA[/__VOID__/]]></slimResult>
                <expectation>
          <status>ignored</status>
          <instructionId>decisionTable_2_16</instructionId>
          <col>2</col>
          <row>4</row>
          <type>VoidReturnExpectation</type>
                    <actual><![CDATA[/__VOID__/]]></actual>
                              <expected><![CDATA[S]]></expected>
                              <evaluationMessage><![CDATA[S]]></evaluationMessage>
                  </expectation>
        
      </instructionResult>
            <instructionResult>
        <instruction><![CDATA[[decisionTable_2_17, call, decisionTable_2, execute]]]></instruction>
        <slimResult><![CDATA[/__VOID__/]]></slimResult>
        
      </instructionResult>
            <instructionResult>
        <instruction><![CDATA[[decisionTable_2_18, call, decisionTable_2, reset]]]></instruction>
        <slimResult><![CDATA[__EXCEPTION__:message:<<NO_METHOD_IN_CLASS reset HuntTheWumpusDotNet.fixtures.MakeMap>> fitSharp.Machine.Exception.MemberMissingException: Member 'reset' with 0 parameter(s) not found for type 'HuntTheWumpusDotNet.fixtures.MakeMap'.
   at fitSharp.Machine.Model.TypedValue.ThrowExceptionIfNotValid()
   at fitSharp.Slim.Operators.ExecuteCall.ExecuteOperation(Tree`1 parameters)
   at fitSharp.Slim.Operators.InvokeInstructionBase.Invoke(TypedValue instance, MemberName memberName, Tree`1 parameters)]]></slimResult>
        
      </instructionResult>
            <instructionResult>
        <instruction><![CDATA[[decisionTable_2_19, call, decisionTable_2, setStart, 2]]]></instruction>
        <slimResult><![CDATA[/__VOID__/]]></slimResult>
                <expectation>
          <status>ignored</status>
          <instructionId>decisionTable_2_19</instructionId>
          <col>0</col>
          <row>5</row>
          <type>VoidReturnExpectation</type>
                    <actual><![CDATA[/__VOID__/]]></actual>
                              <expected><![CDATA[2]]></expected>
                              <evaluationMessage><![CDATA[2]]></evaluationMessage>
                  </expectation>
        
      </instructionResult>
            <instructionResult>
        <instruction><![CDATA[[decisionTable_2_20, call, decisionTable_2, setEnd, 5]]]></instruction>
        <slimResult><![CDATA[/__VOID__/]]></slimResult>
                <expectation>
          <status>ignored</status>
          <instructionId>decisionTable_2_20</instructionId>
          <col>1</col>
          <row>5</row>
          <type>VoidReturnExpectation</type>
                    <actual><![CDATA[/__VOID__/]]></actual>
                              <expected><![CDATA[5]]></expected>
                              <evaluationMessage><![CDATA[5]]></evaluationMessage>
                  </expectation>
        
      </instructionResult>
            <instructionResult>
        <instruction><![CDATA[[decisionTable_2_21, call, decisionTable_2, setDirection, S]]]></instruction>
        <slimResult><![CDATA[/__VOID__/]]></slimResult>
                <expectation>
          <status>ignored</status>
          <instructionId>decisionTable_2_21</instructionId>
          <col>2</col>
          <row>5</row>
          <type>VoidReturnExpectation</type>
                    <actual><![CDATA[/__VOID__/]]></actual>
                              <expected><![CDATA[S]]></expected>
                              <evaluationMessage><![CDATA[S]]></evaluationMessage>
                  </expectation>
        
      </instructionResult>
            <instructionResult>
        <instruction><![CDATA[[decisionTable_2_22, call, decisionTable_2, execute]]]></instruction>
        <slimResult><![CDATA[/__VOID__/]]></slimResult>
        
      </instructionResult>
            <instructionResult>
        <instruction><![CDATA[[decisionTable_2_23, call, decisionTable_2, endTable]]]></instruction>
        <slimResult><![CDATA[__EXCEPTION__:message:<<NO_METHOD_IN_CLASS endtable HuntTheWumpusDotNet.fixtures.MakeMap>> fitSharp.Machine.Exception.MemberMissingException: Member 'endtable' with 0 parameter(s) not found for type 'HuntTheWumpusDotNet.fixtures.MakeMap'.
   at fitSharp.Machine.Model.TypedValue.ThrowExceptionIfNotValid()
   at fitSharp.Slim.Operators.ExecuteCall.ExecuteOperation(Tree`1 parameters)
   at fitSharp.Slim.Operators.InvokeInstructionBase.Invoke(TypedValue instance, MemberName memberName, Tree`1 parameters)]]></slimResult>
        
      </instructionResult>
            <instructionResult>
        <instruction><![CDATA[[decisionTable_3_0, make, decisionTable_3, CheckRandomBatTransport]]]></instruction>
        <slimResult><![CDATA[!error:Could not find class CheckRandomBatTransport]]></slimResult>
                <expectation>
          <status>ignored</status>
          <instructionId>decisionTable_3_0</instructionId>
          <col>0</col>
          <row>0</row>
          <type>ConstructionExpectation</type>
                    <actual><![CDATA[!error:Could not find class CheckRandomBatTransport]]></actual>
                              <expected><![CDATA[Check random bat transport]]></expected>
                              <evaluationMessage><![CDATA[Check random bat transport error(Could not find class CheckRandomBatTransport)]]></evaluationMessage>
                  </expectation>
        
      </instructionResult>
            <instructionResult>
        <instruction><![CDATA[[decisionTable_3_1, call, decisionTable_3, table, [[cavern, count?], [1, &gt;200], [2, 0], [3, &gt;200], [4, &gt;200], [5, &gt;200]]]]]></instruction>
        <slimResult><![CDATA[__EXCEPTION__:message:<<NO_METHOD_IN_CLASS table fitSharp.Slim.Operators.InvokeInstructionBase+NullInstance>> fitSharp.Machine.Exception.MemberMissingException: Member 'table' with 1 parameter(s) not found for type 'fitSharp.Slim.Operators.InvokeInstructionBase+NullInstance'.
   at fitSharp.Machine.Model.TypedValue.ThrowExceptionIfNotValid()
   at fitSharp.Slim.Operators.ExecuteCall.ExecuteOperation(Tree`1 parameters)
   at fitSharp.Slim.Operators.InvokeInstructionBase.Invoke(TypedValue instance, MemberName memberName, Tree`1 parameters)]]></slimResult>
        
      </instructionResult>
            <instructionResult>
        <instruction><![CDATA[[decisionTable_3_2, call, decisionTable_3, beginTable]]]></instruction>
        <slimResult><![CDATA[__EXCEPTION__:message:<<NO_METHOD_IN_CLASS begintable fitSharp.Slim.Operators.InvokeInstructionBase+NullInstance>> fitSharp.Machine.Exception.MemberMissingException: Member 'begintable' with 0 parameter(s) not found for type 'fitSharp.Slim.Operators.InvokeInstructionBase+NullInstance'.
   at fitSharp.Machine.Model.TypedValue.ThrowExceptionIfNotValid()
   at fitSharp.Slim.Operators.ExecuteCall.ExecuteOperation(Tree`1 parameters)
   at fitSharp.Slim.Operators.InvokeInstructionBase.Invoke(TypedValue instance, MemberName memberName, Tree`1 parameters)]]></slimResult>
        
      </instructionResult>
            <instructionResult>
        <instruction><![CDATA[[decisionTable_3_3, call, decisionTable_3, reset]]]></instruction>
        <slimResult><![CDATA[__EXCEPTION__:message:<<NO_METHOD_IN_CLASS reset fitSharp.Slim.Operators.InvokeInstructionBase+NullInstance>> fitSharp.Machine.Exception.MemberMissingException: Member 'reset' with 0 parameter(s) not found for type 'fitSharp.Slim.Operators.InvokeInstructionBase+NullInstance'.
   at fitSharp.Machine.Model.TypedValue.ThrowExceptionIfNotValid()
   at fitSharp.Slim.Operators.ExecuteCall.ExecuteOperation(Tree`1 parameters)
   at fitSharp.Slim.Operators.InvokeInstructionBase.Invoke(TypedValue instance, MemberName memberName, Tree`1 parameters)]]></slimResult>
        
      </instructionResult>
            <instructionResult>
        <instruction><![CDATA[[decisionTable_3_4, call, decisionTable_3, setCavern, 1]]]></instruction>
        <slimResult><![CDATA[!error:Method setcavern not found in fitSharp.Slim.Operators.InvokeInstructionBase+NullInstance]]></slimResult>
                <expectation>
          <status>ignored</status>
          <instructionId>decisionTable_3_4</instructionId>
          <col>0</col>
          <row>2</row>
          <type>VoidReturnExpectation</type>
                    <actual><![CDATA[!error:Method setcavern not found in fitSharp.Slim.Operators.InvokeInstructionBase+NullInstance]]></actual>
                              <expected><![CDATA[1]]></expected>
                              <evaluationMessage><![CDATA[1 error(Method setcavern not found in fitSharp.Slim.Operators.InvokeInstructionBase+NullInstance)]]></evaluationMessage>
                  </expectation>
        
      </instructionResult>
            <instructionResult>
        <instruction><![CDATA[[decisionTable_3_5, call, decisionTable_3, execute]]]></instruction>
        <slimResult><![CDATA[__EXCEPTION__:message:<<NO_METHOD_IN_CLASS execute fitSharp.Slim.Operators.InvokeInstructionBase+NullInstance>> fitSharp.Machine.Exception.MemberMissingException: Member 'execute' with 0 parameter(s) not found for type 'fitSharp.Slim.Operators.InvokeInstructionBase+NullInstance'.
   at fitSharp.Machine.Model.TypedValue.ThrowExceptionIfNotValid()
   at fitSharp.Slim.Operators.ExecuteCall.ExecuteOperation(Tree`1 parameters)
   at fitSharp.Slim.Operators.InvokeInstructionBase.Invoke(TypedValue instance, MemberName memberName, Tree`1 parameters)]]></slimResult>
        
      </instructionResult>
            <instructionResult>
        <instruction><![CDATA[[decisionTable_3_6, call, decisionTable_3, count]]]></instruction>
        <slimResult><![CDATA[!error:Method count not found in fitSharp.Slim.Operators.InvokeInstructionBase+NullInstance]]></slimResult>
                <expectation>
          <status>ignored</status>
          <instructionId>decisionTable_3_6</instructionId>
          <col>1</col>
          <row>2</row>
          <type>ReturnedValueExpectation</type>
                    <actual><![CDATA[!error:Method count not found in fitSharp.Slim.Operators.InvokeInstructionBase+NullInstance]]></actual>
                              <expected><![CDATA[&gt;200]]></expected>
                              <evaluationMessage><![CDATA[&gt;200 error(Method count not found in fitSharp.Slim.Operators.InvokeInstructionBase+NullInstance)]]></evaluationMessage>
                  </expectation>
        
      </instructionResult>
            <instructionResult>
        <instruction><![CDATA[[decisionTable_3_7, call, decisionTable_3, reset]]]></instruction>
        <slimResult><![CDATA[__EXCEPTION__:message:<<NO_METHOD_IN_CLASS reset fitSharp.Slim.Operators.InvokeInstructionBase+NullInstance>> fitSharp.Machine.Exception.MemberMissingException: Member 'reset' with 0 parameter(s) not found for type 'fitSharp.Slim.Operators.InvokeInstructionBase+NullInstance'.
   at fitSharp.Machine.Model.TypedValue.ThrowExceptionIfNotValid()
   at fitSharp.Slim.Operators.ExecuteCall.ExecuteOperation(Tree`1 parameters)
   at fitSharp.Slim.Operators.InvokeInstructionBase.Invoke(TypedValue instance, MemberName memberName, Tree`1 parameters)]]></slimResult>
        
      </instructionResult>
            <instructionResult>
        <instruction><![CDATA[[decisionTable_3_8, call, decisionTable_3, setCavern, 2]]]></instruction>
        <slimResult><![CDATA[!error:Method setcavern not found in fitSharp.Slim.Operators.InvokeInstructionBase+NullInstance]]></slimResult>
                <expectation>
          <status>ignored</status>
          <instructionId>decisionTable_3_8</instructionId>
          <col>0</col>
          <row>3</row>
          <type>VoidReturnExpectation</type>
                    <actual><![CDATA[!error:Method setcavern not found in fitSharp.Slim.Operators.InvokeInstructionBase+NullInstance]]></actual>
                              <expected><![CDATA[2]]></expected>
                              <evaluationMessage><![CDATA[2 error(Method setcavern not found in fitSharp.Slim.Operators.InvokeInstructionBase+NullInstance)]]></evaluationMessage>
                  </expectation>
        
      </instructionResult>
            <instructionResult>
        <instruction><![CDATA[[decisionTable_3_9, call, decisionTable_3, execute]]]></instruction>
        <slimResult><![CDATA[__EXCEPTION__:message:<<NO_METHOD_IN_CLASS execute fitSharp.Slim.Operators.InvokeInstructionBase+NullInstance>> fitSharp.Machine.Exception.MemberMissingException: Member 'execute' with 0 parameter(s) not found for type 'fitSharp.Slim.Operators.InvokeInstructionBase+NullInstance'.
   at fitSharp.Machine.Model.TypedValue.ThrowExceptionIfNotValid()
   at fitSharp.Slim.Operators.ExecuteCall.ExecuteOperation(Tree`1 parameters)
   at fitSharp.Slim.Operators.InvokeInstructionBase.Invoke(TypedValue instance, MemberName memberName, Tree`1 parameters)]]></slimResult>
        
      </instructionResult>
            <instructionResult>
        <instruction><![CDATA[[decisionTable_3_10, call, decisionTable_3, count]]]></instruction>
        <slimResult><![CDATA[!error:Method count not found in fitSharp.Slim.Operators.InvokeInstructionBase+NullInstance]]></slimResult>
                <expectation>
          <status>ignored</status>
          <instructionId>decisionTable_3_10</instructionId>
          <col>1</col>
          <row>3</row>
          <type>ReturnedValueExpectation</type>
                    <actual><![CDATA[!error:Method count not found in fitSharp.Slim.Operators.InvokeInstructionBase+NullInstance]]></actual>
                              <expected><![CDATA[0]]></expected>
                              <evaluationMessage><![CDATA[0 error(Method count not found in fitSharp.Slim.Operators.InvokeInstructionBase+NullInstance)]]></evaluationMessage>
                  </expectation>
        
      </instructionResult>
            <instructionResult>
        <instruction><![CDATA[[decisionTable_3_11, call, decisionTable_3, reset]]]></instruction>
        <slimResult><![CDATA[__EXCEPTION__:message:<<NO_METHOD_IN_CLASS reset fitSharp.Slim.Operators.InvokeInstructionBase+NullInstance>> fitSharp.Machine.Exception.MemberMissingException: Member 'reset' with 0 parameter(s) not found for type 'fitSharp.Slim.Operators.InvokeInstructionBase+NullInstance'.
   at fitSharp.Machine.Model.TypedValue.ThrowExceptionIfNotValid()
   at fitSharp.Slim.Operators.ExecuteCall.ExecuteOperation(Tree`1 parameters)
   at fitSharp.Slim.Operators.InvokeInstructionBase.Invoke(TypedValue instance, MemberName memberName, Tree`1 parameters)]]></slimResult>
        
      </instructionResult>
            <instructionResult>
        <instruction><![CDATA[[decisionTable_3_12, call, decisionTable_3, setCavern, 3]]]></instruction>
        <slimResult><![CDATA[!error:Method setcavern not found in fitSharp.Slim.Operators.InvokeInstructionBase+NullInstance]]></slimResult>
                <expectation>
          <status>ignored</status>
          <instructionId>decisionTable_3_12</instructionId>
          <col>0</col>
          <row>4</row>
          <type>VoidReturnExpectation</type>
                    <actual><![CDATA[!error:Method setcavern not found in fitSharp.Slim.Operators.InvokeInstructionBase+NullInstance]]></actual>
                              <expected><![CDATA[3]]></expected>
                              <evaluationMessage><![CDATA[3 error(Method setcavern not found in fitSharp.Slim.Operators.InvokeInstructionBase+NullInstance)]]></evaluationMessage>
                  </expectation>
        
      </instructionResult>
            <instructionResult>
        <instruction><![CDATA[[decisionTable_3_13, call, decisionTable_3, execute]]]></instruction>
        <slimResult><![CDATA[__EXCEPTION__:message:<<NO_METHOD_IN_CLASS execute fitSharp.Slim.Operators.InvokeInstructionBase+NullInstance>> fitSharp.Machine.Exception.MemberMissingException: Member 'execute' with 0 parameter(s) not found for type 'fitSharp.Slim.Operators.InvokeInstructionBase+NullInstance'.
   at fitSharp.Machine.Model.TypedValue.ThrowExceptionIfNotValid()
   at fitSharp.Slim.Operators.ExecuteCall.ExecuteOperation(Tree`1 parameters)
   at fitSharp.Slim.Operators.InvokeInstructionBase.Invoke(TypedValue instance, MemberName memberName, Tree`1 parameters)]]></slimResult>
        
      </instructionResult>
            <instructionResult>
        <instruction><![CDATA[[decisionTable_3_14, call, decisionTable_3, count]]]></instruction>
        <slimResult><![CDATA[!error:Method count not found in fitSharp.Slim.Operators.InvokeInstructionBase+NullInstance]]></slimResult>
                <expectation>
          <status>ignored</status>
          <instructionId>decisionTable_3_14</instructionId>
          <col>1</col>
          <row>4</row>
          <type>ReturnedValueExpectation</type>
                    <actual><![CDATA[!error:Method count not found in fitSharp.Slim.Operators.InvokeInstructionBase+NullInstance]]></actual>
                              <expected><![CDATA[&gt;200]]></expected>
                              <evaluationMessage><![CDATA[&gt;200 error(Method count not found in fitSharp.Slim.Operators.InvokeInstructionBase+NullInstance)]]></evaluationMessage>
                  </expectation>
        
      </instructionResult>
            <instructionResult>
        <instruction><![CDATA[[decisionTable_3_15, call, decisionTable_3, reset]]]></instruction>
        <slimResult><![CDATA[__EXCEPTION__:message:<<NO_METHOD_IN_CLASS reset fitSharp.Slim.Operators.InvokeInstructionBase+NullInstance>> fitSharp.Machine.Exception.MemberMissingException: Member 'reset' with 0 parameter(s) not found for type 'fitSharp.Slim.Operators.InvokeInstructionBase+NullInstance'.
   at fitSharp.Machine.Model.TypedValue.ThrowExceptionIfNotValid()
   at fitSharp.Slim.Operators.ExecuteCall.ExecuteOperation(Tree`1 parameters)
   at fitSharp.Slim.Operators.InvokeInstructionBase.Invoke(TypedValue instance, MemberName memberName, Tree`1 parameters)]]></slimResult>
        
      </instructionResult>
            <instructionResult>
        <instruction><![CDATA[[decisionTable_3_16, call, decisionTable_3, setCavern, 4]]]></instruction>
        <slimResult><![CDATA[!error:Method setcavern not found in fitSharp.Slim.Operators.InvokeInstructionBase+NullInstance]]></slimResult>
                <expectation>
          <status>ignored</status>
          <instructionId>decisionTable_3_16</instructionId>
          <col>0</col>
          <row>5</row>
          <type>VoidReturnExpectation</type>
                    <actual><![CDATA[!error:Method setcavern not found in fitSharp.Slim.Operators.InvokeInstructionBase+NullInstance]]></actual>
                              <expected><![CDATA[4]]></expected>
                              <evaluationMessage><![CDATA[4 error(Method setcavern not found in fitSharp.Slim.Operators.InvokeInstructionBase+NullInstance)]]></evaluationMessage>
                  </expectation>
        
      </instructionResult>
            <instructionResult>
        <instruction><![CDATA[[decisionTable_3_17, call, decisionTable_3, execute]]]></instruction>
        <slimResult><![CDATA[__EXCEPTION__:message:<<NO_METHOD_IN_CLASS execute fitSharp.Slim.Operators.InvokeInstructionBase+NullInstance>> fitSharp.Machine.Exception.MemberMissingException: Member 'execute' with 0 parameter(s) not found for type 'fitSharp.Slim.Operators.InvokeInstructionBase+NullInstance'.
   at fitSharp.Machine.Model.TypedValue.ThrowExceptionIfNotValid()
   at fitSharp.Slim.Operators.ExecuteCall.ExecuteOperation(Tree`1 parameters)
   at fitSharp.Slim.Operators.InvokeInstructionBase.Invoke(TypedValue instance, MemberName memberName, Tree`1 parameters)]]></slimResult>
        
      </instructionResult>
            <instructionResult>
        <instruction><![CDATA[[decisionTable_3_18, call, decisionTable_3, count]]]></instruction>
        <slimResult><![CDATA[!error:Method count not found in fitSharp.Slim.Operators.InvokeInstructionBase+NullInstance]]></slimResult>
                <expectation>
          <status>ignored</status>
          <instructionId>decisionTable_3_18</instructionId>
          <col>1</col>
          <row>5</row>
          <type>ReturnedValueExpectation</type>
                    <actual><![CDATA[!error:Method count not found in fitSharp.Slim.Operators.InvokeInstructionBase+NullInstance]]></actual>
                              <expected><![CDATA[&gt;200]]></expected>
                              <evaluationMessage><![CDATA[&gt;200 error(Method count not found in fitSharp.Slim.Operators.InvokeInstructionBase+NullInstance)]]></evaluationMessage>
                  </expectation>
        
      </instructionResult>
            <instructionResult>
        <instruction><![CDATA[[decisionTable_3_19, call, decisionTable_3, reset]]]></instruction>
        <slimResult><![CDATA[__EXCEPTION__:message:<<NO_METHOD_IN_CLASS reset fitSharp.Slim.Operators.InvokeInstructionBase+NullInstance>> fitSharp.Machine.Exception.MemberMissingException: Member 'reset' with 0 parameter(s) not found for type 'fitSharp.Slim.Operators.InvokeInstructionBase+NullInstance'.
   at fitSharp.Machine.Model.TypedValue.ThrowExceptionIfNotValid()
   at fitSharp.Slim.Operators.ExecuteCall.ExecuteOperation(Tree`1 parameters)
   at fitSharp.Slim.Operators.InvokeInstructionBase.Invoke(TypedValue instance, MemberName memberName, Tree`1 parameters)]]></slimResult>
        
      </instructionResult>
            <instructionResult>
        <instruction><![CDATA[[decisionTable_3_20, call, decisionTable_3, setCavern, 5]]]></instruction>
        <slimResult><![CDATA[!error:Method setcavern not found in fitSharp.Slim.Operators.InvokeInstructionBase+NullInstance]]></slimResult>
                <expectation>
          <status>ignored</status>
          <instructionId>decisionTable_3_20</instructionId>
          <col>0</col>
          <row>6</row>
          <type>VoidReturnExpectation</type>
                    <actual><![CDATA[!error:Method setcavern not found in fitSharp.Slim.Operators.InvokeInstructionBase+NullInstance]]></actual>
                              <expected><![CDATA[5]]></expected>
                              <evaluationMessage><![CDATA[5 error(Method setcavern not found in fitSharp.Slim.Operators.InvokeInstructionBase+NullInstance)]]></evaluationMessage>
                  </expectation>
        
      </instructionResult>
            <instructionResult>
        <instruction><![CDATA[[decisionTable_3_21, call, decisionTable_3, execute]]]></instruction>
        <slimResult><![CDATA[__EXCEPTION__:message:<<NO_METHOD_IN_CLASS execute fitSharp.Slim.Operators.InvokeInstructionBase+NullInstance>> fitSharp.Machine.Exception.MemberMissingException: Member 'execute' with 0 parameter(s) not found for type 'fitSharp.Slim.Operators.InvokeInstructionBase+NullInstance'.
   at fitSharp.Machine.Model.TypedValue.ThrowExceptionIfNotValid()
   at fitSharp.Slim.Operators.ExecuteCall.ExecuteOperation(Tree`1 parameters)
   at fitSharp.Slim.Operators.InvokeInstructionBase.Invoke(TypedValue instance, MemberName memberName, Tree`1 parameters)]]></slimResult>
        
      </instructionResult>
            <instructionResult>
        <instruction><![CDATA[[decisionTable_3_22, call, decisionTable_3, count]]]></instruction>
        <slimResult><![CDATA[!error:Method count not found in fitSharp.Slim.Operators.InvokeInstructionBase+NullInstance]]></slimResult>
                <expectation>
          <status>ignored</status>
          <instructionId>decisionTable_3_22</instructionId>
          <col>1</col>
          <row>6</row>
          <type>ReturnedValueExpectation</type>
                    <actual><![CDATA[!error:Method count not found in fitSharp.Slim.Operators.InvokeInstructionBase+NullInstance]]></actual>
                              <expected><![CDATA[&gt;200]]></expected>
                              <evaluationMessage><![CDATA[&gt;200 error(Method count not found in fitSharp.Slim.Operators.InvokeInstructionBase+NullInstance)]]></evaluationMessage>
                  </expectation>
        
      </instructionResult>
            <instructionResult>
        <instruction><![CDATA[[decisionTable_3_23, call, decisionTable_3, endTable]]]></instruction>
        <slimResult><![CDATA[__EXCEPTION__:message:<<NO_METHOD_IN_CLASS endtable fitSharp.Slim.Operators.InvokeInstructionBase+NullInstance>> fitSharp.Machine.Exception.MemberMissingException: Member 'endtable' with 0 parameter(s) not found for type 'fitSharp.Slim.Operators.InvokeInstructionBase+NullInstance'.
   at fitSharp.Machine.Model.TypedValue.ThrowExceptionIfNotValid()
   at fitSharp.Slim.Operators.ExecuteCall.ExecuteOperation(Tree`1 parameters)
   at fitSharp.Slim.Operators.InvokeInstructionBase.Invoke(TypedValue instance, MemberName memberName, Tree`1 parameters)]]></slimResult>
        
      </instructionResult>
      
    </instructions>
    
  </result>
  
    <finalCounts>
    <right>0</right>
    <wrong>0</wrong>
    <ignores>0</ignores>
    <exceptions>0</exceptions>
  </finalCounts>
  <totalRunTimeInMillis>0</totalRunTimeInMillis>
  
</testResults>

