<?xml version="1.0"?>
<testResults>
  <FitNesseVersion>v20121220</FitNesseVersion>
  <rootPath>TestPlayerDiesWhenArrowBouncesOffWallInSameCavern</rootPath>
    <result>
    <counts>
      <right>0</right>
      <wrong>2</wrong>
      <ignores>0</ignores>
      <exceptions>4</exceptions>
    </counts>
    <runTimeInMillis>143</runTimeInMillis>
    <content><![CDATA[<div class="collapsible closed"><ul><li><a href='#' class='expandall'>Expand All</a></li><li><a href='#' class='collapseall'>Collapse All</a></li></ul>
	<p class="title">Precompiled Libraries</p>
	<div><br/></div>
</div>
<br/><div class="collapsible closed"><ul><li><a href='#' class='expandall'>Expand All</a></li><li><a href='#' class='collapseall'>Collapse All</a></li></ul>
	<p class="title">Included page: <a href="HuntTheWumpus.SetUp">.HuntTheWumpus.SetUp</a> <a href="HuntTheWumpus.SetUp?edit&amp;redirectToReferer=true&amp;redirectAction=" class="edit">(edit)</a></p>
	<div><table _TABLENUMBER=8011003243975954560>
	<tr>
		<td>Import</td>
	</tr>
	<tr>
		<td>HuntTheWumpusDotNet.fixtures</td>
	</tr>
</table>
<br/><table _TABLENUMBER=6080343195324137771>
	<tr>
		<td>script</td>
		<td><span class="pass">HuntTheWumpusDotNet.fixtures.GameDriver</span></td>
	</tr>
</table>
</div>
</div>
<br/>If the player shoots in a direction that the arrow cannot go in, then the arrow bounces off the wall and kills the player.<br/><br/>Create a very simple map. [1]-[2]<br/><br/><table _TABLENUMBER=7252454348189525091>
	<tr>
		<td colspan="3"><span class="pass">Make Map</span></td>
	</tr>
	<tr>
		<td>start</td>
		<td>end</td>
		<td>direction</td>
	</tr>
	<tr>
		<td>1</td>
		<td>2</td>
		<td>E</td>
	</tr>
</table>
<br/><div id="test_exceptions1"><H3> <span class="fail">Exceptions</span></H3><br/><a name="scriptTable_3_0"><b></b></a><div class="collapsible closed"><ul><li><a href='#' class='expandall'>Expand All</a></li><li><a href='#' class='collapseall'>Collapse All</a></li></ul>
	<p class="title">scriptTable_3_0</p>
	<div><pre>__EXCEPTION__:System.Reflection.TargetInvocationException: Exception has been thrown by the target of an invocation. ---&gt; System.Collections.Generic.KeyNotFoundException: The given key was not present in the dictionary.
   at System.Collections.Generic.Dictionary`2.get_Item(TKey key)
   at HuntTheWumpusDotNet.Game.PutInCavern(MapItems mapItem, Int32 cavern) in c:\Users\Eric\Documents\Visual Studio 2012\Projects\HuntTheWumpus\HuntTheWumpusDotNet\HuntTheWumpusDotNet\Game.cs:line 32
   at HuntTheWumpusDotNet.fixtures.GameEditor.PutInCavern(String player, Int32 cavern) in c:\Users\Eric\Documents\Visual Studio 2012\Projects\HuntTheWumpus\HuntTheWumpusDotNet\HuntTheWumpusDotNet\fixtures\GameEditor.cs:line 18
   at HuntTheWumpusDotNet.fixtures.GameDriver.putInCavern(String player, Int32 cavern) in c:\Users\Eric\Documents\Visual Studio 2012\Projects\HuntTheWumpus\HuntTheWumpusDotNet\HuntTheWumpusDotNet\fixtures\GameDriver.cs:line 47
   --- End of inner exception stack trace ---
   at fitSharp.Machine.Model.TypedValue.ThrowExceptionIfNotValid()
   at fitSharp.Slim.Operators.ExecuteCall.ExecuteOperation(Tree`1 parameters)
   at fitSharp.Slim.Operators.InvokeInstructionBase.Invoke(TypedValue instance, MemberName memberName, Tree`1 parameters)</pre></div>
</div>
<a name="scriptTable_3_2"><b></b></a><div class="collapsible closed"><ul><li><a href='#' class='expandall'>Expand All</a></li><li><a href='#' class='collapseall'>Collapse All</a></li></ul>
	<p class="title">scriptTable_3_2</p>
	<div><pre>__EXCEPTION__:System.Reflection.TargetInvocationException: Exception has been thrown by the target of an invocation. ---&gt; System.InvalidOperationException: Sequence contains no matching element
   at System.Linq.Enumerable.First[TSource](IEnumerable`1 source, Func`2 predicate)
   at HuntTheWumpusDotNet.Game.get_PlayersCurrentCavern() in c:\Users\Eric\Documents\Visual Studio 2012\Projects\HuntTheWumpus\HuntTheWumpusDotNet\HuntTheWumpusDotNet\Game.cs:line 22
   at HuntTheWumpusDotNet.Game.Do(AllCommands command) in c:\Users\Eric\Documents\Visual Studio 2012\Projects\HuntTheWumpus\HuntTheWumpusDotNet\HuntTheWumpusDotNet\Game.cs:line 54
   at HuntTheWumpusDotNet.GamePresenter.CommandPlayer(String commandString) in c:\Users\Eric\Documents\Visual Studio 2012\Projects\HuntTheWumpus\HuntTheWumpusDotNet\HuntTheWumpusDotNet\GamePresenter.cs:line 31
   at HuntTheWumpusDotNet.fixtures.GameDriver.enterCommand(String command) in c:\Users\Eric\Documents\Visual Studio 2012\Projects\HuntTheWumpus\HuntTheWumpusDotNet\HuntTheWumpusDotNet\fixtures\GameDriver.cs:line 52
   --- End of inner exception stack trace ---
   at fitSharp.Machine.Model.TypedValue.ThrowExceptionIfNotValid()
   at fitSharp.Slim.Operators.ExecuteCall.ExecuteOperation(Tree`1 parameters)
   at fitSharp.Slim.Operators.InvokeInstructionBase.Invoke(TypedValue instance, MemberName memberName, Tree`1 parameters)</pre></div>
</div>
</div><hr/><table _TABLENUMBER=3294126745191469098>
	<tr>
		<td colspan="4">script</td>
	</tr>
	<tr>
		<td>put</td>
		<td>player</td>
		<td>in cavern</td>
		<td>1</td>
	</tr>
	<tr>
		<td>set quiver to</td>
		<td colspan="3">1</td>
	</tr>
	<tr>
		<td>enter command</td>
		<td colspan="3">shoot west</td>
	</tr>
</table>
<br/><table _TABLENUMBER=8782028349868126786>
	<tr>
		<td><span class="pass">Subset Query: Messages Printed</span></td>
	</tr>
	<tr>
		<td>message</td>
	</tr>
	<tr>
		<td>[The arrow bounced off the wall and killed you.] <span class="fail">missing</span></td>
	</tr>
	<tr>
		<td>[Game over.] <span class="fail">missing</span></td>
	</tr>
</table>
<br/><table _TABLENUMBER=4153440672306902693>
	<tr>
		<td colspan="2">script</td>
	</tr>
	<tr>
		<td>ensure <span class="error">Method gameterminated not found in HuntTheWumpusDotNet.fixtures.GameDriver</span></td>
		<td>game terminated</td>
	</tr>
</table>
]]></content>
    <relativePageName>TestPlayerDiesWhenArrowBouncesOffWallInSameCavern</relativePageName>
    
        <tables>
            <table>
        <name>import_0</name>
                <row>
                    <col><![CDATA[Import]]></col>
          
        </row>
                <row>
                    <col><![CDATA[HuntTheWumpusDotNet.fixtures]]></col>
          
        </row>
        
      </table>
            <table>
        <name>scriptTable_1</name>
                <row>
                    <col><![CDATA[script]]></col>
                    <col><![CDATA[pass(HuntTheWumpusDotNet.fixtures.GameDriver)]]></col>
          
        </row>
        
      </table>
            <table>
        <name>decisionTable_2</name>
                <row>
                    <col><![CDATA[pass(Make Map)]]></col>
          
        </row>
                <row>
                    <col><![CDATA[start]]></col>
                    <col><![CDATA[end]]></col>
                    <col><![CDATA[direction]]></col>
          
        </row>
                <row>
                    <col><![CDATA[1]]></col>
                    <col><![CDATA[2]]></col>
                    <col><![CDATA[E]]></col>
          
        </row>
        
      </table>
            <table>
        <name>scriptTable_3</name>
                <row>
                    <col><![CDATA[script]]></col>
          
        </row>
                <row>
                    <col><![CDATA[put]]></col>
                    <col><![CDATA[player]]></col>
                    <col><![CDATA[in cavern]]></col>
                    <col><![CDATA[1]]></col>
          
        </row>
                <row>
                    <col><![CDATA[set quiver to]]></col>
                    <col><![CDATA[1]]></col>
          
        </row>
                <row>
                    <col><![CDATA[enter command]]></col>
                    <col><![CDATA[shoot west]]></col>
          
        </row>
        
      </table>
            <table>
        <name>queryTable_4</name>
                <row>
                    <col><![CDATA[pass(Subset Query: Messages Printed)]]></col>
          
        </row>
                <row>
                    <col><![CDATA[message]]></col>
          
        </row>
                <row>
                    <col><![CDATA[[The arrow bounced off the wall and killed you.] fail(missing)]]></col>
          
        </row>
                <row>
                    <col><![CDATA[[Game over.] fail(missing)]]></col>
          
        </row>
        
      </table>
            <table>
        <name>scriptTable_5</name>
                <row>
                    <col><![CDATA[script]]></col>
          
        </row>
                <row>
                    <col><![CDATA[ensure error(Method gameterminated not found in HuntTheWumpusDotNet.fixtures.GameDriver)]]></col>
                    <col><![CDATA[game terminated]]></col>
          
        </row>
        
      </table>
      
    </tables>
    
    
    <instructions>
            <instructionResult>
        <instruction><![CDATA[[import_0_0, import, HuntTheWumpusDotNet.fixtures]]]></instruction>
        <slimResult><![CDATA[OK]]></slimResult>
        
      </instructionResult>
            <instructionResult>
        <instruction><![CDATA[[scriptTable_1_0, make, scriptTableActor, HuntTheWumpusDotNet.fixtures.GameDriver]]]></instruction>
        <slimResult><![CDATA[OK]]></slimResult>
                <expectation>
          <status>right</status>
          <instructionId>scriptTable_1_0</instructionId>
          <col>1</col>
          <row>0</row>
          <type>ConstructionExpectation</type>
                    <actual><![CDATA[OK]]></actual>
                              <expected><![CDATA[HuntTheWumpusDotNet.fixtures.GameDriver]]></expected>
                              <evaluationMessage><![CDATA[pass(HuntTheWumpusDotNet.fixtures.GameDriver)]]></evaluationMessage>
                  </expectation>
        
      </instructionResult>
            <instructionResult>
        <instruction><![CDATA[[decisionTable_2_0, make, decisionTable_2, MakeMap]]]></instruction>
        <slimResult><![CDATA[OK]]></slimResult>
                <expectation>
          <status>right</status>
          <instructionId>decisionTable_2_0</instructionId>
          <col>0</col>
          <row>0</row>
          <type>ConstructionExpectation</type>
                    <actual><![CDATA[OK]]></actual>
                              <expected><![CDATA[Make Map]]></expected>
                              <evaluationMessage><![CDATA[pass(Make Map)]]></evaluationMessage>
                  </expectation>
        
      </instructionResult>
            <instructionResult>
        <instruction><![CDATA[[decisionTable_2_1, call, decisionTable_2, table, [[start, end, direction], [1, 2, E]]]]]></instruction>
        <slimResult><![CDATA[__EXCEPTION__:message:<<NO_METHOD_IN_CLASS table HuntTheWumpusDotNet.fixtures.MakeMap>> fitSharp.Machine.Exception.MemberMissingException: Member 'table' with 1 parameter(s) not found for type 'HuntTheWumpusDotNet.fixtures.MakeMap'.
   at fitSharp.Machine.Model.TypedValue.ThrowExceptionIfNotValid()
   at fitSharp.Slim.Operators.ExecuteCall.ExecuteOperation(Tree`1 parameters)
   at fitSharp.Slim.Operators.InvokeInstructionBase.Invoke(TypedValue instance, MemberName memberName, Tree`1 parameters)]]></slimResult>
        
      </instructionResult>
            <instructionResult>
        <instruction><![CDATA[[decisionTable_2_2, call, decisionTable_2, beginTable]]]></instruction>
        <slimResult><![CDATA[__EXCEPTION__:message:<<NO_METHOD_IN_CLASS begintable HuntTheWumpusDotNet.fixtures.MakeMap>> fitSharp.Machine.Exception.MemberMissingException: Member 'begintable' with 0 parameter(s) not found for type 'HuntTheWumpusDotNet.fixtures.MakeMap'.
   at fitSharp.Machine.Model.TypedValue.ThrowExceptionIfNotValid()
   at fitSharp.Slim.Operators.ExecuteCall.ExecuteOperation(Tree`1 parameters)
   at fitSharp.Slim.Operators.InvokeInstructionBase.Invoke(TypedValue instance, MemberName memberName, Tree`1 parameters)]]></slimResult>
        
      </instructionResult>
            <instructionResult>
        <instruction><![CDATA[[decisionTable_2_3, call, decisionTable_2, reset]]]></instruction>
        <slimResult><![CDATA[__EXCEPTION__:message:<<NO_METHOD_IN_CLASS reset HuntTheWumpusDotNet.fixtures.MakeMap>> fitSharp.Machine.Exception.MemberMissingException: Member 'reset' with 0 parameter(s) not found for type 'HuntTheWumpusDotNet.fixtures.MakeMap'.
   at fitSharp.Machine.Model.TypedValue.ThrowExceptionIfNotValid()
   at fitSharp.Slim.Operators.ExecuteCall.ExecuteOperation(Tree`1 parameters)
   at fitSharp.Slim.Operators.InvokeInstructionBase.Invoke(TypedValue instance, MemberName memberName, Tree`1 parameters)]]></slimResult>
        
      </instructionResult>
            <instructionResult>
        <instruction><![CDATA[[decisionTable_2_4, call, decisionTable_2, setStart, 1]]]></instruction>
        <slimResult><![CDATA[/__VOID__/]]></slimResult>
                <expectation>
          <status>ignored</status>
          <instructionId>decisionTable_2_4</instructionId>
          <col>0</col>
          <row>2</row>
          <type>VoidReturnExpectation</type>
                    <actual><![CDATA[/__VOID__/]]></actual>
                              <expected><![CDATA[1]]></expected>
                              <evaluationMessage><![CDATA[1]]></evaluationMessage>
                  </expectation>
        
      </instructionResult>
            <instructionResult>
        <instruction><![CDATA[[decisionTable_2_5, call, decisionTable_2, setEnd, 2]]]></instruction>
        <slimResult><![CDATA[/__VOID__/]]></slimResult>
                <expectation>
          <status>ignored</status>
          <instructionId>decisionTable_2_5</instructionId>
          <col>1</col>
          <row>2</row>
          <type>VoidReturnExpectation</type>
                    <actual><![CDATA[/__VOID__/]]></actual>
                              <expected><![CDATA[2]]></expected>
                              <evaluationMessage><![CDATA[2]]></evaluationMessage>
                  </expectation>
        
      </instructionResult>
            <instructionResult>
        <instruction><![CDATA[[decisionTable_2_6, call, decisionTable_2, setDirection, E]]]></instruction>
        <slimResult><![CDATA[/__VOID__/]]></slimResult>
                <expectation>
          <status>ignored</status>
          <instructionId>decisionTable_2_6</instructionId>
          <col>2</col>
          <row>2</row>
          <type>VoidReturnExpectation</type>
                    <actual><![CDATA[/__VOID__/]]></actual>
                              <expected><![CDATA[E]]></expected>
                              <evaluationMessage><![CDATA[E]]></evaluationMessage>
                  </expectation>
        
      </instructionResult>
            <instructionResult>
        <instruction><![CDATA[[decisionTable_2_7, call, decisionTable_2, execute]]]></instruction>
        <slimResult><![CDATA[/__VOID__/]]></slimResult>
        
      </instructionResult>
            <instructionResult>
        <instruction><![CDATA[[decisionTable_2_8, call, decisionTable_2, endTable]]]></instruction>
        <slimResult><![CDATA[__EXCEPTION__:message:<<NO_METHOD_IN_CLASS endtable HuntTheWumpusDotNet.fixtures.MakeMap>> fitSharp.Machine.Exception.MemberMissingException: Member 'endtable' with 0 parameter(s) not found for type 'HuntTheWumpusDotNet.fixtures.MakeMap'.
   at fitSharp.Machine.Model.TypedValue.ThrowExceptionIfNotValid()
   at fitSharp.Slim.Operators.ExecuteCall.ExecuteOperation(Tree`1 parameters)
   at fitSharp.Slim.Operators.InvokeInstructionBase.Invoke(TypedValue instance, MemberName memberName, Tree`1 parameters)]]></slimResult>
        
      </instructionResult>
            <instructionResult>
        <instruction><![CDATA[[scriptTable_3_0, call, scriptTableActor, putInCavern, player, 1]]]></instruction>
        <slimResult><![CDATA[Exception: <a href=#scriptTable_3_0>scriptTable_3_0</a>]]></slimResult>
                <expectation>
          <status>ignored</status>
          <instructionId>scriptTable_3_0</instructionId>
          <col>1</col>
          <row>1</row>
          <type>ArgumentExpectation</type>
                                        <evaluationMessage><![CDATA[]]></evaluationMessage>
                  </expectation>
                <expectation>
          <status>ignored</status>
          <instructionId>scriptTable_3_0</instructionId>
          <col>3</col>
          <row>1</row>
          <type>ArgumentExpectation</type>
                                        <evaluationMessage><![CDATA[]]></evaluationMessage>
                  </expectation>
                <expectation>
          <status>ignored</status>
          <instructionId>scriptTable_3_0</instructionId>
          <col>0</col>
          <row>1</row>
          <type>ScriptActionExpectation</type>
                    <actual><![CDATA[Exception: <a href=#scriptTable_3_0>scriptTable_3_0</a>]]></actual>
                              <expected><![CDATA[put]]></expected>
                              <evaluationMessage><![CDATA[put]]></evaluationMessage>
                  </expectation>
        
      </instructionResult>
            <instructionResult>
        <instruction><![CDATA[[scriptTable_3_1, call, scriptTableActor, setQuiverTo, 1]]]></instruction>
        <slimResult><![CDATA[/__VOID__/]]></slimResult>
                <expectation>
          <status>ignored</status>
          <instructionId>scriptTable_3_1</instructionId>
          <col>1</col>
          <row>2</row>
          <type>ArgumentExpectation</type>
                                        <evaluationMessage><![CDATA[]]></evaluationMessage>
                  </expectation>
                <expectation>
          <status>ignored</status>
          <instructionId>scriptTable_3_1</instructionId>
          <col>0</col>
          <row>2</row>
          <type>ScriptActionExpectation</type>
                    <actual><![CDATA[/__VOID__/]]></actual>
                              <expected><![CDATA[set quiver to]]></expected>
                              <evaluationMessage><![CDATA[set quiver to]]></evaluationMessage>
                  </expectation>
        
      </instructionResult>
            <instructionResult>
        <instruction><![CDATA[[scriptTable_3_2, call, scriptTableActor, enterCommand, shoot west]]]></instruction>
        <slimResult><![CDATA[Exception: <a href=#scriptTable_3_2>scriptTable_3_2</a>]]></slimResult>
                <expectation>
          <status>ignored</status>
          <instructionId>scriptTable_3_2</instructionId>
          <col>1</col>
          <row>3</row>
          <type>ArgumentExpectation</type>
                                        <evaluationMessage><![CDATA[]]></evaluationMessage>
                  </expectation>
                <expectation>
          <status>ignored</status>
          <instructionId>scriptTable_3_2</instructionId>
          <col>0</col>
          <row>3</row>
          <type>ScriptActionExpectation</type>
                    <actual><![CDATA[Exception: <a href=#scriptTable_3_2>scriptTable_3_2</a>]]></actual>
                              <expected><![CDATA[enter command]]></expected>
                              <evaluationMessage><![CDATA[enter command]]></evaluationMessage>
                  </expectation>
        
      </instructionResult>
            <instructionResult>
        <instruction><![CDATA[[queryTable_4_0, make, queryTable_4, MessagesPrinted]]]></instruction>
        <slimResult><![CDATA[OK]]></slimResult>
                <expectation>
          <status>right</status>
          <instructionId>queryTable_4_0</instructionId>
          <col>0</col>
          <row>0</row>
          <type>ConstructionExpectation</type>
                    <actual><![CDATA[OK]]></actual>
                              <expected><![CDATA[Subset Query: Messages Printed]]></expected>
                              <evaluationMessage><![CDATA[pass(Subset Query: Messages Printed)]]></evaluationMessage>
                  </expectation>
        
      </instructionResult>
            <instructionResult>
        <instruction><![CDATA[[queryTable_4_1, call, queryTable_4, table, [[message], [The arrow bounced off the wall and killed you.], [Game over.]]]]]></instruction>
        <slimResult><![CDATA[__EXCEPTION__:message:<<NO_METHOD_IN_CLASS table HuntTheWumpusDotNet.fixtures.MessagesPrinted>> fitSharp.Machine.Exception.MemberMissingException: Member 'table' with 1 parameter(s) not found for type 'HuntTheWumpusDotNet.fixtures.MessagesPrinted'.
   at fitSharp.Machine.Model.TypedValue.ThrowExceptionIfNotValid()
   at fitSharp.Slim.Operators.ExecuteCall.ExecuteOperation(Tree`1 parameters)
   at fitSharp.Slim.Operators.InvokeInstructionBase.Invoke(TypedValue instance, MemberName memberName, Tree`1 parameters)]]></slimResult>
        
      </instructionResult>
            <instructionResult>
        <instruction><![CDATA[[queryTable_4_2, call, queryTable_4, query]]]></instruction>
        <slimResult><![CDATA[[[[message, string]]]]]></slimResult>
        
      </instructionResult>
            <instructionResult>
        <instruction><![CDATA[[scriptTable_5_0, call, scriptTableActor, gameTerminated]]]></instruction>
        <slimResult><![CDATA[!error:Method gameterminated not found in HuntTheWumpusDotNet.fixtures.GameDriver]]></slimResult>
                <expectation>
          <status>ignored</status>
          <instructionId>scriptTable_5_0</instructionId>
          <col>0</col>
          <row>1</row>
          <type>EnsureActionExpectation</type>
                    <actual><![CDATA[!error:Method gameterminated not found in HuntTheWumpusDotNet.fixtures.GameDriver]]></actual>
                              <expected><![CDATA[ensure]]></expected>
                              <evaluationMessage><![CDATA[ensure error(Method gameterminated not found in HuntTheWumpusDotNet.fixtures.GameDriver)]]></evaluationMessage>
                  </expectation>
        
      </instructionResult>
      
    </instructions>
    
  </result>
  
    <finalCounts>
    <right>0</right>
    <wrong>0</wrong>
    <ignores>0</ignores>
    <exceptions>0</exceptions>
  </finalCounts>
  <totalRunTimeInMillis>0</totalRunTimeInMillis>
  
</testResults>

