<?xml version="1.0"?>
<testResults>
  <FitNesseVersion>v20121220</FitNesseVersion>
  <rootPath>TestPlayerDiesWhenArrowBouncesOffWallInSameCavern</rootPath>
    <result>
    <counts>
      <right>0</right>
      <wrong>0</wrong>
      <ignores>0</ignores>
      <exceptions>18</exceptions>
    </counts>
    <runTimeInMillis>29</runTimeInMillis>
    <content><![CDATA[<div class="collapsible closed"><ul><li><a href='#' class='expandall'>Expand All</a></li><li><a href='#' class='collapseall'>Collapse All</a></li></ul>
	<p class="title">Precompiled Libraries</p>
	<div><br/></div>
</div>
<br/><div class="collapsible closed"><ul><li><a href='#' class='expandall'>Expand All</a></li><li><a href='#' class='collapseall'>Collapse All</a></li></ul>
	<p class="title">Included page: <a href="HuntTheWumpus.SetUp">.HuntTheWumpus.SetUp</a> <a href="HuntTheWumpus.SetUp?edit&amp;redirectToReferer=true&amp;redirectAction=" class="edit">(edit)</a></p>
	<div><table _TABLENUMBER=2097446258676244438>
	<tr>
		<td>Import</td>
	</tr>
	<tr>
		<td>HuntTheWumpusDotNet.fixtures</td>
	</tr>
</table>
<br/><table _TABLENUMBER=7268983960774237472>
	<tr>
		<td>script</td>
		<td><span class="pass">HuntTheWumpusDotNet.fixtures.GameDriver</span></td>
	</tr>
</table>
</div>
</div>
<br/>If the player shoots in a direction that the arrow cannot go in, then the arrow bounces off the wall and kills the player.<br/><br/>Create a very simple map. [1]-[2]<br/><br/><table _TABLENUMBER=6792298417051042842>
	<tr>
		<td colspan="3"><span class="pass">Make Map</span></td>
	</tr>
	<tr>
		<td>start</td>
		<td>end</td>
		<td>direction</td>
	</tr>
	<tr>
		<td>1</td>
		<td>2</td>
		<td>E</td>
	</tr>
</table>
<br/><table _TABLENUMBER=3611958975979759777>
	<tr>
		<td>put <span class="error">Could not find class put</span></td>
		<td>player</td>
		<td>in cavern</td>
		<td colspan="2">1</td>
	</tr>
	<tr>
		<td>set quiver to</td>
		<td colspan="4">1</td>
	</tr>
	<tr>
		<td>enter command <span class="error">Method setsetquiverto not found in fitSharp.Slim.Operators.InvokeInstructionBase+NullInstance</span></td>
		<td colspan="4">shoot west <span class="error">Method set1 not found in fitSharp.Slim.Operators.InvokeInstructionBase+NullInstance</span></td>
	</tr>
	<tr>
		<td>check <span class="error">Method setsetquiverto not found in fitSharp.Slim.Operators.InvokeInstructionBase+NullInstance</span></td>
		<td>message <span class="error">Method set1 not found in fitSharp.Slim.Operators.InvokeInstructionBase+NullInstance</span></td>
		<td>The arrow bounced off the wall and killed you.</td>
		<td>was printed</td>
		<td>true</td>
	</tr>
	<tr>
		<td>check <span class="error">Method setsetquiverto not found in fitSharp.Slim.Operators.InvokeInstructionBase+NullInstance</span></td>
		<td>message <span class="error">Method set1 not found in fitSharp.Slim.Operators.InvokeInstructionBase+NullInstance</span></td>
		<td>Game over.</td>
		<td>was printed</td>
		<td>true</td>
	</tr>
	<tr>
		<td>check <span class="error">Method setsetquiverto not found in fitSharp.Slim.Operators.InvokeInstructionBase+NullInstance</span></td>
		<td>game terminated <span class="error">Method set1 not found in fitSharp.Slim.Operators.InvokeInstructionBase+NullInstance</span></td>
		<td colspan="3">true</td>
	</tr>
</table>
<br/><br/>]]></content>
    <relativePageName>TestPlayerDiesWhenArrowBouncesOffWallInSameCavern</relativePageName>
    
        <tables>
            <table>
        <name>import_0</name>
                <row>
                    <col><![CDATA[Import]]></col>
          
        </row>
                <row>
                    <col><![CDATA[HuntTheWumpusDotNet.fixtures]]></col>
          
        </row>
        
      </table>
            <table>
        <name>scriptTable_1</name>
                <row>
                    <col><![CDATA[script]]></col>
                    <col><![CDATA[pass(HuntTheWumpusDotNet.fixtures.GameDriver)]]></col>
          
        </row>
        
      </table>
            <table>
        <name>decisionTable_2</name>
                <row>
                    <col><![CDATA[pass(Make Map)]]></col>
          
        </row>
                <row>
                    <col><![CDATA[start]]></col>
                    <col><![CDATA[end]]></col>
                    <col><![CDATA[direction]]></col>
          
        </row>
                <row>
                    <col><![CDATA[1]]></col>
                    <col><![CDATA[2]]></col>
                    <col><![CDATA[E]]></col>
          
        </row>
        
      </table>
            <table>
        <name>decisionTable_3</name>
                <row>
                    <col><![CDATA[put error(Could not find class put)]]></col>
                    <col><![CDATA[player]]></col>
                    <col><![CDATA[in cavern]]></col>
                    <col><![CDATA[1]]></col>
          
        </row>
                <row>
                    <col><![CDATA[set quiver to]]></col>
                    <col><![CDATA[1]]></col>
          
        </row>
                <row>
                    <col><![CDATA[enter command error(Method setsetquiverto not found in fitSharp.Slim.Operators.InvokeInstructionBase+NullInstance)]]></col>
                    <col><![CDATA[shoot west error(Method set1 not found in fitSharp.Slim.Operators.InvokeInstructionBase+NullInstance)]]></col>
          
        </row>
                <row>
                    <col><![CDATA[check error(Method setsetquiverto not found in fitSharp.Slim.Operators.InvokeInstructionBase+NullInstance)]]></col>
                    <col><![CDATA[message error(Method set1 not found in fitSharp.Slim.Operators.InvokeInstructionBase+NullInstance)]]></col>
                    <col><![CDATA[The arrow bounced off the wall and killed you.]]></col>
                    <col><![CDATA[was printed]]></col>
                    <col><![CDATA[true]]></col>
          
        </row>
                <row>
                    <col><![CDATA[check error(Method setsetquiverto not found in fitSharp.Slim.Operators.InvokeInstructionBase+NullInstance)]]></col>
                    <col><![CDATA[message error(Method set1 not found in fitSharp.Slim.Operators.InvokeInstructionBase+NullInstance)]]></col>
                    <col><![CDATA[Game over.]]></col>
                    <col><![CDATA[was printed]]></col>
                    <col><![CDATA[true]]></col>
          
        </row>
                <row>
                    <col><![CDATA[check error(Method setsetquiverto not found in fitSharp.Slim.Operators.InvokeInstructionBase+NullInstance)]]></col>
                    <col><![CDATA[game terminated error(Method set1 not found in fitSharp.Slim.Operators.InvokeInstructionBase+NullInstance)]]></col>
                    <col><![CDATA[true]]></col>
          
        </row>
        
      </table>
      
    </tables>
    
    
    <instructions>
            <instructionResult>
        <instruction><![CDATA[[import_0_0, import, HuntTheWumpusDotNet.fixtures]]]></instruction>
        <slimResult><![CDATA[OK]]></slimResult>
        
      </instructionResult>
            <instructionResult>
        <instruction><![CDATA[[scriptTable_1_0, make, scriptTableActor, HuntTheWumpusDotNet.fixtures.GameDriver]]]></instruction>
        <slimResult><![CDATA[OK]]></slimResult>
                <expectation>
          <status>right</status>
          <instructionId>scriptTable_1_0</instructionId>
          <col>1</col>
          <row>0</row>
          <type>ConstructionExpectation</type>
                    <actual><![CDATA[OK]]></actual>
                              <expected><![CDATA[HuntTheWumpusDotNet.fixtures.GameDriver]]></expected>
                              <evaluationMessage><![CDATA[pass(HuntTheWumpusDotNet.fixtures.GameDriver)]]></evaluationMessage>
                  </expectation>
        
      </instructionResult>
            <instructionResult>
        <instruction><![CDATA[[decisionTable_2_0, make, decisionTable_2, MakeMap]]]></instruction>
        <slimResult><![CDATA[OK]]></slimResult>
                <expectation>
          <status>right</status>
          <instructionId>decisionTable_2_0</instructionId>
          <col>0</col>
          <row>0</row>
          <type>ConstructionExpectation</type>
                    <actual><![CDATA[OK]]></actual>
                              <expected><![CDATA[Make Map]]></expected>
                              <evaluationMessage><![CDATA[pass(Make Map)]]></evaluationMessage>
                  </expectation>
        
      </instructionResult>
            <instructionResult>
        <instruction><![CDATA[[decisionTable_2_1, call, decisionTable_2, table, [[start, end, direction], [1, 2, E]]]]]></instruction>
        <slimResult><![CDATA[__EXCEPTION__:message:<<NO_METHOD_IN_CLASS table HuntTheWumpusDotNet.fixtures.MakeMap>> fitSharp.Machine.Exception.MemberMissingException: Member 'table' with 1 parameter(s) not found for type 'HuntTheWumpusDotNet.fixtures.MakeMap'.
   at fitSharp.Machine.Model.TypedValue.ThrowExceptionIfNotValid()
   at fitSharp.Slim.Operators.ExecuteCall.ExecuteOperation(Tree`1 parameters)
   at fitSharp.Slim.Operators.InvokeInstructionBase.Invoke(TypedValue instance, MemberName memberName, Tree`1 parameters)]]></slimResult>
        
      </instructionResult>
            <instructionResult>
        <instruction><![CDATA[[decisionTable_2_2, call, decisionTable_2, beginTable]]]></instruction>
        <slimResult><![CDATA[__EXCEPTION__:message:<<NO_METHOD_IN_CLASS begintable HuntTheWumpusDotNet.fixtures.MakeMap>> fitSharp.Machine.Exception.MemberMissingException: Member 'begintable' with 0 parameter(s) not found for type 'HuntTheWumpusDotNet.fixtures.MakeMap'.
   at fitSharp.Machine.Model.TypedValue.ThrowExceptionIfNotValid()
   at fitSharp.Slim.Operators.ExecuteCall.ExecuteOperation(Tree`1 parameters)
   at fitSharp.Slim.Operators.InvokeInstructionBase.Invoke(TypedValue instance, MemberName memberName, Tree`1 parameters)]]></slimResult>
        
      </instructionResult>
            <instructionResult>
        <instruction><![CDATA[[decisionTable_2_3, call, decisionTable_2, reset]]]></instruction>
        <slimResult><![CDATA[__EXCEPTION__:message:<<NO_METHOD_IN_CLASS reset HuntTheWumpusDotNet.fixtures.MakeMap>> fitSharp.Machine.Exception.MemberMissingException: Member 'reset' with 0 parameter(s) not found for type 'HuntTheWumpusDotNet.fixtures.MakeMap'.
   at fitSharp.Machine.Model.TypedValue.ThrowExceptionIfNotValid()
   at fitSharp.Slim.Operators.ExecuteCall.ExecuteOperation(Tree`1 parameters)
   at fitSharp.Slim.Operators.InvokeInstructionBase.Invoke(TypedValue instance, MemberName memberName, Tree`1 parameters)]]></slimResult>
        
      </instructionResult>
            <instructionResult>
        <instruction><![CDATA[[decisionTable_2_4, call, decisionTable_2, setStart, 1]]]></instruction>
        <slimResult><![CDATA[/__VOID__/]]></slimResult>
                <expectation>
          <status>ignored</status>
          <instructionId>decisionTable_2_4</instructionId>
          <col>0</col>
          <row>2</row>
          <type>VoidReturnExpectation</type>
                    <actual><![CDATA[/__VOID__/]]></actual>
                              <expected><![CDATA[1]]></expected>
                              <evaluationMessage><![CDATA[1]]></evaluationMessage>
                  </expectation>
        
      </instructionResult>
            <instructionResult>
        <instruction><![CDATA[[decisionTable_2_5, call, decisionTable_2, setEnd, 2]]]></instruction>
        <slimResult><![CDATA[/__VOID__/]]></slimResult>
                <expectation>
          <status>ignored</status>
          <instructionId>decisionTable_2_5</instructionId>
          <col>1</col>
          <row>2</row>
          <type>VoidReturnExpectation</type>
                    <actual><![CDATA[/__VOID__/]]></actual>
                              <expected><![CDATA[2]]></expected>
                              <evaluationMessage><![CDATA[2]]></evaluationMessage>
                  </expectation>
        
      </instructionResult>
            <instructionResult>
        <instruction><![CDATA[[decisionTable_2_6, call, decisionTable_2, setDirection, E]]]></instruction>
        <slimResult><![CDATA[/__VOID__/]]></slimResult>
                <expectation>
          <status>ignored</status>
          <instructionId>decisionTable_2_6</instructionId>
          <col>2</col>
          <row>2</row>
          <type>VoidReturnExpectation</type>
                    <actual><![CDATA[/__VOID__/]]></actual>
                              <expected><![CDATA[E]]></expected>
                              <evaluationMessage><![CDATA[E]]></evaluationMessage>
                  </expectation>
        
      </instructionResult>
            <instructionResult>
        <instruction><![CDATA[[decisionTable_2_7, call, decisionTable_2, execute]]]></instruction>
        <slimResult><![CDATA[/__VOID__/]]></slimResult>
        
      </instructionResult>
            <instructionResult>
        <instruction><![CDATA[[decisionTable_2_8, call, decisionTable_2, endTable]]]></instruction>
        <slimResult><![CDATA[__EXCEPTION__:message:<<NO_METHOD_IN_CLASS endtable HuntTheWumpusDotNet.fixtures.MakeMap>> fitSharp.Machine.Exception.MemberMissingException: Member 'endtable' with 0 parameter(s) not found for type 'HuntTheWumpusDotNet.fixtures.MakeMap'.
   at fitSharp.Machine.Model.TypedValue.ThrowExceptionIfNotValid()
   at fitSharp.Slim.Operators.ExecuteCall.ExecuteOperation(Tree`1 parameters)
   at fitSharp.Slim.Operators.InvokeInstructionBase.Invoke(TypedValue instance, MemberName memberName, Tree`1 parameters)]]></slimResult>
        
      </instructionResult>
            <instructionResult>
        <instruction><![CDATA[[decisionTable_3_0, make, decisionTable_3, put, player, in cavern, 1]]]></instruction>
        <slimResult><![CDATA[!error:Could not find class put]]></slimResult>
                <expectation>
          <status>ignored</status>
          <instructionId>decisionTable_3_0</instructionId>
          <col>0</col>
          <row>0</row>
          <type>ConstructionExpectation</type>
                    <actual><![CDATA[!error:Could not find class put]]></actual>
                              <expected><![CDATA[put]]></expected>
                              <evaluationMessage><![CDATA[put error(Could not find class put)]]></evaluationMessage>
                  </expectation>
        
      </instructionResult>
            <instructionResult>
        <instruction><![CDATA[[decisionTable_3_1, call, decisionTable_3, table, [[set quiver to, 1], [enter command, shoot west], [check, message, The arrow bounced off the wall and killed you., was printed, true], [check, message, Game over., was printed, true], [check, game terminated, true]]]]]></instruction>
        <slimResult><![CDATA[__EXCEPTION__:message:<<NO_METHOD_IN_CLASS table fitSharp.Slim.Operators.InvokeInstructionBase+NullInstance>> fitSharp.Machine.Exception.MemberMissingException: Member 'table' with 1 parameter(s) not found for type 'fitSharp.Slim.Operators.InvokeInstructionBase+NullInstance'.
   at fitSharp.Machine.Model.TypedValue.ThrowExceptionIfNotValid()
   at fitSharp.Slim.Operators.ExecuteCall.ExecuteOperation(Tree`1 parameters)
   at fitSharp.Slim.Operators.InvokeInstructionBase.Invoke(TypedValue instance, MemberName memberName, Tree`1 parameters)]]></slimResult>
                <expectation>
          <status>ignored</status>
          <instructionId>decisionTable_3_1</instructionId>
          <col>1</col>
          <row>0</row>
          <type>VoidReturnExpectation</type>
                    <actual><![CDATA[__EXCEPTION__:message:<<NO_METHOD_IN_CLASS table fitSharp.Slim.Operators.InvokeInstructionBase+NullInstance>> fitSharp.Machine.Exception.MemberMissingException: Member 'table' with 1 parameter(s) not found for type 'fitSharp.Slim.Operators.InvokeInstructionBase+NullInstance'.
   at fitSharp.Machine.Model.TypedValue.ThrowExceptionIfNotValid()
   at fitSharp.Slim.Operators.ExecuteCall.ExecuteOperation(Tree`1 parameters)
   at fitSharp.Slim.Operators.InvokeInstructionBase.Invoke(TypedValue instance, MemberName memberName, Tree`1 parameters)]]></actual>
                              <expected><![CDATA[player]]></expected>
                              <evaluationMessage><![CDATA[player]]></evaluationMessage>
                  </expectation>
                <expectation>
          <status>ignored</status>
          <instructionId>decisionTable_3_1</instructionId>
          <col>2</col>
          <row>0</row>
          <type>VoidReturnExpectation</type>
                    <actual><![CDATA[__EXCEPTION__:message:<<NO_METHOD_IN_CLASS table fitSharp.Slim.Operators.InvokeInstructionBase+NullInstance>> fitSharp.Machine.Exception.MemberMissingException: Member 'table' with 1 parameter(s) not found for type 'fitSharp.Slim.Operators.InvokeInstructionBase+NullInstance'.
   at fitSharp.Machine.Model.TypedValue.ThrowExceptionIfNotValid()
   at fitSharp.Slim.Operators.ExecuteCall.ExecuteOperation(Tree`1 parameters)
   at fitSharp.Slim.Operators.InvokeInstructionBase.Invoke(TypedValue instance, MemberName memberName, Tree`1 parameters)]]></actual>
                              <expected><![CDATA[in cavern]]></expected>
                              <evaluationMessage><![CDATA[in cavern]]></evaluationMessage>
                  </expectation>
                <expectation>
          <status>ignored</status>
          <instructionId>decisionTable_3_1</instructionId>
          <col>3</col>
          <row>0</row>
          <type>VoidReturnExpectation</type>
                    <actual><![CDATA[__EXCEPTION__:message:<<NO_METHOD_IN_CLASS table fitSharp.Slim.Operators.InvokeInstructionBase+NullInstance>> fitSharp.Machine.Exception.MemberMissingException: Member 'table' with 1 parameter(s) not found for type 'fitSharp.Slim.Operators.InvokeInstructionBase+NullInstance'.
   at fitSharp.Machine.Model.TypedValue.ThrowExceptionIfNotValid()
   at fitSharp.Slim.Operators.ExecuteCall.ExecuteOperation(Tree`1 parameters)
   at fitSharp.Slim.Operators.InvokeInstructionBase.Invoke(TypedValue instance, MemberName memberName, Tree`1 parameters)]]></actual>
                              <expected><![CDATA[1]]></expected>
                              <evaluationMessage><![CDATA[1]]></evaluationMessage>
                  </expectation>
        
      </instructionResult>
            <instructionResult>
        <instruction><![CDATA[[decisionTable_3_2, call, decisionTable_3, beginTable]]]></instruction>
        <slimResult><![CDATA[__EXCEPTION__:message:<<NO_METHOD_IN_CLASS begintable fitSharp.Slim.Operators.InvokeInstructionBase+NullInstance>> fitSharp.Machine.Exception.MemberMissingException: Member 'begintable' with 0 parameter(s) not found for type 'fitSharp.Slim.Operators.InvokeInstructionBase+NullInstance'.
   at fitSharp.Machine.Model.TypedValue.ThrowExceptionIfNotValid()
   at fitSharp.Slim.Operators.ExecuteCall.ExecuteOperation(Tree`1 parameters)
   at fitSharp.Slim.Operators.InvokeInstructionBase.Invoke(TypedValue instance, MemberName memberName, Tree`1 parameters)]]></slimResult>
        
      </instructionResult>
            <instructionResult>
        <instruction><![CDATA[[decisionTable_3_3, call, decisionTable_3, reset]]]></instruction>
        <slimResult><![CDATA[__EXCEPTION__:message:<<NO_METHOD_IN_CLASS reset fitSharp.Slim.Operators.InvokeInstructionBase+NullInstance>> fitSharp.Machine.Exception.MemberMissingException: Member 'reset' with 0 parameter(s) not found for type 'fitSharp.Slim.Operators.InvokeInstructionBase+NullInstance'.
   at fitSharp.Machine.Model.TypedValue.ThrowExceptionIfNotValid()
   at fitSharp.Slim.Operators.ExecuteCall.ExecuteOperation(Tree`1 parameters)
   at fitSharp.Slim.Operators.InvokeInstructionBase.Invoke(TypedValue instance, MemberName memberName, Tree`1 parameters)]]></slimResult>
        
      </instructionResult>
            <instructionResult>
        <instruction><![CDATA[[decisionTable_3_4, call, decisionTable_3, setSetQuiverTo, enter command]]]></instruction>
        <slimResult><![CDATA[!error:Method setsetquiverto not found in fitSharp.Slim.Operators.InvokeInstructionBase+NullInstance]]></slimResult>
                <expectation>
          <status>ignored</status>
          <instructionId>decisionTable_3_4</instructionId>
          <col>0</col>
          <row>2</row>
          <type>VoidReturnExpectation</type>
                    <actual><![CDATA[!error:Method setsetquiverto not found in fitSharp.Slim.Operators.InvokeInstructionBase+NullInstance]]></actual>
                              <expected><![CDATA[enter command]]></expected>
                              <evaluationMessage><![CDATA[enter command error(Method setsetquiverto not found in fitSharp.Slim.Operators.InvokeInstructionBase+NullInstance)]]></evaluationMessage>
                  </expectation>
        
      </instructionResult>
            <instructionResult>
        <instruction><![CDATA[[decisionTable_3_5, call, decisionTable_3, set1, shoot west]]]></instruction>
        <slimResult><![CDATA[!error:Method set1 not found in fitSharp.Slim.Operators.InvokeInstructionBase+NullInstance]]></slimResult>
                <expectation>
          <status>ignored</status>
          <instructionId>decisionTable_3_5</instructionId>
          <col>1</col>
          <row>2</row>
          <type>VoidReturnExpectation</type>
                    <actual><![CDATA[!error:Method set1 not found in fitSharp.Slim.Operators.InvokeInstructionBase+NullInstance]]></actual>
                              <expected><![CDATA[shoot west]]></expected>
                              <evaluationMessage><![CDATA[shoot west error(Method set1 not found in fitSharp.Slim.Operators.InvokeInstructionBase+NullInstance)]]></evaluationMessage>
                  </expectation>
        
      </instructionResult>
            <instructionResult>
        <instruction><![CDATA[[decisionTable_3_6, call, decisionTable_3, execute]]]></instruction>
        <slimResult><![CDATA[__EXCEPTION__:message:<<NO_METHOD_IN_CLASS execute fitSharp.Slim.Operators.InvokeInstructionBase+NullInstance>> fitSharp.Machine.Exception.MemberMissingException: Member 'execute' with 0 parameter(s) not found for type 'fitSharp.Slim.Operators.InvokeInstructionBase+NullInstance'.
   at fitSharp.Machine.Model.TypedValue.ThrowExceptionIfNotValid()
   at fitSharp.Slim.Operators.ExecuteCall.ExecuteOperation(Tree`1 parameters)
   at fitSharp.Slim.Operators.InvokeInstructionBase.Invoke(TypedValue instance, MemberName memberName, Tree`1 parameters)]]></slimResult>
        
      </instructionResult>
            <instructionResult>
        <instruction><![CDATA[[decisionTable_3_7, call, decisionTable_3, reset]]]></instruction>
        <slimResult><![CDATA[__EXCEPTION__:message:<<NO_METHOD_IN_CLASS reset fitSharp.Slim.Operators.InvokeInstructionBase+NullInstance>> fitSharp.Machine.Exception.MemberMissingException: Member 'reset' with 0 parameter(s) not found for type 'fitSharp.Slim.Operators.InvokeInstructionBase+NullInstance'.
   at fitSharp.Machine.Model.TypedValue.ThrowExceptionIfNotValid()
   at fitSharp.Slim.Operators.ExecuteCall.ExecuteOperation(Tree`1 parameters)
   at fitSharp.Slim.Operators.InvokeInstructionBase.Invoke(TypedValue instance, MemberName memberName, Tree`1 parameters)]]></slimResult>
        
      </instructionResult>
            <instructionResult>
        <instruction><![CDATA[[decisionTable_3_8, call, decisionTable_3, setSetQuiverTo, check]]]></instruction>
        <slimResult><![CDATA[!error:Method setsetquiverto not found in fitSharp.Slim.Operators.InvokeInstructionBase+NullInstance]]></slimResult>
                <expectation>
          <status>ignored</status>
          <instructionId>decisionTable_3_8</instructionId>
          <col>0</col>
          <row>3</row>
          <type>VoidReturnExpectation</type>
                    <actual><![CDATA[!error:Method setsetquiverto not found in fitSharp.Slim.Operators.InvokeInstructionBase+NullInstance]]></actual>
                              <expected><![CDATA[check]]></expected>
                              <evaluationMessage><![CDATA[check error(Method setsetquiverto not found in fitSharp.Slim.Operators.InvokeInstructionBase+NullInstance)]]></evaluationMessage>
                  </expectation>
        
      </instructionResult>
            <instructionResult>
        <instruction><![CDATA[[decisionTable_3_9, call, decisionTable_3, set1, message]]]></instruction>
        <slimResult><![CDATA[!error:Method set1 not found in fitSharp.Slim.Operators.InvokeInstructionBase+NullInstance]]></slimResult>
                <expectation>
          <status>ignored</status>
          <instructionId>decisionTable_3_9</instructionId>
          <col>1</col>
          <row>3</row>
          <type>VoidReturnExpectation</type>
                    <actual><![CDATA[!error:Method set1 not found in fitSharp.Slim.Operators.InvokeInstructionBase+NullInstance]]></actual>
                              <expected><![CDATA[message]]></expected>
                              <evaluationMessage><![CDATA[message error(Method set1 not found in fitSharp.Slim.Operators.InvokeInstructionBase+NullInstance)]]></evaluationMessage>
                  </expectation>
        
      </instructionResult>
            <instructionResult>
        <instruction><![CDATA[[decisionTable_3_10, call, decisionTable_3, execute]]]></instruction>
        <slimResult><![CDATA[__EXCEPTION__:message:<<NO_METHOD_IN_CLASS execute fitSharp.Slim.Operators.InvokeInstructionBase+NullInstance>> fitSharp.Machine.Exception.MemberMissingException: Member 'execute' with 0 parameter(s) not found for type 'fitSharp.Slim.Operators.InvokeInstructionBase+NullInstance'.
   at fitSharp.Machine.Model.TypedValue.ThrowExceptionIfNotValid()
   at fitSharp.Slim.Operators.ExecuteCall.ExecuteOperation(Tree`1 parameters)
   at fitSharp.Slim.Operators.InvokeInstructionBase.Invoke(TypedValue instance, MemberName memberName, Tree`1 parameters)]]></slimResult>
        
      </instructionResult>
            <instructionResult>
        <instruction><![CDATA[[decisionTable_3_11, call, decisionTable_3, reset]]]></instruction>
        <slimResult><![CDATA[__EXCEPTION__:message:<<NO_METHOD_IN_CLASS reset fitSharp.Slim.Operators.InvokeInstructionBase+NullInstance>> fitSharp.Machine.Exception.MemberMissingException: Member 'reset' with 0 parameter(s) not found for type 'fitSharp.Slim.Operators.InvokeInstructionBase+NullInstance'.
   at fitSharp.Machine.Model.TypedValue.ThrowExceptionIfNotValid()
   at fitSharp.Slim.Operators.ExecuteCall.ExecuteOperation(Tree`1 parameters)
   at fitSharp.Slim.Operators.InvokeInstructionBase.Invoke(TypedValue instance, MemberName memberName, Tree`1 parameters)]]></slimResult>
        
      </instructionResult>
            <instructionResult>
        <instruction><![CDATA[[decisionTable_3_12, call, decisionTable_3, setSetQuiverTo, check]]]></instruction>
        <slimResult><![CDATA[!error:Method setsetquiverto not found in fitSharp.Slim.Operators.InvokeInstructionBase+NullInstance]]></slimResult>
                <expectation>
          <status>ignored</status>
          <instructionId>decisionTable_3_12</instructionId>
          <col>0</col>
          <row>4</row>
          <type>VoidReturnExpectation</type>
                    <actual><![CDATA[!error:Method setsetquiverto not found in fitSharp.Slim.Operators.InvokeInstructionBase+NullInstance]]></actual>
                              <expected><![CDATA[check]]></expected>
                              <evaluationMessage><![CDATA[check error(Method setsetquiverto not found in fitSharp.Slim.Operators.InvokeInstructionBase+NullInstance)]]></evaluationMessage>
                  </expectation>
        
      </instructionResult>
            <instructionResult>
        <instruction><![CDATA[[decisionTable_3_13, call, decisionTable_3, set1, message]]]></instruction>
        <slimResult><![CDATA[!error:Method set1 not found in fitSharp.Slim.Operators.InvokeInstructionBase+NullInstance]]></slimResult>
                <expectation>
          <status>ignored</status>
          <instructionId>decisionTable_3_13</instructionId>
          <col>1</col>
          <row>4</row>
          <type>VoidReturnExpectation</type>
                    <actual><![CDATA[!error:Method set1 not found in fitSharp.Slim.Operators.InvokeInstructionBase+NullInstance]]></actual>
                              <expected><![CDATA[message]]></expected>
                              <evaluationMessage><![CDATA[message error(Method set1 not found in fitSharp.Slim.Operators.InvokeInstructionBase+NullInstance)]]></evaluationMessage>
                  </expectation>
        
      </instructionResult>
            <instructionResult>
        <instruction><![CDATA[[decisionTable_3_14, call, decisionTable_3, execute]]]></instruction>
        <slimResult><![CDATA[__EXCEPTION__:message:<<NO_METHOD_IN_CLASS execute fitSharp.Slim.Operators.InvokeInstructionBase+NullInstance>> fitSharp.Machine.Exception.MemberMissingException: Member 'execute' with 0 parameter(s) not found for type 'fitSharp.Slim.Operators.InvokeInstructionBase+NullInstance'.
   at fitSharp.Machine.Model.TypedValue.ThrowExceptionIfNotValid()
   at fitSharp.Slim.Operators.ExecuteCall.ExecuteOperation(Tree`1 parameters)
   at fitSharp.Slim.Operators.InvokeInstructionBase.Invoke(TypedValue instance, MemberName memberName, Tree`1 parameters)]]></slimResult>
        
      </instructionResult>
            <instructionResult>
        <instruction><![CDATA[[decisionTable_3_15, call, decisionTable_3, reset]]]></instruction>
        <slimResult><![CDATA[__EXCEPTION__:message:<<NO_METHOD_IN_CLASS reset fitSharp.Slim.Operators.InvokeInstructionBase+NullInstance>> fitSharp.Machine.Exception.MemberMissingException: Member 'reset' with 0 parameter(s) not found for type 'fitSharp.Slim.Operators.InvokeInstructionBase+NullInstance'.
   at fitSharp.Machine.Model.TypedValue.ThrowExceptionIfNotValid()
   at fitSharp.Slim.Operators.ExecuteCall.ExecuteOperation(Tree`1 parameters)
   at fitSharp.Slim.Operators.InvokeInstructionBase.Invoke(TypedValue instance, MemberName memberName, Tree`1 parameters)]]></slimResult>
        
      </instructionResult>
            <instructionResult>
        <instruction><![CDATA[[decisionTable_3_16, call, decisionTable_3, setSetQuiverTo, check]]]></instruction>
        <slimResult><![CDATA[!error:Method setsetquiverto not found in fitSharp.Slim.Operators.InvokeInstructionBase+NullInstance]]></slimResult>
                <expectation>
          <status>ignored</status>
          <instructionId>decisionTable_3_16</instructionId>
          <col>0</col>
          <row>5</row>
          <type>VoidReturnExpectation</type>
                    <actual><![CDATA[!error:Method setsetquiverto not found in fitSharp.Slim.Operators.InvokeInstructionBase+NullInstance]]></actual>
                              <expected><![CDATA[check]]></expected>
                              <evaluationMessage><![CDATA[check error(Method setsetquiverto not found in fitSharp.Slim.Operators.InvokeInstructionBase+NullInstance)]]></evaluationMessage>
                  </expectation>
        
      </instructionResult>
            <instructionResult>
        <instruction><![CDATA[[decisionTable_3_17, call, decisionTable_3, set1, game terminated]]]></instruction>
        <slimResult><![CDATA[!error:Method set1 not found in fitSharp.Slim.Operators.InvokeInstructionBase+NullInstance]]></slimResult>
                <expectation>
          <status>ignored</status>
          <instructionId>decisionTable_3_17</instructionId>
          <col>1</col>
          <row>5</row>
          <type>VoidReturnExpectation</type>
                    <actual><![CDATA[!error:Method set1 not found in fitSharp.Slim.Operators.InvokeInstructionBase+NullInstance]]></actual>
                              <expected><![CDATA[game terminated]]></expected>
                              <evaluationMessage><![CDATA[game terminated error(Method set1 not found in fitSharp.Slim.Operators.InvokeInstructionBase+NullInstance)]]></evaluationMessage>
                  </expectation>
        
      </instructionResult>
            <instructionResult>
        <instruction><![CDATA[[decisionTable_3_18, call, decisionTable_3, execute]]]></instruction>
        <slimResult><![CDATA[__EXCEPTION__:message:<<NO_METHOD_IN_CLASS execute fitSharp.Slim.Operators.InvokeInstructionBase+NullInstance>> fitSharp.Machine.Exception.MemberMissingException: Member 'execute' with 0 parameter(s) not found for type 'fitSharp.Slim.Operators.InvokeInstructionBase+NullInstance'.
   at fitSharp.Machine.Model.TypedValue.ThrowExceptionIfNotValid()
   at fitSharp.Slim.Operators.ExecuteCall.ExecuteOperation(Tree`1 parameters)
   at fitSharp.Slim.Operators.InvokeInstructionBase.Invoke(TypedValue instance, MemberName memberName, Tree`1 parameters)]]></slimResult>
        
      </instructionResult>
            <instructionResult>
        <instruction><![CDATA[[decisionTable_3_19, call, decisionTable_3, endTable]]]></instruction>
        <slimResult><![CDATA[__EXCEPTION__:message:<<NO_METHOD_IN_CLASS endtable fitSharp.Slim.Operators.InvokeInstructionBase+NullInstance>> fitSharp.Machine.Exception.MemberMissingException: Member 'endtable' with 0 parameter(s) not found for type 'fitSharp.Slim.Operators.InvokeInstructionBase+NullInstance'.
   at fitSharp.Machine.Model.TypedValue.ThrowExceptionIfNotValid()
   at fitSharp.Slim.Operators.ExecuteCall.ExecuteOperation(Tree`1 parameters)
   at fitSharp.Slim.Operators.InvokeInstructionBase.Invoke(TypedValue instance, MemberName memberName, Tree`1 parameters)]]></slimResult>
        
      </instructionResult>
      
    </instructions>
    
  </result>
  
    <finalCounts>
    <right>0</right>
    <wrong>0</wrong>
    <ignores>0</ignores>
    <exceptions>0</exceptions>
  </finalCounts>
  <totalRunTimeInMillis>0</totalRunTimeInMillis>
  
</testResults>

