<?xml version="1.0"?>
<suiteResults>
  <FitNesseVersion>v20121220</FitNesseVersion>
  <rootPath>ArrowS</rootPath>
    <pageHistoryReference>
    <name>HuntTheWumpus.AllRequirements.IterationOne.ArrowS.PickUpArrow</name>
    <date>01/27/2013 23:48:37</date>
    <pageHistoryLink>HuntTheWumpus.AllRequirements.IterationOne.ArrowS.PickUpArrow?pageHistory&amp;resultDate=20130127234837</pageHistoryLink>
    <counts>
      <right>3</right>
      <wrong>4</wrong>
      <ignores>0</ignores>
      <exceptions>4</exceptions>
    </counts>
    <runTimeInMillis>315</runTimeInMillis>
  </pageHistoryReference>
    <pageHistoryReference>
    <name>HuntTheWumpus.AllRequirements.IterationOne.ArrowS.ShootArrow.TestAbbreviationsOfShootCommand</name>
    <date>01/27/2013 23:48:37</date>
    <pageHistoryLink>HuntTheWumpus.AllRequirements.IterationOne.ArrowS.ShootArrow.TestAbbreviationsOfShootCommand?pageHistory&amp;resultDate=20130127234837</pageHistoryLink>
    <counts>
      <right>0</right>
      <wrong>20</wrong>
      <ignores>0</ignores>
      <exceptions>6</exceptions>
    </counts>
    <runTimeInMillis>119</runTimeInMillis>
  </pageHistoryReference>
    <pageHistoryReference>
    <name>HuntTheWumpus.AllRequirements.IterationOne.ArrowS.ShootArrow.TestCanShootWhenThereAreArrows</name>
    <date>01/27/2013 23:48:37</date>
    <pageHistoryLink>HuntTheWumpus.AllRequirements.IterationOne.ArrowS.ShootArrow.TestCanShootWhenThereAreArrows?pageHistory&amp;resultDate=20130127234837</pageHistoryLink>
    <counts>
      <right>0</right>
      <wrong>1</wrong>
      <ignores>0</ignores>
      <exceptions>26</exceptions>
    </counts>
    <runTimeInMillis>75</runTimeInMillis>
  </pageHistoryReference>
    <pageHistoryReference>
    <name>HuntTheWumpus.AllRequirements.IterationOne.ArrowS.ShootArrow.TestCannotShootWhenThereAreNoArrows</name>
    <date>01/27/2013 23:48:37</date>
    <pageHistoryLink>HuntTheWumpus.AllRequirements.IterationOne.ArrowS.ShootArrow.TestCannotShootWhenThereAreNoArrows?pageHistory&amp;resultDate=20130127234837</pageHistoryLink>
    <counts>
      <right>0</right>
      <wrong>0</wrong>
      <ignores>0</ignores>
      <exceptions>10</exceptions>
    </counts>
    <runTimeInMillis>27</runTimeInMillis>
  </pageHistoryReference>
    <pageHistoryReference>
    <name>HuntTheWumpus.AllRequirements.IterationOne.ArrowS.ShootArrow.TestPlayerDiesWhenArrowBouncesOffWallInSameCavern</name>
    <date>01/27/2013 23:48:37</date>
    <pageHistoryLink>HuntTheWumpus.AllRequirements.IterationOne.ArrowS.ShootArrow.TestPlayerDiesWhenArrowBouncesOffWallInSameCavern?pageHistory&amp;resultDate=20130127234837</pageHistoryLink>
    <counts>
      <right>0</right>
      <wrong>0</wrong>
      <ignores>0</ignores>
      <exceptions>18</exceptions>
    </counts>
    <runTimeInMillis>23</runTimeInMillis>
  </pageHistoryReference>
    <finalCounts>
    <right>0</right>
    <wrong>3</wrong>
    <ignores>0</ignores>
    <exceptions>2</exceptions>
  </finalCounts>
  <totalRunTimeInMillis>1492</totalRunTimeInMillis>

</suiteResults>

