<?xml version="1.0"?>
<testResults>
  <FitNesseVersion>v20121220</FitNesseVersion>
  <rootPath>TestCantMoveOutOfMap</rootPath>
    <result>
    <counts>
      <right>0</right>
      <wrong>4</wrong>
      <ignores>0</ignores>
      <exceptions>0</exceptions>
    </counts>
    <runTimeInMillis>275</runTimeInMillis>
    <content><![CDATA[<br/><div class="collapsible closed"><ul><li><a href='#' class='expandall'>Expand All</a></li><li><a href='#' class='collapseall'>Collapse All</a></li></ul>
	<p class="title">Included page: <a href="HuntTheWumpus.SetUp">.HuntTheWumpus.SetUp</a> <a href="HuntTheWumpus.SetUp?edit&amp;redirectToReferer=true&amp;redirectAction=" class="edit">(edit)</a></p>
	<div><table>
	<tr>
		<td colspan="2"><span class="fit_interpreter">fitlibrary.DoFixture</span></td>
	</tr>
	<tr>
		<td><span class="fit_keyword">start</span></td>
		<td><span class="fit_SUT">HuntTheWumpusDotNet.fixtures.GameDriver</span></td>
	</tr>
</table>
<br/><table>
	<tr>
		<td><span class="fit_interpreter">Import</span></td>
	</tr>
	<tr>
		<td>fit</td>
	</tr>
	<tr>
		<td>HuntTheWumpusDotNet.fixtures</td>
	</tr>
</table>
</div>
</div>
<br/>If the player tries to move out of the map, the game should say: <i>"You can't go {} from here."</i>; where {} is the direction.<br/><br/><div class="collapsible"><ul><li><a href='#' class='expandall'>Expand All</a></li><li><a href='#' class='collapseall'>Collapse All</a></li></ul>
	<p class="title">Included page: <a href="HuntTheWumpus.AllRequirements.IterationOne.NavigatePlayer.DonutMap">DonutMap</a> <a href="HuntTheWumpus.AllRequirements.IterationOne.NavigatePlayer.DonutMap?edit&amp;redirectToReferer=true&amp;redirectAction=" class="edit">(edit)</a></p>
	<div><table>
	<tr>
		<td colspan="3"><span class="fit_interpreter">Make map</span></td>
	</tr>
	<tr>
		<td><span class="fit_member">start</span></td>
		<td><span class="fit_member">end</span></td>
		<td><span class="fit_member">direction</span></td>
	</tr>
	<tr>
		<td>1</td>
		<td>2</td>
		<td>E</td>
	</tr>
	<tr>
		<td>2</td>
		<td>3</td>
		<td>E</td>
	</tr>
	<tr>
		<td>3</td>
		<td>4</td>
		<td>S</td>
	</tr>
	<tr>
		<td>4</td>
		<td>5</td>
		<td>S</td>
	</tr>
	<tr>
		<td>5</td>
		<td>6</td>
		<td>W</td>
	</tr>
	<tr>
		<td>6</td>
		<td>7</td>
		<td>W</td>
	</tr>
	<tr>
		<td>7</td>
		<td>8</td>
		<td>N</td>
	</tr>
	<tr>
		<td>8</td>
		<td>1</td>
		<td>N</td>
	</tr>
</table>
</div>
</div>
<br/><br/><br/><table>
	<tr>
		<td><span class="fit_member">put</span></td>
		<td>player</td>
		<td><span class="fit_member">in cavern</span></td>
		<td>1</td>
	</tr>
	<tr>
		<td><span class="fit_member">enter command</span></td>
		<td colspan="3">W</td>
	</tr>
	<tr>
		<td><span class="fit_keyword">check</span></td>
		<td><span class="fit_member">message was printed</span></td>
		<td>You can't go west from here.</td>
		<td class="fail">true <span class="fit_label">expected</span><hr />False <span class="fit_label">actual</span></td>
	</tr>
	<tr>
		<td><span class="fit_member">enter command</span></td>
		<td colspan="3">N</td>
	</tr>
	<tr>
		<td><span class="fit_keyword">check</span></td>
		<td><span class="fit_member">message was printed</span></td>
		<td>You can't go north from here.</td>
		<td class="fail">true <span class="fit_label">expected</span><hr />False <span class="fit_label">actual</span></td>
	</tr>
	<tr>
		<td><span class="fit_member">put</span></td>
		<td>player</td>
		<td><span class="fit_member">in cavern</span></td>
		<td>5</td>
	</tr>
	<tr>
		<td><span class="fit_member">enter command</span></td>
		<td colspan="3">E</td>
	</tr>
	<tr>
		<td><span class="fit_keyword">check</span></td>
		<td><span class="fit_member">message was printed</span></td>
		<td>You can't go east from here.</td>
		<td class="fail">true <span class="fit_label">expected</span><hr />False <span class="fit_label">actual</span></td>
	</tr>
	<tr>
		<td><span class="fit_member">enter command</span></td>
		<td colspan="3">S</td>
	</tr>
	<tr>
		<td><span class="fit_keyword">check</span></td>
		<td><span class="fit_member">message was printed</span></td>
		<td>You can't go south from here.</td>
		<td class="fail">true <span class="fit_label">expected</span><hr />False <span class="fit_label">actual</span></td>
	</tr>
</table>
]]></content>
    <relativePageName>TestCantMoveOutOfMap</relativePageName>
    
    
    
  </result>
  
    <finalCounts>
    <right>0</right>
    <wrong>0</wrong>
    <ignores>0</ignores>
    <exceptions>0</exceptions>
  </finalCounts>
  <totalRunTimeInMillis>0</totalRunTimeInMillis>
  
</testResults>

