<?xml version="1.0"?>
<testResults>
  <FitNesseVersion>v20121220</FitNesseVersion>
  <rootPath>TestInvalidCommand</rootPath>
    <result>
    <counts>
      <right>0</right>
      <wrong>0</wrong>
      <ignores>3</ignores>
      <exceptions>3</exceptions>
    </counts>
    <runTimeInMillis>15</runTimeInMillis>
    <content><![CDATA[<div id="test_exceptions5"><H3> <span class="fail">Exceptions</span></H3><br/><a name="error"><b></b></a><div class="collapsible closed"><ul><li><a href='#' class='expandall'>Expand All</a></li><li><a href='#' class='collapseall'>Collapse All</a></li></ul>
	<p class="title">error</p>
	<div><pre>__EXCEPTION__:System.IO.FileNotFoundException: Could not load file or assembly 'file:///C:\Users\Eric\Documents\Visual Studio 2012\Projects\HuntTheWumpus\HuntTheWumpusDotNet\HuntTheWumpusDotNet\bin\Debug\HuntTheWumpusDotNet.dll' or one of its dependencies. The system cannot find the file specified.
File name: 'file:///C:\Users\Eric\Documents\Visual Studio 2012\Projects\HuntTheWumpus\HuntTheWumpusDotNet\HuntTheWumpusDotNet\bin\Debug\HuntTheWumpusDotNet.dll'
   at System.Reflection.RuntimeAssembly._nLoad(AssemblyName fileName, String codeBase, Evidence assemblySecurity, RuntimeAssembly locationHint, StackCrawlMark&amp; stackMark, IntPtr pPrivHostBinder, Boolean throwOnFileNotFound, Boolean forIntrospection, Boolean suppressSecurityChecks)
   at System.Reflection.RuntimeAssembly.InternalLoadAssemblyName(AssemblyName assemblyRef, Evidence assemblySecurity, RuntimeAssembly reqAssembly, StackCrawlMark&amp; stackMark, IntPtr pPrivHostBinder, Boolean throwOnFileNotFound, Boolean forIntrospection, Boolean suppressSecurityChecks)
   at System.Reflection.RuntimeAssembly.InternalLoadAssemblyName(AssemblyName assemblyRef, Evidence assemblySecurity, RuntimeAssembly reqAssembly, StackCrawlMark&amp; stackMark, Boolean throwOnFileNotFound, Boolean forIntrospection, Boolean suppressSecurityChecks)
   at System.Reflection.RuntimeAssembly.InternalLoadFrom(String assemblyFile, Evidence securityEvidence, Byte[] hashValue, AssemblyHashAlgorithm hashAlgorithm, Boolean forIntrospection, Boolean suppressSecurityChecks, StackCrawlMark&amp; stackMark)
   at System.Reflection.Assembly.LoadFrom(String assemblyFile)
   at fitSharp.Machine.Engine.CurrentDomain.LoadAssembly(String assemblyPath)
   at fitSharp.Machine.Engine.ApplicationUnderTest.Assemblies.AddAssembly(String assemblyName)
   at fitSharp.Slim.Service.Interpreter.AddAssemblies()
   at fitSharp.Slim.Service.Interpreter.Execute(String instruction)

WRN: Assembly binding logging is turned OFF.
To enable assembly bind failure logging, set the registry value [HKLM\Software\Microsoft\Fusion!EnableLog] (DWORD) to 1.
Note: There is some performance penalty associated with assembly bind failure logging.
To turn this feature off, remove the registry value [HKLM\Software\Microsoft\Fusion!EnableLog].
</pre></div>
</div>
</div><hr/><div class="collapsible closed"><ul><li><a href='#' class='expandall'>Expand All</a></li><li><a href='#' class='collapseall'>Collapse All</a></li></ul>
	<p class="title">Precompiled Libraries</p>
	<div><br/></div>
</div>
<br/><div class="collapsible closed"><ul><li><a href='#' class='expandall'>Expand All</a></li><li><a href='#' class='collapseall'>Collapse All</a></li></ul>
	<p class="title">Included page: <a href="HuntTheWumpus.SetUp">.HuntTheWumpus.SetUp</a> <a href="HuntTheWumpus.SetUp?edit&amp;redirectToReferer=true&amp;redirectAction=" class="edit">(edit)</a></p>
	<div><table _TABLENUMBER=9020419157490790003>
	<tr>
		<td>Import</td>
	</tr>
	<tr>
		<td>HuntTheWumpusDotNet.fixtures</td>
	</tr>
</table>
<br/><script>var existingContent = document.getElementById("test_exceptions5").innerHTML;
document.getElementById("test_exceptions5").innerHTML = existingContent + "<a name=\"error\"><b></b></a><div class=\"collapsible closed\"><ul><li><a href='#' class='expandall'>Expand All</a></li><li><a href='#' class='collapseall'>Collapse All</a></li></ul>\r\n\t<p class=\"title\">error</p>\r\n\t<div><pre>__EXCEPTION__:System.IO.FileNotFoundException: Could not load file or assembly 'file:///C:\Users\Eric\Documents\Visual Studio 2012\Projects\HuntTheWumpus\HuntTheWumpusDotNet\HuntTheWumpusDotNet\bin\Debug\HuntTheWumpusDotNet.dll' or one of its dependencies. The system cannot find the file specified.\r\nFile name: 'file:///C:\Users\Eric\Documents\Visual Studio 2012\Projects\HuntTheWumpus\HuntTheWumpusDotNet\HuntTheWumpusDotNet\bin\Debug\HuntTheWumpusDotNet.dll'\r\n   at System.Reflection.RuntimeAssembly._nLoad(AssemblyName fileName, String codeBase, Evidence assemblySecurity, RuntimeAssembly locationHint, StackCrawlMark&amp; stackMark, IntPtr pPrivHostBinder, Boolean throwOnFileNotFound, Boolean forIntrospection, Boolean suppressSecurityChecks)\r\n   at System.Reflection.RuntimeAssembly.InternalLoadAssemblyName(AssemblyName assemblyRef, Evidence assemblySecurity, RuntimeAssembly reqAssembly, StackCrawlMark&amp; stackMark, IntPtr pPrivHostBinder, Boolean throwOnFileNotFound, Boolean forIntrospection, Boolean suppressSecurityChecks)\r\n   at System.Reflection.RuntimeAssembly.InternalLoadAssemblyName(AssemblyName assemblyRef, Evidence assemblySecurity, RuntimeAssembly reqAssembly, StackCrawlMark&amp; stackMark, Boolean throwOnFileNotFound, Boolean forIntrospection, Boolean suppressSecurityChecks)\r\n   at System.Reflection.RuntimeAssembly.InternalLoadFrom(String assemblyFile, Evidence securityEvidence, Byte[] hashValue, AssemblyHashAlgorithm hashAlgorithm, Boolean forIntrospection, Boolean suppressSecurityChecks, StackCrawlMark&amp; stackMark)\r\n   at System.Reflection.Assembly.LoadFrom(String assemblyFile)\r\n   at fitSharp.Machine.Engine.CurrentDomain.LoadAssembly(String assemblyPath)\r\n   at fitSharp.Machine.Engine.ApplicationUnderTest.Assemblies.AddAssembly(String assemblyName)\r\n   at fitSharp.Slim.Service.Interpreter.AddAssemblies()\r\n   at fitSharp.Slim.Service.Interpreter.Execute(String instruction)\r\n\r\nWRN: Assembly binding logging is turned OFF.\r\nTo enable assembly bind failure logging, set the registry value [HKLM\Software\Microsoft\Fusion!EnableLog] (DWORD) to 1.\r\nNote: There is some performance penalty associated with assembly bind failure logging.\r\nTo turn this feature off, remove the registry value [HKLM\Software\Microsoft\Fusion!EnableLog].\r\n</pre></div>\r\n</div>\r\n";
</script>
<table _TABLENUMBER=1514963375389692710>
	<tr>
		<td>script</td>
		<td>HuntTheWumpusDotNet.fixtures.GameDriver <span class="ignore">Test not run</span></td>
	</tr>
</table>
</div>
</div>
<br/><script>var existingContent = document.getElementById("test_exceptions5").innerHTML;
document.getElementById("test_exceptions5").innerHTML = existingContent + "<a name=\"error\"><b></b></a><div class=\"collapsible closed\"><ul><li><a href='#' class='expandall'>Expand All</a></li><li><a href='#' class='collapseall'>Collapse All</a></li></ul>\r\n\t<p class=\"title\">error</p>\r\n\t<div><pre>__EXCEPTION__:System.IO.FileNotFoundException: Could not load file or assembly 'file:///C:\Users\Eric\Documents\Visual Studio 2012\Projects\HuntTheWumpus\HuntTheWumpusDotNet\HuntTheWumpusDotNet\bin\Debug\HuntTheWumpusDotNet.dll' or one of its dependencies. The system cannot find the file specified.\r\nFile name: 'file:///C:\Users\Eric\Documents\Visual Studio 2012\Projects\HuntTheWumpus\HuntTheWumpusDotNet\HuntTheWumpusDotNet\bin\Debug\HuntTheWumpusDotNet.dll'\r\n   at System.Reflection.RuntimeAssembly._nLoad(AssemblyName fileName, String codeBase, Evidence assemblySecurity, RuntimeAssembly locationHint, StackCrawlMark&amp; stackMark, IntPtr pPrivHostBinder, Boolean throwOnFileNotFound, Boolean forIntrospection, Boolean suppressSecurityChecks)\r\n   at System.Reflection.RuntimeAssembly.InternalLoadAssemblyName(AssemblyName assemblyRef, Evidence assemblySecurity, RuntimeAssembly reqAssembly, StackCrawlMark&amp; stackMark, IntPtr pPrivHostBinder, Boolean throwOnFileNotFound, Boolean forIntrospection, Boolean suppressSecurityChecks)\r\n   at System.Reflection.RuntimeAssembly.InternalLoadAssemblyName(AssemblyName assemblyRef, Evidence assemblySecurity, RuntimeAssembly reqAssembly, StackCrawlMark&amp; stackMark, Boolean throwOnFileNotFound, Boolean forIntrospection, Boolean suppressSecurityChecks)\r\n   at System.Reflection.RuntimeAssembly.InternalLoadFrom(String assemblyFile, Evidence securityEvidence, Byte[] hashValue, AssemblyHashAlgorithm hashAlgorithm, Boolean forIntrospection, Boolean suppressSecurityChecks, StackCrawlMark&amp; stackMark)\r\n   at System.Reflection.Assembly.LoadFrom(String assemblyFile)\r\n   at fitSharp.Machine.Engine.CurrentDomain.LoadAssembly(String assemblyPath)\r\n   at fitSharp.Machine.Engine.ApplicationUnderTest.Assemblies.AddAssembly(String assemblyName)\r\n   at fitSharp.Slim.Service.Interpreter.AddAssemblies()\r\n   at fitSharp.Slim.Service.Interpreter.Execute(String instruction)\r\n\r\nWRN: Assembly binding logging is turned OFF.\r\nTo enable assembly bind failure logging, set the registry value [HKLM\Software\Microsoft\Fusion!EnableLog] (DWORD) to 1.\r\nNote: There is some performance penalty associated with assembly bind failure logging.\r\nTo turn this feature off, remove the registry value [HKLM\Software\Microsoft\Fusion!EnableLog].\r\n</pre></div>\r\n</div>\r\n";
</script>
<table _TABLENUMBER=4958181526322321960>
	<tr>
		<td colspan="3">script</td>
	</tr>
	<tr>
		<td>reject <span class="ignore">Test not run</span></td>
		<td>enter command</td>
		<td>zorch</td>
	</tr>
	<tr>
		<td>check</td>
		<td>message was printed</td>
		<td>I don't know how to zorch. <span class="ignore">Test not run</span></td>
	</tr>
</table>
]]></content>
    <relativePageName>TestInvalidCommand</relativePageName>
    
        <tables>
            <table>
        <name>import_0</name>
                <row>
                    <col><![CDATA[Import]]></col>
          
        </row>
                <row>
                    <col><![CDATA[HuntTheWumpusDotNet.fixtures]]></col>
          
        </row>
        
      </table>
            <table>
        <name>scriptTable_1</name>
                <row>
                    <col><![CDATA[script]]></col>
                    <col><![CDATA[HuntTheWumpusDotNet.fixtures.GameDriver ignore(Test not run)]]></col>
          
        </row>
        
      </table>
            <table>
        <name>scriptTable_2</name>
                <row>
                    <col><![CDATA[script]]></col>
          
        </row>
                <row>
                    <col><![CDATA[reject ignore(Test not run)]]></col>
                    <col><![CDATA[enter command]]></col>
                    <col><![CDATA[zorch]]></col>
          
        </row>
                <row>
                    <col><![CDATA[check]]></col>
                    <col><![CDATA[message was printed]]></col>
                    <col><![CDATA[I don't know how to zorch. ignore(Test not run)]]></col>
          
        </row>
        
      </table>
      
    </tables>
    
    
    <instructions>
            <instructionResult>
        <instruction><![CDATA[[import_0_0, import, HuntTheWumpusDotNet.fixtures]]]></instruction>
        <slimResult><![CDATA[]]></slimResult>
        
      </instructionResult>
            <instructionResult>
        <instruction><![CDATA[[scriptTable_1_0, make, scriptTableActor, HuntTheWumpusDotNet.fixtures.GameDriver]]]></instruction>
        <slimResult><![CDATA[Test not run]]></slimResult>
                <expectation>
          <status>ignored</status>
          <instructionId>scriptTable_1_0</instructionId>
          <col>1</col>
          <row>0</row>
          <type>ConstructionExpectation</type>
                                        <evaluationMessage><![CDATA[]]></evaluationMessage>
                  </expectation>
        
      </instructionResult>
            <instructionResult>
        <instruction><![CDATA[[scriptTable_2_0, call, scriptTableActor, enterCommand, zorch]]]></instruction>
        <slimResult><![CDATA[Test not run]]></slimResult>
                <expectation>
          <status>ignored</status>
          <instructionId>scriptTable_2_0</instructionId>
          <col>0</col>
          <row>1</row>
          <type>RejectActionExpectation</type>
                                        <evaluationMessage><![CDATA[]]></evaluationMessage>
                  </expectation>
                <expectation>
          <status>ignored</status>
          <instructionId>scriptTable_2_0</instructionId>
          <col>2</col>
          <row>1</row>
          <type>ArgumentExpectation</type>
                                        <evaluationMessage><![CDATA[]]></evaluationMessage>
                  </expectation>
        
      </instructionResult>
            <instructionResult>
        <instruction><![CDATA[[scriptTable_2_1, call, scriptTableActor, messageWasPrinted]]]></instruction>
        <slimResult><![CDATA[Test not run]]></slimResult>
                <expectation>
          <status>ignored</status>
          <instructionId>scriptTable_2_1</instructionId>
          <col>2</col>
          <row>2</row>
          <type>ReturnedValueExpectation</type>
                                        <evaluationMessage><![CDATA[]]></evaluationMessage>
                  </expectation>
        
      </instructionResult>
      
    </instructions>
    
  </result>
  
    <finalCounts>
    <right>0</right>
    <wrong>0</wrong>
    <ignores>0</ignores>
    <exceptions>0</exceptions>
  </finalCounts>
  <totalRunTimeInMillis>0</totalRunTimeInMillis>
  
</testResults>

