<?xml version="1.0"?>
<testResults>
  <FitNesseVersion>v20121220</FitNesseVersion>
  <rootPath>TestInvalidCommand</rootPath>
    <result>
    <counts>
      <right>1</right>
      <wrong>0</wrong>
      <ignores>0</ignores>
      <exceptions>1</exceptions>
    </counts>
    <runTimeInMillis>127</runTimeInMillis>
    <content><![CDATA[<br/><div class="collapsible closed"><ul><li><a href='#' class='expandall'>Expand All</a></li><li><a href='#' class='collapseall'>Collapse All</a></li></ul>
	<p class="title">Included page: <a href="HuntTheWumpus.SetUp">.HuntTheWumpus.SetUp</a> <a href="HuntTheWumpus.SetUp?edit&amp;redirectToReferer=true&amp;redirectAction=" class="edit">(edit)</a></p>
	<div><table>
	<tr>
		<td colspan="2"><span class="fit_interpreter">fitlibrary.DoFixture</span></td>
	</tr>
	<tr>
		<td><span class="fit_keyword">start</span></td>
		<td><span class="fit_SUT">HuntTheWumpusDotNet.fixtures.GameDriver</span></td>
	</tr>
</table>
<br/><table>
	<tr>
		<td><span class="fit_interpreter">Import</span></td>
	</tr>
	<tr>
		<td>fit</td>
	</tr>
	<tr>
		<td>HuntTheWumpusDotNet.fixtures</td>
	</tr>
</table>
</div>
</div>
<br/><table>
	<tr>
		<td class="pass"><span class="fit_keyword">reject</span></td>
		<td><span class="fit_member">enter command</span></td>
		<td>zorch</td>
	</tr>
	<tr>
		<td><span class="fit_keyword">check</span></td>
		<td><span class="fit_member">message was printed</span></td>
		<td class="error">I don't know how to zorch.<hr /><pre><div class="fit_stacktrace">System.Reflection.TargetInvocationException: Exception has been thrown by the target of an invocation. ---> System.Reflection.TargetInvocationException: Exception has been thrown by the target of an invocation. ---> System.InvalidOperationException: Sequence contains no elements
   at System.Linq.Enumerable.Last[TSource](IEnumerable`1 source)
   at HuntTheWumpusDotNet.fixtures.MockDisplay.LastMessage() in c:\Users\Eric\Documents\Visual Studio 2012\Projects\HuntTheWumpus\HuntTheWumpusDotNet\HuntTheWumpusDotNet\fixtures\GameDriver.cs:line 25
   at HuntTheWumpusDotNet.fixtures.GameDriver.messageWasPrinted() in c:\Users\Eric\Documents\Visual Studio 2012\Projects\HuntTheWumpus\HuntTheWumpusDotNet\HuntTheWumpusDotNet\fixtures\GameDriver.cs:line 62
   --- End of inner exception stack trace ---
   at fitSharp.Fit.Operators.CompareDefault.Compare(TypedValue actualValue, Tree`1 expected)
   at fitSharp.Machine.Engine.ProcessorBase`2.<>c__DisplayClass3.<>c__DisplayClass5.<Compare>b__2(CompareOperator`1 o)
   at fitSharp.Machine.Engine.Operators`2.Do[O](CanDoOperation`1 canDoOperation, DoOperation`1 doOperation)
   at fitSharp.Machine.Engine.ProcessorBase`2.<>c__DisplayClass3.<Compare>b__0(OperationLogging logging)
   at fitSharp.Machine.Engine.ProcessorBase`2.DoLoggedOperation[R](String startMessage, Func`2 operation)
   at fitSharp.Fit.Operators.CheckDefault.Check(CellOperationValue actualValue, Tree`1 expectedCell)
   --- End of inner exception stack trace ---
   at System.RuntimeMethodHandle.InvokeMethod(Object target, Object[] arguments, Signature sig, Boolean constructor)
   at System.Reflection.RuntimeMethodInfo.UnsafeInvokeInternal(Object obj, Object[] parameters, Object[] arguments)
   at System.Reflection.RuntimeMethodInfo.Invoke(Object obj, BindingFlags invokeAttr, Binder binder, Object[] parameters, CultureInfo culture)
   at System.RuntimeType.InvokeMember(String name, BindingFlags bindingFlags, Binder binder, Object target, Object[] providedArgs, ParameterModifier[] modifiers, CultureInfo culture, String[] namedParams)
   at fitSharp.Machine.Engine.MethodMember.TryInvoke(Object[] parameters)
   at fitSharp.Machine.Engine.ReflectionMember.Invoke(Object[] parameters)
   at fitSharp.Machine.Engine.ProcessorBase`2.Operate[O](Object[] parameters)
   at fitSharp.Fit.Engine.CellProcessorExtension.Check(CellProcessor processor, Object systemUnderTest, Tree`1 memberName, Tree`1 parameters, Tree`1 expectedCell)
   at fit.Fixtures.FlowKeywords.DoCheckOperation(Tree`1 expectedValue, Tree`1 cells)
   at fit.Fixtures.FlowKeywords.Check(Parse theCells)</div></pre></td>
	</tr>
</table>
]]></content>
    <relativePageName>TestInvalidCommand</relativePageName>
    
    
    
  </result>
  
    <finalCounts>
    <right>0</right>
    <wrong>0</wrong>
    <ignores>0</ignores>
    <exceptions>0</exceptions>
  </finalCounts>
  <totalRunTimeInMillis>0</totalRunTimeInMillis>
  
</testResults>

