<?xml version="1.0"?>
<testResults>
  <FitNesseVersion>v20121220</FitNesseVersion>
  <rootPath>TestInvalidCommand</rootPath>
    <result>
    <counts>
      <right>1</right>
      <wrong>0</wrong>
      <ignores>0</ignores>
      <exceptions>1</exceptions>
    </counts>
    <runTimeInMillis>82</runTimeInMillis>
    <content><![CDATA[<br/><div class="collapsible closed"><ul><li><a href='#' class='expandall'>Expand All</a></li><li><a href='#' class='collapseall'>Collapse All</a></li></ul>
	<p class="title">Included page: <a href="HuntTheWumpus.SetUp">.HuntTheWumpus.SetUp</a> <a href="HuntTheWumpus.SetUp?edit&amp;redirectToReferer=true&amp;redirectAction=" class="edit">(edit)</a></p>
	<div><table>
	<tr>
		<td colspan="2"><span class="fit_interpreter">fitlibrary.DoFixture</span></td>
	</tr>
	<tr>
		<td><span class="fit_keyword">start</span></td>
		<td><span class="fit_SUT">HuntTheWumpusDotNet.fixtures.GameDriver</span></td>
	</tr>
</table>
<br/><table>
	<tr>
		<td><span class="fit_interpreter">Import</span></td>
	</tr>
	<tr>
		<td>fit</td>
	</tr>
	<tr>
		<td>HuntTheWumpusDotNet.fixtures</td>
	</tr>
</table>
</div>
</div>
<br/><table>
	<tr>
		<td class="pass"><span class="fit_keyword">reject</span></td>
		<td><span class="fit_member">enter command</span></td>
		<td colspan="3">zorch</td>
	</tr>
	<tr>
		<td><span class="fit_keyword">check</span></td>
		<td class="error"><span class="fit_member">message</span><hr /><pre><div class="fit_stacktrace">fitSharp.Machine.Exception.MemberMissingException: Member 'messagewasprinted' with 1 parameter(s) not found for type 'fitlibrary.DoFixture'.
   at fitSharp.Machine.Engine.ReflectionMember.Invoke(Object[] parameters)
   at fitSharp.Machine.Engine.ProcessorBase`2.Operate[O](Object[] parameters)
   at fitSharp.Fit.Engine.CellProcessorExtension.Check(CellProcessor processor, Object systemUnderTest, Tree`1 memberName, Tree`1 parameters, Tree`1 expectedCell)
   at fit.Fixtures.FlowKeywords.DoCheckOperation(Tree`1 expectedValue, Tree`1 cells)
   at fit.Fixtures.FlowKeywords.Check(Parse theCells)</div></pre></td>
		<td>I don't know how to zorch.</td>
		<td><span class="fit_member">was printed</span></td>
		<td>true</td>
	</tr>
</table>
<br/>]]></content>
    <relativePageName>TestInvalidCommand</relativePageName>
    
    
    
  </result>
  
    <finalCounts>
    <right>0</right>
    <wrong>0</wrong>
    <ignores>0</ignores>
    <exceptions>0</exceptions>
  </finalCounts>
  <totalRunTimeInMillis>0</totalRunTimeInMillis>
  
</testResults>

