<?xml version="1.0"?>
<testResults>
  <FitNesseVersion>v20121220</FitNesseVersion>
  <rootPath>TestCanMoveThroughMap</rootPath>
    <result>
    <counts>
      <right>22</right>
      <wrong>15</wrong>
      <ignores>0</ignores>
      <exceptions>11</exceptions>
    </counts>
    <runTimeInMillis>226</runTimeInMillis>
    <content><![CDATA[<br/><div class="collapsible closed"><ul><li><a href='#' class='expandall'>Expand All</a></li><li><a href='#' class='collapseall'>Collapse All</a></li></ul>
	<p class="title">Included page: <a href="HuntTheWumpus.SetUp">.HuntTheWumpus.SetUp</a> <a href="HuntTheWumpus.SetUp?edit&amp;redirectToReferer=true&amp;redirectAction=" class="edit">(edit)</a></p>
	<div><table>
	<tr>
		<td colspan="2">fitlibrary.DoFixture</td>
	</tr>
	<tr>
		<td colspan="2" class="error">fitlibrary.ColumnFixture<hr/> <span class="fit_label">Missing class or Missing method. Possibly:<ul><li>public Type getFitlibraryDotColumnFixture() { }</li><li>public Type fitlibraryDotColumnFixture() { }</li></ul></span></td>
	</tr>
	<tr>
		<td>start</td>
		<td>HuntTheWumpus.fixtures.GameDriver</td>
	</tr>
</table>
<br/><table>
	<tr>
		<td>Import</td>
	</tr>
	<tr>
		<td>fit</td>
	</tr>
	<tr>
		<td>HuntTheWumpus.fixtures</td>
	</tr>
</table>
</div>
</div>
<br/>Test that we can walk around the map, and back again.  This makes sure we can move both directions through each corridor.<br/><br/><div class="collapsible"><ul><li><a href='#' class='expandall'>Expand All</a></li><li><a href='#' class='collapseall'>Collapse All</a></li></ul>
	<p class="title">Included page: <a href="HuntTheWumpus.AllRequirements.IterationOne.NavigatePlayer.DonutMap">DonutMap</a> <a href="HuntTheWumpus.AllRequirements.IterationOne.NavigatePlayer.DonutMap?edit&amp;redirectToReferer=true&amp;redirectAction=" class="edit">(edit)</a></p>
	<div><table>
	<tr>
		<td colspan="3" class="error">Make map<hr/> <span class="fit_label">Missing class or Missing method. Possibly:<ul><li>public Type getMakeMap() { }</li><li>public Type makeMap() { }</li></ul></span></td>
	</tr>
	<tr>
		<td class="error">start<hr/> <span class="fit_label">Missing class or Missing method. Possibly:<ul><li>public Type startDirection(Type1 arg1) { }</li><li>public Type start(Type p1, Type p2) {}</li></ul></span></td>
		<td>end</td>
		<td>direction</td>
	</tr>
	<tr>
		<td class="error">1<hr/> <span class="fit_label">Missing class or Missing method. Possibly:<ul><li>public Type oneE(Type1 arg1) { }</li><li>public Type one(Type p1, Type p2) {}</li></ul></span></td>
		<td>2</td>
		<td>E</td>
	</tr>
	<tr>
		<td class="error">2<hr/> <span class="fit_label">Missing class or Missing method. Possibly:<ul><li>public Type twoE(Type1 arg1) { }</li><li>public Type two(Type p1, Type p2) {}</li></ul></span></td>
		<td>3</td>
		<td>E</td>
	</tr>
	<tr>
		<td class="error">3<hr/> <span class="fit_label">Missing class or Missing method. Possibly:<ul><li>public Type threeS(Type1 arg1) { }</li><li>public Type three(Type p1, Type p2) {}</li></ul></span></td>
		<td>4</td>
		<td>S</td>
	</tr>
	<tr>
		<td class="error">4<hr/> <span class="fit_label">Missing class or Missing method. Possibly:<ul><li>public Type fourS(Type1 arg1) { }</li><li>public Type four(Type p1, Type p2) {}</li></ul></span></td>
		<td>5</td>
		<td>S</td>
	</tr>
	<tr>
		<td class="error">5<hr/> <span class="fit_label">Missing class or Missing method. Possibly:<ul><li>public Type fiveW(Type1 arg1) { }</li><li>public Type five(Type p1, Type p2) {}</li></ul></span></td>
		<td>6</td>
		<td>W</td>
	</tr>
	<tr>
		<td class="error">6<hr/> <span class="fit_label">Missing class or Missing method. Possibly:<ul><li>public Type sixW(Type1 arg1) { }</li><li>public Type six(Type p1, Type p2) {}</li></ul></span></td>
		<td>7</td>
		<td>W</td>
	</tr>
	<tr>
		<td class="error">7<hr/> <span class="fit_label">Missing class or Missing method. Possibly:<ul><li>public Type sevenN(Type1 arg1) { }</li><li>public Type seven(Type p1, Type p2) {}</li></ul></span></td>
		<td>8</td>
		<td>N</td>
	</tr>
	<tr>
		<td class="error">8<hr/> <span class="fit_label">Missing class or Missing method. Possibly:<ul><li>public Type eightN(Type1 arg1) { }</li><li>public Type eight(Type p1, Type p2) {}</li></ul></span></td>
		<td>1</td>
		<td>N</td>
	</tr>
</table>
</div>
</div>
<br/><br/><ul>
	<li>Walk Clockwise around the donut.</li>
</ul>
<br/><table>
	<tr>
		<td class="pass">put</td>
		<td>player</td>
		<td class="pass">in cavern</td>
		<td colspan="3">1</td>
	</tr>
	<tr>
		<td class="pass">enter command</td>
		<td colspan="5">E</td>
	</tr>
	<tr>
		<td>check</td>
		<td>cavern</td>
		<td>1</td>
		<td>has</td>
		<td>player</td>
		<td class="fail">false <span class="fit_label">expected</span><hr>true <span class="fit_label">actual</span></td>
	</tr>
	<tr>
		<td>check</td>
		<td>cavern</td>
		<td>2</td>
		<td>has</td>
		<td>player</td>
		<td class="fail">true <span class="fit_label">expected</span><hr>false <span class="fit_label">actual</span></td>
	</tr>
	<tr>
		<td class="pass">enter command</td>
		<td colspan="5">E</td>
	</tr>
	<tr>
		<td>check</td>
		<td>cavern</td>
		<td>3</td>
		<td>has</td>
		<td>player</td>
		<td class="fail">true <span class="fit_label">expected</span><hr>false <span class="fit_label">actual</span></td>
	</tr>
	<tr>
		<td class="pass">enter command</td>
		<td colspan="5">S</td>
	</tr>
	<tr>
		<td>check</td>
		<td>cavern</td>
		<td>4</td>
		<td>has</td>
		<td>player</td>
		<td class="fail">true <span class="fit_label">expected</span><hr>false <span class="fit_label">actual</span></td>
	</tr>
	<tr>
		<td class="pass">enter command</td>
		<td colspan="5">S</td>
	</tr>
	<tr>
		<td>check</td>
		<td>cavern</td>
		<td>5</td>
		<td>has</td>
		<td>player</td>
		<td class="fail">true <span class="fit_label">expected</span><hr>false <span class="fit_label">actual</span></td>
	</tr>
	<tr>
		<td class="pass">enter command</td>
		<td colspan="5">W</td>
	</tr>
	<tr>
		<td>check</td>
		<td>cavern</td>
		<td>6</td>
		<td>has</td>
		<td>player</td>
		<td class="fail">true <span class="fit_label">expected</span><hr>false <span class="fit_label">actual</span></td>
	</tr>
	<tr>
		<td class="pass">enter command</td>
		<td colspan="5">W</td>
	</tr>
	<tr>
		<td>check</td>
		<td>cavern</td>
		<td>7</td>
		<td>has</td>
		<td>player</td>
		<td class="fail">true <span class="fit_label">expected</span><hr>false <span class="fit_label">actual</span></td>
	</tr>
	<tr>
		<td class="pass">enter command</td>
		<td colspan="5">N</td>
	</tr>
	<tr>
		<td>check</td>
		<td>cavern</td>
		<td>8</td>
		<td>has</td>
		<td>player</td>
		<td class="fail">true <span class="fit_label">expected</span><hr>false <span class="fit_label">actual</span></td>
	</tr>
	<tr>
		<td class="pass">enter command</td>
		<td colspan="5">N</td>
	</tr>
	<tr>
		<td>check</td>
		<td>cavern</td>
		<td>1</td>
		<td>has</td>
		<td>player</td>
		<td class="pass">true</td>
	</tr>
</table>
<br/><ul>
	<li>Walk Counter-clockwise around the donut.</li>
</ul>
<br/><table>
	<tr>
		<td class="pass">put</td>
		<td>player</td>
		<td class="pass">in cavern</td>
		<td colspan="3">1</td>
	</tr>
	<tr>
		<td class="pass">enter command</td>
		<td colspan="5">S</td>
	</tr>
	<tr>
		<td>check</td>
		<td>cavern</td>
		<td>8</td>
		<td>has</td>
		<td>player</td>
		<td class="fail">true <span class="fit_label">expected</span><hr>false <span class="fit_label">actual</span></td>
	</tr>
	<tr>
		<td class="pass">enter command</td>
		<td colspan="5">S</td>
	</tr>
	<tr>
		<td>check</td>
		<td>cavern</td>
		<td>7</td>
		<td>has</td>
		<td>player</td>
		<td class="fail">true <span class="fit_label">expected</span><hr>false <span class="fit_label">actual</span></td>
	</tr>
	<tr>
		<td class="pass">enter command</td>
		<td colspan="5">E</td>
	</tr>
	<tr>
		<td>check</td>
		<td>cavern</td>
		<td>6</td>
		<td>has</td>
		<td>player</td>
		<td class="fail">true <span class="fit_label">expected</span><hr>false <span class="fit_label">actual</span></td>
	</tr>
	<tr>
		<td class="pass">enter command</td>
		<td colspan="5">E</td>
	</tr>
	<tr>
		<td>check</td>
		<td>cavern</td>
		<td>5</td>
		<td>has</td>
		<td>player</td>
		<td class="fail">true <span class="fit_label">expected</span><hr>false <span class="fit_label">actual</span></td>
	</tr>
	<tr>
		<td class="pass">enter command</td>
		<td colspan="5">N</td>
	</tr>
	<tr>
		<td>check</td>
		<td>cavern</td>
		<td>4</td>
		<td>has</td>
		<td>player</td>
		<td class="fail">true <span class="fit_label">expected</span><hr>false <span class="fit_label">actual</span></td>
	</tr>
	<tr>
		<td class="pass">enter command</td>
		<td colspan="5">N</td>
	</tr>
	<tr>
		<td>check</td>
		<td>cavern</td>
		<td>3</td>
		<td>has</td>
		<td>player</td>
		<td class="fail">true <span class="fit_label">expected</span><hr>false <span class="fit_label">actual</span></td>
	</tr>
	<tr>
		<td class="pass">enter command</td>
		<td colspan="5">W</td>
	</tr>
	<tr>
		<td>check</td>
		<td>cavern</td>
		<td>2</td>
		<td>has</td>
		<td>player</td>
		<td class="fail">true <span class="fit_label">expected</span><hr>false <span class="fit_label">actual</span></td>
	</tr>
	<tr>
		<td class="pass">enter command</td>
		<td colspan="5">W</td>
	</tr>
	<tr>
		<td>check</td>
		<td>cavern</td>
		<td>1</td>
		<td>has</td>
		<td>player</td>
		<td class="pass">true</td>
	</tr>
</table>
<br/>]]></content>
    <relativePageName>TestCanMoveThroughMap</relativePageName>
    
    
    
  </result>
  
    <finalCounts>
    <right>0</right>
    <wrong>0</wrong>
    <ignores>0</ignores>
    <exceptions>0</exceptions>
  </finalCounts>
  <totalRunTimeInMillis>0</totalRunTimeInMillis>
  
</testResults>

