<?xml version="1.0"?>
<testResults>
  <FitNesseVersion>v20121220</FitNesseVersion>
  <rootPath>TestCanMoveThroughMap</rootPath>
    <result>
    <counts>
      <right>0</right>
      <wrong>0</wrong>
      <ignores>0</ignores>
      <exceptions>2</exceptions>
    </counts>
    <runTimeInMillis>267</runTimeInMillis>
    <content><![CDATA[<br/><div class="collapsible closed"><ul><li><a href='#' class='expandall'>Expand All</a></li><li><a href='#' class='collapseall'>Collapse All</a></li></ul>
	<p class="title">Included page: <a href="HuntTheWumpus.SetUp">.HuntTheWumpus.SetUp</a> <a href="HuntTheWumpus.SetUp?edit&amp;redirectToReferer=true&amp;redirectAction=" class="edit">(edit)</a></p>
	<div><table>
	<tr>
		<td colspan="2"><span class="fit_interpreter">fitlibrary.DoFixture</span></td>
	</tr>
	<tr>
		<td><span class="fit_keyword">start</span></td>
		<td><span class="fit_SUT">HuntTheWumpusDotNet.fixtures.GameDriver</span></td>
	</tr>
</table>
<br/><table>
	<tr>
		<td><span class="fit_interpreter">Import</span></td>
	</tr>
	<tr>
		<td>fit</td>
	</tr>
	<tr>
		<td>HuntTheWumpusDotNet.fixtures</td>
	</tr>
</table>
</div>
</div>
<br/>Test that we can walk around the map, and back again.  This makes sure we can move both directions through each corridor.<br/><br/><div class="collapsible"><ul><li><a href='#' class='expandall'>Expand All</a></li><li><a href='#' class='collapseall'>Collapse All</a></li></ul>
	<p class="title">Included page: <a href="HuntTheWumpus.AllRequirements.IterationOne.NavigatePlayer.DonutMap">DonutMap</a> <a href="HuntTheWumpus.AllRequirements.IterationOne.NavigatePlayer.DonutMap?edit&amp;redirectToReferer=true&amp;redirectAction=" class="edit">(edit)</a></p>
	<div><table>
	<tr>
		<td colspan="3"><span class="fit_interpreter">Make map</span></td>
	</tr>
	<tr>
		<td><span class="fit_member">start</span></td>
		<td><span class="fit_member">end</span></td>
		<td><span class="fit_member">direction</span></td>
	</tr>
	<tr>
		<td>1</td>
		<td>2</td>
		<td>E</td>
	</tr>
	<tr>
		<td>2</td>
		<td>3</td>
		<td>E</td>
	</tr>
	<tr>
		<td>3</td>
		<td>4</td>
		<td>S</td>
	</tr>
	<tr>
		<td>4</td>
		<td>5</td>
		<td>S</td>
	</tr>
	<tr>
		<td>5</td>
		<td>6</td>
		<td>W</td>
	</tr>
	<tr>
		<td>6</td>
		<td>7</td>
		<td>W</td>
	</tr>
	<tr>
		<td>7</td>
		<td>8</td>
		<td>N</td>
	</tr>
	<tr>
		<td>8</td>
		<td>1</td>
		<td>N</td>
	</tr>
</table>
</div>
</div>
<br/><br/><ul>
	<li>Walk Clockwise around the donut.</li>
</ul>
<br/><table>
	<tr>
		<td class="error">put<hr /><pre><div class="fit_stacktrace">fitSharp.Machine.Exception.TypeMissingException: Type 'put' not found in assemblies:
    file:///C:/Windows/Microsoft.NET/Framework64/v4.0.30319/mscorlib.dll
    file:///C:/Users/Eric/Documents/Visual Studio 2012/Projects/HuntTheWumpus/fitsharp/Runner.exe
    file:///C:/Users/Eric/Documents/Visual Studio 2012/Projects/HuntTheWumpus/fitsharp/fitSharp.DLL
    file:///C:/Windows/Microsoft.Net/assembly/GAC_MSIL/System.Configuration/v4.0_4.0.0.0__b03f5f7f11d50a3a/System.Configuration.dll
    file:///C:/Windows/Microsoft.Net/assembly/GAC_MSIL/System/v4.0_4.0.0.0__b77a5c561934e089/System.dll
    file:///C:/Windows/Microsoft.Net/assembly/GAC_MSIL/System.Xml/v4.0_4.0.0.0__b77a5c561934e089/System.Xml.dll
    file:///C:/Windows/Microsoft.Net/assembly/GAC_MSIL/System.Core/v4.0_4.0.0.0__b77a5c561934e089/System.Core.dll
    file:///C:/Users/Eric/Documents/Visual Studio 2012/Projects/HuntTheWumpus/fitsharp/fit.DLL
    file:///C:/Users/Eric/Documents/Visual Studio 2012/Projects/HuntTheWumpus/HuntTheWumpusDotNet/HuntTheWumpusDotNet/bin/Debug/HuntTheWumpusDotNet.dll
    file:///C:/Windows/Microsoft.Net/assembly/GAC_64/System.Data/v4.0_4.0.0.0__b77a5c561934e089/System.Data.dll

   at fitSharp.Machine.Engine.ReflectionMember.Invoke(Object[] parameters)
   at fitSharp.Machine.Engine.ProcessorBase`2.Operate[O](Object[] parameters)
   at fitSharp.Fit.Operators.ParseInterpreter.MakeInterpreter(Cell classCell)
   at fitSharp.Fit.Operators.ParseInterpreter.Parse(Type type, TypedValue instance, Tree`1 parameters)
   at fitSharp.Machine.Engine.ProcessorBase`2.<>c__DisplayClass11.<>c__DisplayClass13.<Parse>b__10(ParseOperator`1 o)
   at fitSharp.Machine.Engine.Operators`2.Do[O](CanDoOperation`1 canDoOperation, DoOperation`1 doOperation)
   at fitSharp.Machine.Engine.ProcessorBase`2.<>c__DisplayClass11.<Parse>b__e(OperationLogging logging)
   at fitSharp.Machine.Engine.ProcessorBase`2.DoLoggedOperation[R](String startMessage, Func`2 operation)
   at fitSharp.Fit.Service.CellProcessorBase.Parse(Type type, TypedValue instance, Tree`1 parameters)
   at fitSharp.Machine.Engine.ProcessorExtension.ParseTree[T](Processor`1 processor, Type type, Tree`1 parameters)
   at fitSharp.Machine.Engine.ProcessorExtension.ParseTree[T,V](Processor`1 processor, Tree`1 input)
   at fitSharp.Fit.Operators.InterpretFlow.ProcessFlowRow(Tree`1 table, Int32 rowNumber)</div></pre></td>
		<td>player</td>
		<td>in cavern</td>
		<td colspan="3">1</td>
	</tr>
	<tr>
		<td>enter command</td>
		<td colspan="5">E</td>
	</tr>
	<tr>
		<td>check</td>
		<td>cavern</td>
		<td>1</td>
		<td>has</td>
		<td>player</td>
		<td>false</td>
	</tr>
	<tr>
		<td>check</td>
		<td>cavern</td>
		<td>2</td>
		<td>has</td>
		<td>player</td>
		<td>true</td>
	</tr>
	<tr>
		<td>enter command</td>
		<td colspan="5">E</td>
	</tr>
	<tr>
		<td>check</td>
		<td>cavern</td>
		<td>3</td>
		<td>has</td>
		<td>player</td>
		<td>true</td>
	</tr>
	<tr>
		<td>enter command</td>
		<td colspan="5">S</td>
	</tr>
	<tr>
		<td>check</td>
		<td>cavern</td>
		<td>4</td>
		<td>has</td>
		<td>player</td>
		<td>true</td>
	</tr>
	<tr>
		<td>enter command</td>
		<td colspan="5">S</td>
	</tr>
	<tr>
		<td>check</td>
		<td>cavern</td>
		<td>5</td>
		<td>has</td>
		<td>player</td>
		<td>true</td>
	</tr>
	<tr>
		<td>enter command</td>
		<td colspan="5">W</td>
	</tr>
	<tr>
		<td>check</td>
		<td>cavern</td>
		<td>6</td>
		<td>has</td>
		<td>player</td>
		<td>true</td>
	</tr>
	<tr>
		<td>enter command</td>
		<td colspan="5">W</td>
	</tr>
	<tr>
		<td>check</td>
		<td>cavern</td>
		<td>7</td>
		<td>has</td>
		<td>player</td>
		<td>true</td>
	</tr>
	<tr>
		<td>enter command</td>
		<td colspan="5">N</td>
	</tr>
	<tr>
		<td>check</td>
		<td>cavern</td>
		<td>8</td>
		<td>has</td>
		<td>player</td>
		<td>true</td>
	</tr>
	<tr>
		<td>enter command</td>
		<td colspan="5">N</td>
	</tr>
	<tr>
		<td>check</td>
		<td>cavern</td>
		<td>1</td>
		<td>has</td>
		<td>player</td>
		<td>true</td>
	</tr>
</table>
<br/><ul>
	<li>Walk Counter-clockwise around the donut.</li>
</ul>
<br/><table>
	<tr>
		<td class="error">put<hr /><pre><div class="fit_stacktrace">fitSharp.Machine.Exception.TypeMissingException: Type 'put' not found in assemblies:
    file:///C:/Windows/Microsoft.NET/Framework64/v4.0.30319/mscorlib.dll
    file:///C:/Users/Eric/Documents/Visual Studio 2012/Projects/HuntTheWumpus/fitsharp/Runner.exe
    file:///C:/Users/Eric/Documents/Visual Studio 2012/Projects/HuntTheWumpus/fitsharp/fitSharp.DLL
    file:///C:/Windows/Microsoft.Net/assembly/GAC_MSIL/System.Configuration/v4.0_4.0.0.0__b03f5f7f11d50a3a/System.Configuration.dll
    file:///C:/Windows/Microsoft.Net/assembly/GAC_MSIL/System/v4.0_4.0.0.0__b77a5c561934e089/System.dll
    file:///C:/Windows/Microsoft.Net/assembly/GAC_MSIL/System.Xml/v4.0_4.0.0.0__b77a5c561934e089/System.Xml.dll
    file:///C:/Windows/Microsoft.Net/assembly/GAC_MSIL/System.Core/v4.0_4.0.0.0__b77a5c561934e089/System.Core.dll
    file:///C:/Users/Eric/Documents/Visual Studio 2012/Projects/HuntTheWumpus/fitsharp/fit.DLL
    file:///C:/Users/Eric/Documents/Visual Studio 2012/Projects/HuntTheWumpus/HuntTheWumpusDotNet/HuntTheWumpusDotNet/bin/Debug/HuntTheWumpusDotNet.dll
    file:///C:/Windows/Microsoft.Net/assembly/GAC_64/System.Data/v4.0_4.0.0.0__b77a5c561934e089/System.Data.dll

   at fitSharp.Machine.Engine.ReflectionMember.Invoke(Object[] parameters)
   at fitSharp.Machine.Engine.ProcessorBase`2.Operate[O](Object[] parameters)
   at fitSharp.Fit.Operators.ParseInterpreter.MakeInterpreter(Cell classCell)
   at fitSharp.Fit.Operators.ParseInterpreter.Parse(Type type, TypedValue instance, Tree`1 parameters)
   at fitSharp.Machine.Engine.ProcessorBase`2.<>c__DisplayClass11.<>c__DisplayClass13.<Parse>b__10(ParseOperator`1 o)
   at fitSharp.Machine.Engine.Operators`2.Do[O](CanDoOperation`1 canDoOperation, DoOperation`1 doOperation)
   at fitSharp.Machine.Engine.ProcessorBase`2.<>c__DisplayClass11.<Parse>b__e(OperationLogging logging)
   at fitSharp.Machine.Engine.ProcessorBase`2.DoLoggedOperation[R](String startMessage, Func`2 operation)
   at fitSharp.Fit.Service.CellProcessorBase.Parse(Type type, TypedValue instance, Tree`1 parameters)
   at fitSharp.Machine.Engine.ProcessorExtension.ParseTree[T](Processor`1 processor, Type type, Tree`1 parameters)
   at fitSharp.Machine.Engine.ProcessorExtension.ParseTree[T,V](Processor`1 processor, Tree`1 input)
   at fitSharp.Fit.Operators.InterpretFlow.ProcessFlowRow(Tree`1 table, Int32 rowNumber)</div></pre></td>
		<td>player</td>
		<td>in cavern</td>
		<td colspan="3">1</td>
	</tr>
	<tr>
		<td>enter command</td>
		<td colspan="5">S</td>
	</tr>
	<tr>
		<td>check</td>
		<td>cavern</td>
		<td>8</td>
		<td>has</td>
		<td>player</td>
		<td>true</td>
	</tr>
	<tr>
		<td>enter command</td>
		<td colspan="5">S</td>
	</tr>
	<tr>
		<td>check</td>
		<td>cavern</td>
		<td>7</td>
		<td>has</td>
		<td>player</td>
		<td>true</td>
	</tr>
	<tr>
		<td>enter command</td>
		<td colspan="5">E</td>
	</tr>
	<tr>
		<td>check</td>
		<td>cavern</td>
		<td>6</td>
		<td>has</td>
		<td>player</td>
		<td>true</td>
	</tr>
	<tr>
		<td>enter command</td>
		<td colspan="5">E</td>
	</tr>
	<tr>
		<td>check</td>
		<td>cavern</td>
		<td>5</td>
		<td>has</td>
		<td>player</td>
		<td>true</td>
	</tr>
	<tr>
		<td>enter command</td>
		<td colspan="5">N</td>
	</tr>
	<tr>
		<td>check</td>
		<td>cavern</td>
		<td>4</td>
		<td>has</td>
		<td>player</td>
		<td>true</td>
	</tr>
	<tr>
		<td>enter command</td>
		<td colspan="5">N</td>
	</tr>
	<tr>
		<td>check</td>
		<td>cavern</td>
		<td>3</td>
		<td>has</td>
		<td>player</td>
		<td>true</td>
	</tr>
	<tr>
		<td>enter command</td>
		<td colspan="5">W</td>
	</tr>
	<tr>
		<td>check</td>
		<td>cavern</td>
		<td>2</td>
		<td>has</td>
		<td>player</td>
		<td>true</td>
	</tr>
	<tr>
		<td>enter command</td>
		<td colspan="5">W</td>
	</tr>
	<tr>
		<td>check</td>
		<td>cavern</td>
		<td>1</td>
		<td>has</td>
		<td>player</td>
		<td>true</td>
	</tr>
</table>
<br/>]]></content>
    <relativePageName>TestCanMoveThroughMap</relativePageName>
    
    
    
  </result>
  
    <finalCounts>
    <right>0</right>
    <wrong>0</wrong>
    <ignores>0</ignores>
    <exceptions>0</exceptions>
  </finalCounts>
  <totalRunTimeInMillis>0</totalRunTimeInMillis>
  
</testResults>

