<?xml version="1.0"?>
<testResults>
  <FitNesseVersion>v20121220</FitNesseVersion>
  <rootPath>TestCanMoveThroughMap</rootPath>
    <result>
    <counts>
      <right>0</right>
      <wrong>2</wrong>
      <ignores>0</ignores>
      <exceptions>2</exceptions>
    </counts>
    <runTimeInMillis>384</runTimeInMillis>
    <content><![CDATA[<br/><div class="collapsible closed"><ul><li><a href='#' class='expandall'>Expand All</a></li><li><a href='#' class='collapseall'>Collapse All</a></li></ul>
	<p class="title">Included page: <a href="HuntTheWumpus.SetUp">.HuntTheWumpus.SetUp</a> <a href="HuntTheWumpus.SetUp?edit&amp;redirectToReferer=true&amp;redirectAction=" class="edit">(edit)</a></p>
	<div><table>
	<tr>
		<td colspan="2"><span class="fit_interpreter">fitlibrary.DoFixture</span></td>
	</tr>
	<tr>
		<td><span class="fit_keyword">start</span></td>
		<td><span class="fit_SUT">HuntTheWumpusDotNet.fixtures.GameDriver</span></td>
	</tr>
</table>
<br/><table>
	<tr>
		<td><span class="fit_interpreter">Import</span></td>
	</tr>
	<tr>
		<td>fit</td>
	</tr>
	<tr>
		<td>HuntTheWumpusDotNet.fixtures</td>
	</tr>
</table>
</div>
</div>
<br/>Test that we can walk around the map, and back again.  This makes sure we can move both directions through each corridor.<br/><br/><div class="collapsible"><ul><li><a href='#' class='expandall'>Expand All</a></li><li><a href='#' class='collapseall'>Collapse All</a></li></ul>
	<p class="title">Included page: <a href="HuntTheWumpus.AllRequirements.IterationOne.NavigatePlayer.DonutMap">DonutMap</a> <a href="HuntTheWumpus.AllRequirements.IterationOne.NavigatePlayer.DonutMap?edit&amp;redirectToReferer=true&amp;redirectAction=" class="edit">(edit)</a></p>
	<div><table>
	<tr>
		<td colspan="3"><span class="fit_interpreter">Make map</span></td>
	</tr>
	<tr>
		<td><span class="fit_member">start</span></td>
		<td><span class="fit_member">end</span></td>
		<td><span class="fit_member">direction</span></td>
	</tr>
	<tr>
		<td>1</td>
		<td>2</td>
		<td>E</td>
	</tr>
	<tr>
		<td>2</td>
		<td>3</td>
		<td>E</td>
	</tr>
	<tr>
		<td>3</td>
		<td>4</td>
		<td>S</td>
	</tr>
	<tr>
		<td>4</td>
		<td>5</td>
		<td>S</td>
	</tr>
	<tr>
		<td>5</td>
		<td>6</td>
		<td>W</td>
	</tr>
	<tr>
		<td>6</td>
		<td>7</td>
		<td>W</td>
	</tr>
	<tr>
		<td>7</td>
		<td>8</td>
		<td>N</td>
	</tr>
	<tr>
		<td>8</td>
		<td>1</td>
		<td>N</td>
	</tr>
</table>
</div>
</div>
<br/><br/><ul>
	<li>Walk Clockwise around the donut.</li>
</ul>
<br/><table>
	<tr>
		<td><span class="fit_member">put</span></td>
		<td>player</td>
		<td><span class="fit_member">in cavern</span></td>
		<td colspan="3">1</td>
	</tr>
	<tr>
		<td class="error"><span class="fit_member">enter command</span><hr /><pre><div class="fit_stacktrace">System.Reflection.TargetInvocationException: Exception has been thrown by the target of an invocation. ---> System.Collections.Generic.KeyNotFoundException: The given key was not present in the dictionary.
   at System.Collections.Generic.Dictionary`2.get_Item(TKey key)
   at HuntTheWumpusDotNet.Map.Move(Int32 cavern, Direction direction) in c:\Users\Eric\Documents\Visual Studio 2012\Projects\HuntTheWumpus\HuntTheWumpusDotNet\HuntTheWumpusDotNet\Map.cs:line 28
   at HuntTheWumpusDotNet.Game.MoveEast() in c:\Users\Eric\Documents\Visual Studio 2012\Projects\HuntTheWumpus\HuntTheWumpusDotNet\HuntTheWumpusDotNet\Game.cs:line 30
   at HuntTheWumpusDotNet.fixtures.GameDriver.enterCommand(Char command) in c:\Users\Eric\Documents\Visual Studio 2012\Projects\HuntTheWumpus\HuntTheWumpusDotNet\HuntTheWumpusDotNet\fixtures\GameDriver.cs:line 28
   --- End of inner exception stack trace ---
   at fitSharp.Machine.Model.TypedValue.ThrowExceptionIfNotValid()
   at fitSharp.Fit.Operators.InterpretFlow.ProcessFlowRow(Tree`1 table, Int32 rowNumber)</div></pre></td>
		<td colspan="5">E</td>
	</tr>
	<tr>
		<td>check</td>
		<td>cavern</td>
		<td>1</td>
		<td>has</td>
		<td>player</td>
		<td>false</td>
	</tr>
	<tr>
		<td>check</td>
		<td>cavern</td>
		<td>2</td>
		<td>has</td>
		<td>player</td>
		<td>true</td>
	</tr>
	<tr>
		<td>enter command</td>
		<td colspan="5">E</td>
	</tr>
	<tr>
		<td>check</td>
		<td>cavern</td>
		<td>3</td>
		<td>has</td>
		<td>player</td>
		<td>true</td>
	</tr>
	<tr>
		<td>enter command</td>
		<td colspan="5">S</td>
	</tr>
	<tr>
		<td>check</td>
		<td>cavern</td>
		<td>4</td>
		<td>has</td>
		<td>player</td>
		<td>true</td>
	</tr>
	<tr>
		<td>enter command</td>
		<td colspan="5">S</td>
	</tr>
	<tr>
		<td>check</td>
		<td>cavern</td>
		<td>5</td>
		<td>has</td>
		<td>player</td>
		<td>true</td>
	</tr>
	<tr>
		<td>enter command</td>
		<td colspan="5">W</td>
	</tr>
	<tr>
		<td>check</td>
		<td>cavern</td>
		<td>6</td>
		<td>has</td>
		<td>player</td>
		<td>true</td>
	</tr>
	<tr>
		<td>enter command</td>
		<td colspan="5">W</td>
	</tr>
	<tr>
		<td>check</td>
		<td>cavern</td>
		<td>7</td>
		<td>has</td>
		<td>player</td>
		<td>true</td>
	</tr>
	<tr>
		<td>enter command</td>
		<td colspan="5">N</td>
	</tr>
	<tr>
		<td>check</td>
		<td>cavern</td>
		<td>8</td>
		<td>has</td>
		<td>player</td>
		<td>true</td>
	</tr>
	<tr>
		<td>enter command</td>
		<td colspan="5">N</td>
	</tr>
	<tr>
		<td>check</td>
		<td>cavern</td>
		<td>1</td>
		<td>has</td>
		<td>player</td>
		<td>true</td>
	</tr>
</table>
<br/><ul>
	<li>Walk Counter-clockwise around the donut.</li>
</ul>
<br/><table>
	<tr>
		<td><span class="fit_member">put</span></td>
		<td>player</td>
		<td><span class="fit_member">in cavern</span></td>
		<td colspan="3">1</td>
	</tr>
	<tr>
		<td><span class="fit_member">enter command</span></td>
		<td colspan="5">S</td>
	</tr>
	<tr>
		<td><span class="fit_keyword">check</span></td>
		<td><span class="fit_member">cavern</span></td>
		<td>8</td>
		<td><span class="fit_member">has</span></td>
		<td>player</td>
		<td class="fail">true <span class="fit_label">expected</span><hr />False <span class="fit_label">actual</span></td>
	</tr>
	<tr>
		<td><span class="fit_member">enter command</span></td>
		<td colspan="5">S</td>
	</tr>
	<tr>
		<td><span class="fit_keyword">check</span></td>
		<td><span class="fit_member">cavern</span></td>
		<td>7</td>
		<td><span class="fit_member">has</span></td>
		<td>player</td>
		<td class="fail">true <span class="fit_label">expected</span><hr />False <span class="fit_label">actual</span></td>
	</tr>
	<tr>
		<td class="error"><span class="fit_member">enter command</span><hr /><pre><div class="fit_stacktrace">System.Reflection.TargetInvocationException: Exception has been thrown by the target of an invocation. ---> System.Collections.Generic.KeyNotFoundException: The given key was not present in the dictionary.
   at System.Collections.Generic.Dictionary`2.get_Item(TKey key)
   at HuntTheWumpusDotNet.Map.Move(Int32 cavern, Direction direction) in c:\Users\Eric\Documents\Visual Studio 2012\Projects\HuntTheWumpus\HuntTheWumpusDotNet\HuntTheWumpusDotNet\Map.cs:line 28
   at HuntTheWumpusDotNet.Game.MoveEast() in c:\Users\Eric\Documents\Visual Studio 2012\Projects\HuntTheWumpus\HuntTheWumpusDotNet\HuntTheWumpusDotNet\Game.cs:line 30
   at HuntTheWumpusDotNet.fixtures.GameDriver.enterCommand(Char command) in c:\Users\Eric\Documents\Visual Studio 2012\Projects\HuntTheWumpus\HuntTheWumpusDotNet\HuntTheWumpusDotNet\fixtures\GameDriver.cs:line 28
   --- End of inner exception stack trace ---
   at fitSharp.Machine.Model.TypedValue.ThrowExceptionIfNotValid()
   at fitSharp.Fit.Operators.InterpretFlow.ProcessFlowRow(Tree`1 table, Int32 rowNumber)</div></pre></td>
		<td colspan="5">E</td>
	</tr>
	<tr>
		<td>check</td>
		<td>cavern</td>
		<td>6</td>
		<td>has</td>
		<td>player</td>
		<td>true</td>
	</tr>
	<tr>
		<td>enter command</td>
		<td colspan="5">E</td>
	</tr>
	<tr>
		<td>check</td>
		<td>cavern</td>
		<td>5</td>
		<td>has</td>
		<td>player</td>
		<td>true</td>
	</tr>
	<tr>
		<td>enter command</td>
		<td colspan="5">N</td>
	</tr>
	<tr>
		<td>check</td>
		<td>cavern</td>
		<td>4</td>
		<td>has</td>
		<td>player</td>
		<td>true</td>
	</tr>
	<tr>
		<td>enter command</td>
		<td colspan="5">N</td>
	</tr>
	<tr>
		<td>check</td>
		<td>cavern</td>
		<td>3</td>
		<td>has</td>
		<td>player</td>
		<td>true</td>
	</tr>
	<tr>
		<td>enter command</td>
		<td colspan="5">W</td>
	</tr>
	<tr>
		<td>check</td>
		<td>cavern</td>
		<td>2</td>
		<td>has</td>
		<td>player</td>
		<td>true</td>
	</tr>
	<tr>
		<td>enter command</td>
		<td colspan="5">W</td>
	</tr>
	<tr>
		<td>check</td>
		<td>cavern</td>
		<td>1</td>
		<td>has</td>
		<td>player</td>
		<td>true</td>
	</tr>
</table>
<br/>]]></content>
    <relativePageName>TestCanMoveThroughMap</relativePageName>
    
    
    
  </result>
  
    <finalCounts>
    <right>0</right>
    <wrong>0</wrong>
    <ignores>0</ignores>
    <exceptions>0</exceptions>
  </finalCounts>
  <totalRunTimeInMillis>0</totalRunTimeInMillis>
  
</testResults>

