<?xml version="1.0"?>
<testResults>
  <FitNesseVersion>v20121220</FitNesseVersion>
  <rootPath>TestCanMoveThroughMap</rootPath>
    <result>
    <counts>
      <right>33</right>
      <wrong>0</wrong>
      <ignores>0</ignores>
      <exceptions>0</exceptions>
    </counts>
    <runTimeInMillis>161</runTimeInMillis>
    <content><![CDATA[<div class="collapsible closed"><ul><li><a href='#' class='expandall'>Expand All</a></li><li><a href='#' class='collapseall'>Collapse All</a></li></ul>
	<p class="title">Precompiled Libraries</p>
	<div><br/></div>
</div>
<br/><div class="collapsible closed"><ul><li><a href='#' class='expandall'>Expand All</a></li><li><a href='#' class='collapseall'>Collapse All</a></li></ul>
	<p class="title">Included page: <a href="HuntTheWumpus.SetUp">.HuntTheWumpus.SetUp</a> <a href="HuntTheWumpus.SetUp?edit&amp;redirectToReferer=true&amp;redirectAction=" class="edit">(edit)</a></p>
	<div><table _TABLENUMBER=2237991624307357849>
	<tr>
		<td>Import</td>
	</tr>
	<tr>
		<td>HuntTheWumpusDotNet.fixtures</td>
	</tr>
</table>
<br/><table _TABLENUMBER=4481718699237526011>
	<tr>
		<td>script</td>
		<td><span class="pass">HuntTheWumpusDotNet.fixtures.GameDriver</span></td>
	</tr>
</table>
</div>
</div>
<br/>Test that we can walk around the map, and back again.  This makes sure we can move both directions through each corridor.<br/><br/><div class="collapsible"><ul><li><a href='#' class='expandall'>Expand All</a></li><li><a href='#' class='collapseall'>Collapse All</a></li></ul>
	<p class="title">Included page: <a href="HuntTheWumpus.AllRequirements.IterationOne.NavigatePlayer.DonutMap">DonutMap</a> <a href="HuntTheWumpus.AllRequirements.IterationOne.NavigatePlayer.DonutMap?edit&amp;redirectToReferer=true&amp;redirectAction=" class="edit">(edit)</a></p>
	<div><table _TABLENUMBER=3409723894895670381>
	<tr>
		<td colspan="3"><span class="pass">Make map</span></td>
	</tr>
	<tr>
		<td>start</td>
		<td>end</td>
		<td>direction</td>
	</tr>
	<tr>
		<td>1</td>
		<td>2</td>
		<td>E</td>
	</tr>
	<tr>
		<td>2</td>
		<td>3</td>
		<td>E</td>
	</tr>
	<tr>
		<td>3</td>
		<td>4</td>
		<td>S</td>
	</tr>
	<tr>
		<td>4</td>
		<td>5</td>
		<td>S</td>
	</tr>
	<tr>
		<td>5</td>
		<td>6</td>
		<td>W</td>
	</tr>
	<tr>
		<td>6</td>
		<td>7</td>
		<td>W</td>
	</tr>
	<tr>
		<td>7</td>
		<td>8</td>
		<td>N</td>
	</tr>
	<tr>
		<td>8</td>
		<td>1</td>
		<td>N</td>
	</tr>
</table>
</div>
</div>
<br/><br/><ul>
	<li>Walk Clockwise around the donut.</li>
</ul>
<br/><table _TABLENUMBER=3692166806408666091>
	<tr>
		<td colspan="5">script</td>
	</tr>
	<tr>
		<td>put</td>
		<td>player</td>
		<td>in cavern</td>
		<td colspan="2">1</td>
	</tr>
	<tr>
		<td><span class="pass">enter command</span></td>
		<td colspan="4">E</td>
	</tr>
	<tr>
		<td>check</td>
		<td>cavern</td>
		<td>1</td>
		<td>has</td>
		<td><span class="pass">BLANK</span></td>
	</tr>
	<tr>
		<td>check</td>
		<td>cavern</td>
		<td>2</td>
		<td>has</td>
		<td><span class="pass">player</span></td>
	</tr>
	<tr>
		<td><span class="pass">enter command</span></td>
		<td colspan="4">E</td>
	</tr>
	<tr>
		<td>check</td>
		<td>cavern</td>
		<td>3</td>
		<td>has</td>
		<td><span class="pass">player</span></td>
	</tr>
	<tr>
		<td><span class="pass">enter command</span></td>
		<td colspan="4">S</td>
	</tr>
	<tr>
		<td>check</td>
		<td>cavern</td>
		<td>4</td>
		<td>has</td>
		<td><span class="pass">player</span></td>
	</tr>
	<tr>
		<td><span class="pass">enter command</span></td>
		<td colspan="4">S</td>
	</tr>
	<tr>
		<td>check</td>
		<td>cavern</td>
		<td>5</td>
		<td>has</td>
		<td><span class="pass">player</span></td>
	</tr>
	<tr>
		<td><span class="pass">enter command</span></td>
		<td colspan="4">W</td>
	</tr>
	<tr>
		<td>check</td>
		<td>cavern</td>
		<td>6</td>
		<td>has</td>
		<td><span class="pass">player</span></td>
	</tr>
	<tr>
		<td><span class="pass">enter command</span></td>
		<td colspan="4">W</td>
	</tr>
	<tr>
		<td>check</td>
		<td>cavern</td>
		<td>7</td>
		<td>has</td>
		<td><span class="pass">player</span></td>
	</tr>
	<tr>
		<td><span class="pass">enter command</span></td>
		<td colspan="4">N</td>
	</tr>
	<tr>
		<td>check</td>
		<td>cavern</td>
		<td>8</td>
		<td>has</td>
		<td><span class="pass">player</span></td>
	</tr>
	<tr>
		<td><span class="pass">enter command</span></td>
		<td colspan="4">N</td>
	</tr>
	<tr>
		<td>check</td>
		<td>cavern</td>
		<td>1</td>
		<td>has</td>
		<td><span class="pass">player</span></td>
	</tr>
</table>
<br/><ul>
	<li>Walk Counter-clockwise around the donut.</li>
</ul>
<br/><table _TABLENUMBER=7686825391019589989>
	<tr>
		<td colspan="5">script</td>
	</tr>
	<tr>
		<td>put</td>
		<td>player</td>
		<td>in cavern</td>
		<td colspan="2">1</td>
	</tr>
	<tr>
		<td><span class="pass">enter command</span></td>
		<td colspan="4">S</td>
	</tr>
	<tr>
		<td>check</td>
		<td>cavern</td>
		<td>8</td>
		<td>has</td>
		<td><span class="pass">player</span></td>
	</tr>
	<tr>
		<td><span class="pass">enter command</span></td>
		<td colspan="4">S</td>
	</tr>
	<tr>
		<td>check</td>
		<td>cavern</td>
		<td>7</td>
		<td>has</td>
		<td><span class="pass">player</span></td>
	</tr>
	<tr>
		<td><span class="pass">enter command</span></td>
		<td colspan="4">E</td>
	</tr>
	<tr>
		<td>check</td>
		<td>cavern</td>
		<td>6</td>
		<td>has</td>
		<td><span class="pass">player</span></td>
	</tr>
	<tr>
		<td><span class="pass">enter command</span></td>
		<td colspan="4">E</td>
	</tr>
	<tr>
		<td>check</td>
		<td>cavern</td>
		<td>5</td>
		<td>has</td>
		<td><span class="pass">player</span></td>
	</tr>
	<tr>
		<td><span class="pass">enter command</span></td>
		<td colspan="4">N</td>
	</tr>
	<tr>
		<td>check</td>
		<td>cavern</td>
		<td>4</td>
		<td>has</td>
		<td><span class="pass">player</span></td>
	</tr>
	<tr>
		<td><span class="pass">enter command</span></td>
		<td colspan="4">N</td>
	</tr>
	<tr>
		<td>check</td>
		<td>cavern</td>
		<td>3</td>
		<td>has</td>
		<td><span class="pass">player</span></td>
	</tr>
	<tr>
		<td><span class="pass">enter command</span></td>
		<td colspan="4">W</td>
	</tr>
	<tr>
		<td>check</td>
		<td>cavern</td>
		<td>2</td>
		<td>has</td>
		<td><span class="pass">player</span></td>
	</tr>
	<tr>
		<td><span class="pass">enter command</span></td>
		<td colspan="4">W</td>
	</tr>
	<tr>
		<td>check</td>
		<td>cavern</td>
		<td>1</td>
		<td>has</td>
		<td><span class="pass">player</span></td>
	</tr>
</table>
<br/>]]></content>
    <relativePageName>TestCanMoveThroughMap</relativePageName>
    
        <tables>
            <table>
        <name>import_0</name>
                <row>
                    <col><![CDATA[Import]]></col>
          
        </row>
                <row>
                    <col><![CDATA[HuntTheWumpusDotNet.fixtures]]></col>
          
        </row>
        
      </table>
            <table>
        <name>scriptTable_1</name>
                <row>
                    <col><![CDATA[script]]></col>
                    <col><![CDATA[pass(HuntTheWumpusDotNet.fixtures.GameDriver)]]></col>
          
        </row>
        
      </table>
            <table>
        <name>decisionTable_2</name>
                <row>
                    <col><![CDATA[pass(Make map)]]></col>
          
        </row>
                <row>
                    <col><![CDATA[start]]></col>
                    <col><![CDATA[end]]></col>
                    <col><![CDATA[direction]]></col>
          
        </row>
                <row>
                    <col><![CDATA[1]]></col>
                    <col><![CDATA[2]]></col>
                    <col><![CDATA[E]]></col>
          
        </row>
                <row>
                    <col><![CDATA[2]]></col>
                    <col><![CDATA[3]]></col>
                    <col><![CDATA[E]]></col>
          
        </row>
                <row>
                    <col><![CDATA[3]]></col>
                    <col><![CDATA[4]]></col>
                    <col><![CDATA[S]]></col>
          
        </row>
                <row>
                    <col><![CDATA[4]]></col>
                    <col><![CDATA[5]]></col>
                    <col><![CDATA[S]]></col>
          
        </row>
                <row>
                    <col><![CDATA[5]]></col>
                    <col><![CDATA[6]]></col>
                    <col><![CDATA[W]]></col>
          
        </row>
                <row>
                    <col><![CDATA[6]]></col>
                    <col><![CDATA[7]]></col>
                    <col><![CDATA[W]]></col>
          
        </row>
                <row>
                    <col><![CDATA[7]]></col>
                    <col><![CDATA[8]]></col>
                    <col><![CDATA[N]]></col>
          
        </row>
                <row>
                    <col><![CDATA[8]]></col>
                    <col><![CDATA[1]]></col>
                    <col><![CDATA[N]]></col>
          
        </row>
        
      </table>
            <table>
        <name>scriptTable_3</name>
                <row>
                    <col><![CDATA[script]]></col>
          
        </row>
                <row>
                    <col><![CDATA[put]]></col>
                    <col><![CDATA[player]]></col>
                    <col><![CDATA[in cavern]]></col>
                    <col><![CDATA[1]]></col>
          
        </row>
                <row>
                    <col><![CDATA[pass(enter command)]]></col>
                    <col><![CDATA[E]]></col>
          
        </row>
                <row>
                    <col><![CDATA[check]]></col>
                    <col><![CDATA[cavern]]></col>
                    <col><![CDATA[1]]></col>
                    <col><![CDATA[has]]></col>
                    <col><![CDATA[pass(BLANK)]]></col>
          
        </row>
                <row>
                    <col><![CDATA[check]]></col>
                    <col><![CDATA[cavern]]></col>
                    <col><![CDATA[2]]></col>
                    <col><![CDATA[has]]></col>
                    <col><![CDATA[pass(player)]]></col>
          
        </row>
                <row>
                    <col><![CDATA[pass(enter command)]]></col>
                    <col><![CDATA[E]]></col>
          
        </row>
                <row>
                    <col><![CDATA[check]]></col>
                    <col><![CDATA[cavern]]></col>
                    <col><![CDATA[3]]></col>
                    <col><![CDATA[has]]></col>
                    <col><![CDATA[pass(player)]]></col>
          
        </row>
                <row>
                    <col><![CDATA[pass(enter command)]]></col>
                    <col><![CDATA[S]]></col>
          
        </row>
                <row>
                    <col><![CDATA[check]]></col>
                    <col><![CDATA[cavern]]></col>
                    <col><![CDATA[4]]></col>
                    <col><![CDATA[has]]></col>
                    <col><![CDATA[pass(player)]]></col>
          
        </row>
                <row>
                    <col><![CDATA[pass(enter command)]]></col>
                    <col><![CDATA[S]]></col>
          
        </row>
                <row>
                    <col><![CDATA[check]]></col>
                    <col><![CDATA[cavern]]></col>
                    <col><![CDATA[5]]></col>
                    <col><![CDATA[has]]></col>
                    <col><![CDATA[pass(player)]]></col>
          
        </row>
                <row>
                    <col><![CDATA[pass(enter command)]]></col>
                    <col><![CDATA[W]]></col>
          
        </row>
                <row>
                    <col><![CDATA[check]]></col>
                    <col><![CDATA[cavern]]></col>
                    <col><![CDATA[6]]></col>
                    <col><![CDATA[has]]></col>
                    <col><![CDATA[pass(player)]]></col>
          
        </row>
                <row>
                    <col><![CDATA[pass(enter command)]]></col>
                    <col><![CDATA[W]]></col>
          
        </row>
                <row>
                    <col><![CDATA[check]]></col>
                    <col><![CDATA[cavern]]></col>
                    <col><![CDATA[7]]></col>
                    <col><![CDATA[has]]></col>
                    <col><![CDATA[pass(player)]]></col>
          
        </row>
                <row>
                    <col><![CDATA[pass(enter command)]]></col>
                    <col><![CDATA[N]]></col>
          
        </row>
                <row>
                    <col><![CDATA[check]]></col>
                    <col><![CDATA[cavern]]></col>
                    <col><![CDATA[8]]></col>
                    <col><![CDATA[has]]></col>
                    <col><![CDATA[pass(player)]]></col>
          
        </row>
                <row>
                    <col><![CDATA[pass(enter command)]]></col>
                    <col><![CDATA[N]]></col>
          
        </row>
                <row>
                    <col><![CDATA[check]]></col>
                    <col><![CDATA[cavern]]></col>
                    <col><![CDATA[1]]></col>
                    <col><![CDATA[has]]></col>
                    <col><![CDATA[pass(player)]]></col>
          
        </row>
        
      </table>
            <table>
        <name>scriptTable_4</name>
                <row>
                    <col><![CDATA[script]]></col>
          
        </row>
                <row>
                    <col><![CDATA[put]]></col>
                    <col><![CDATA[player]]></col>
                    <col><![CDATA[in cavern]]></col>
                    <col><![CDATA[1]]></col>
          
        </row>
                <row>
                    <col><![CDATA[pass(enter command)]]></col>
                    <col><![CDATA[S]]></col>
          
        </row>
                <row>
                    <col><![CDATA[check]]></col>
                    <col><![CDATA[cavern]]></col>
                    <col><![CDATA[8]]></col>
                    <col><![CDATA[has]]></col>
                    <col><![CDATA[pass(player)]]></col>
          
        </row>
                <row>
                    <col><![CDATA[pass(enter command)]]></col>
                    <col><![CDATA[S]]></col>
          
        </row>
                <row>
                    <col><![CDATA[check]]></col>
                    <col><![CDATA[cavern]]></col>
                    <col><![CDATA[7]]></col>
                    <col><![CDATA[has]]></col>
                    <col><![CDATA[pass(player)]]></col>
          
        </row>
                <row>
                    <col><![CDATA[pass(enter command)]]></col>
                    <col><![CDATA[E]]></col>
          
        </row>
                <row>
                    <col><![CDATA[check]]></col>
                    <col><![CDATA[cavern]]></col>
                    <col><![CDATA[6]]></col>
                    <col><![CDATA[has]]></col>
                    <col><![CDATA[pass(player)]]></col>
          
        </row>
                <row>
                    <col><![CDATA[pass(enter command)]]></col>
                    <col><![CDATA[E]]></col>
          
        </row>
                <row>
                    <col><![CDATA[check]]></col>
                    <col><![CDATA[cavern]]></col>
                    <col><![CDATA[5]]></col>
                    <col><![CDATA[has]]></col>
                    <col><![CDATA[pass(player)]]></col>
          
        </row>
                <row>
                    <col><![CDATA[pass(enter command)]]></col>
                    <col><![CDATA[N]]></col>
          
        </row>
                <row>
                    <col><![CDATA[check]]></col>
                    <col><![CDATA[cavern]]></col>
                    <col><![CDATA[4]]></col>
                    <col><![CDATA[has]]></col>
                    <col><![CDATA[pass(player)]]></col>
          
        </row>
                <row>
                    <col><![CDATA[pass(enter command)]]></col>
                    <col><![CDATA[N]]></col>
          
        </row>
                <row>
                    <col><![CDATA[check]]></col>
                    <col><![CDATA[cavern]]></col>
                    <col><![CDATA[3]]></col>
                    <col><![CDATA[has]]></col>
                    <col><![CDATA[pass(player)]]></col>
          
        </row>
                <row>
                    <col><![CDATA[pass(enter command)]]></col>
                    <col><![CDATA[W]]></col>
          
        </row>
                <row>
                    <col><![CDATA[check]]></col>
                    <col><![CDATA[cavern]]></col>
                    <col><![CDATA[2]]></col>
                    <col><![CDATA[has]]></col>
                    <col><![CDATA[pass(player)]]></col>
          
        </row>
                <row>
                    <col><![CDATA[pass(enter command)]]></col>
                    <col><![CDATA[W]]></col>
          
        </row>
                <row>
                    <col><![CDATA[check]]></col>
                    <col><![CDATA[cavern]]></col>
                    <col><![CDATA[1]]></col>
                    <col><![CDATA[has]]></col>
                    <col><![CDATA[pass(player)]]></col>
          
        </row>
        
      </table>
      
    </tables>
    
    
    <instructions>
            <instructionResult>
        <instruction><![CDATA[[import_0_0, import, HuntTheWumpusDotNet.fixtures]]]></instruction>
        <slimResult><![CDATA[OK]]></slimResult>
        
      </instructionResult>
            <instructionResult>
        <instruction><![CDATA[[scriptTable_1_0, make, scriptTableActor, HuntTheWumpusDotNet.fixtures.GameDriver]]]></instruction>
        <slimResult><![CDATA[OK]]></slimResult>
                <expectation>
          <status>right</status>
          <instructionId>scriptTable_1_0</instructionId>
          <col>1</col>
          <row>0</row>
          <type>ConstructionExpectation</type>
                    <actual><![CDATA[OK]]></actual>
                              <expected><![CDATA[HuntTheWumpusDotNet.fixtures.GameDriver]]></expected>
                              <evaluationMessage><![CDATA[pass(HuntTheWumpusDotNet.fixtures.GameDriver)]]></evaluationMessage>
                  </expectation>
        
      </instructionResult>
            <instructionResult>
        <instruction><![CDATA[[decisionTable_2_0, make, decisionTable_2, MakeMap]]]></instruction>
        <slimResult><![CDATA[OK]]></slimResult>
                <expectation>
          <status>right</status>
          <instructionId>decisionTable_2_0</instructionId>
          <col>0</col>
          <row>0</row>
          <type>ConstructionExpectation</type>
                    <actual><![CDATA[OK]]></actual>
                              <expected><![CDATA[Make map]]></expected>
                              <evaluationMessage><![CDATA[pass(Make map)]]></evaluationMessage>
                  </expectation>
        
      </instructionResult>
            <instructionResult>
        <instruction><![CDATA[[decisionTable_2_1, call, decisionTable_2, table, [[start, end, direction], [1, 2, E], [2, 3, E], [3, 4, S], [4, 5, S], [5, 6, W], [6, 7, W], [7, 8, N], [8, 1, N]]]]]></instruction>
        <slimResult><![CDATA[__EXCEPTION__:message:<<NO_METHOD_IN_CLASS table HuntTheWumpusDotNet.fixtures.MakeMap>> fitSharp.Machine.Exception.MemberMissingException: Member 'table' with 1 parameter(s) not found for type 'HuntTheWumpusDotNet.fixtures.MakeMap'.
   at fitSharp.Machine.Model.TypedValue.ThrowExceptionIfNotValid()
   at fitSharp.Slim.Operators.ExecuteCall.ExecuteOperation(Tree`1 parameters)
   at fitSharp.Slim.Operators.InvokeInstructionBase.Invoke(TypedValue instance, MemberName memberName, Tree`1 parameters)]]></slimResult>
        
      </instructionResult>
            <instructionResult>
        <instruction><![CDATA[[decisionTable_2_2, call, decisionTable_2, beginTable]]]></instruction>
        <slimResult><![CDATA[__EXCEPTION__:message:<<NO_METHOD_IN_CLASS begintable HuntTheWumpusDotNet.fixtures.MakeMap>> fitSharp.Machine.Exception.MemberMissingException: Member 'begintable' with 0 parameter(s) not found for type 'HuntTheWumpusDotNet.fixtures.MakeMap'.
   at fitSharp.Machine.Model.TypedValue.ThrowExceptionIfNotValid()
   at fitSharp.Slim.Operators.ExecuteCall.ExecuteOperation(Tree`1 parameters)
   at fitSharp.Slim.Operators.InvokeInstructionBase.Invoke(TypedValue instance, MemberName memberName, Tree`1 parameters)]]></slimResult>
        
      </instructionResult>
            <instructionResult>
        <instruction><![CDATA[[decisionTable_2_3, call, decisionTable_2, reset]]]></instruction>
        <slimResult><![CDATA[__EXCEPTION__:message:<<NO_METHOD_IN_CLASS reset HuntTheWumpusDotNet.fixtures.MakeMap>> fitSharp.Machine.Exception.MemberMissingException: Member 'reset' with 0 parameter(s) not found for type 'HuntTheWumpusDotNet.fixtures.MakeMap'.
   at fitSharp.Machine.Model.TypedValue.ThrowExceptionIfNotValid()
   at fitSharp.Slim.Operators.ExecuteCall.ExecuteOperation(Tree`1 parameters)
   at fitSharp.Slim.Operators.InvokeInstructionBase.Invoke(TypedValue instance, MemberName memberName, Tree`1 parameters)]]></slimResult>
        
      </instructionResult>
            <instructionResult>
        <instruction><![CDATA[[decisionTable_2_4, call, decisionTable_2, setStart, 1]]]></instruction>
        <slimResult><![CDATA[/__VOID__/]]></slimResult>
                <expectation>
          <status>ignored</status>
          <instructionId>decisionTable_2_4</instructionId>
          <col>0</col>
          <row>2</row>
          <type>VoidReturnExpectation</type>
                    <actual><![CDATA[/__VOID__/]]></actual>
                              <expected><![CDATA[1]]></expected>
                              <evaluationMessage><![CDATA[1]]></evaluationMessage>
                  </expectation>
        
      </instructionResult>
            <instructionResult>
        <instruction><![CDATA[[decisionTable_2_5, call, decisionTable_2, setEnd, 2]]]></instruction>
        <slimResult><![CDATA[/__VOID__/]]></slimResult>
                <expectation>
          <status>ignored</status>
          <instructionId>decisionTable_2_5</instructionId>
          <col>1</col>
          <row>2</row>
          <type>VoidReturnExpectation</type>
                    <actual><![CDATA[/__VOID__/]]></actual>
                              <expected><![CDATA[2]]></expected>
                              <evaluationMessage><![CDATA[2]]></evaluationMessage>
                  </expectation>
        
      </instructionResult>
            <instructionResult>
        <instruction><![CDATA[[decisionTable_2_6, call, decisionTable_2, setDirection, E]]]></instruction>
        <slimResult><![CDATA[/__VOID__/]]></slimResult>
                <expectation>
          <status>ignored</status>
          <instructionId>decisionTable_2_6</instructionId>
          <col>2</col>
          <row>2</row>
          <type>VoidReturnExpectation</type>
                    <actual><![CDATA[/__VOID__/]]></actual>
                              <expected><![CDATA[E]]></expected>
                              <evaluationMessage><![CDATA[E]]></evaluationMessage>
                  </expectation>
        
      </instructionResult>
            <instructionResult>
        <instruction><![CDATA[[decisionTable_2_7, call, decisionTable_2, execute]]]></instruction>
        <slimResult><![CDATA[/__VOID__/]]></slimResult>
        
      </instructionResult>
            <instructionResult>
        <instruction><![CDATA[[decisionTable_2_8, call, decisionTable_2, reset]]]></instruction>
        <slimResult><![CDATA[__EXCEPTION__:message:<<NO_METHOD_IN_CLASS reset HuntTheWumpusDotNet.fixtures.MakeMap>> fitSharp.Machine.Exception.MemberMissingException: Member 'reset' with 0 parameter(s) not found for type 'HuntTheWumpusDotNet.fixtures.MakeMap'.
   at fitSharp.Machine.Model.TypedValue.ThrowExceptionIfNotValid()
   at fitSharp.Slim.Operators.ExecuteCall.ExecuteOperation(Tree`1 parameters)
   at fitSharp.Slim.Operators.InvokeInstructionBase.Invoke(TypedValue instance, MemberName memberName, Tree`1 parameters)]]></slimResult>
        
      </instructionResult>
            <instructionResult>
        <instruction><![CDATA[[decisionTable_2_9, call, decisionTable_2, setStart, 2]]]></instruction>
        <slimResult><![CDATA[/__VOID__/]]></slimResult>
                <expectation>
          <status>ignored</status>
          <instructionId>decisionTable_2_9</instructionId>
          <col>0</col>
          <row>3</row>
          <type>VoidReturnExpectation</type>
                    <actual><![CDATA[/__VOID__/]]></actual>
                              <expected><![CDATA[2]]></expected>
                              <evaluationMessage><![CDATA[2]]></evaluationMessage>
                  </expectation>
        
      </instructionResult>
            <instructionResult>
        <instruction><![CDATA[[decisionTable_2_10, call, decisionTable_2, setEnd, 3]]]></instruction>
        <slimResult><![CDATA[/__VOID__/]]></slimResult>
                <expectation>
          <status>ignored</status>
          <instructionId>decisionTable_2_10</instructionId>
          <col>1</col>
          <row>3</row>
          <type>VoidReturnExpectation</type>
                    <actual><![CDATA[/__VOID__/]]></actual>
                              <expected><![CDATA[3]]></expected>
                              <evaluationMessage><![CDATA[3]]></evaluationMessage>
                  </expectation>
        
      </instructionResult>
            <instructionResult>
        <instruction><![CDATA[[decisionTable_2_11, call, decisionTable_2, setDirection, E]]]></instruction>
        <slimResult><![CDATA[/__VOID__/]]></slimResult>
                <expectation>
          <status>ignored</status>
          <instructionId>decisionTable_2_11</instructionId>
          <col>2</col>
          <row>3</row>
          <type>VoidReturnExpectation</type>
                    <actual><![CDATA[/__VOID__/]]></actual>
                              <expected><![CDATA[E]]></expected>
                              <evaluationMessage><![CDATA[E]]></evaluationMessage>
                  </expectation>
        
      </instructionResult>
            <instructionResult>
        <instruction><![CDATA[[decisionTable_2_12, call, decisionTable_2, execute]]]></instruction>
        <slimResult><![CDATA[/__VOID__/]]></slimResult>
        
      </instructionResult>
            <instructionResult>
        <instruction><![CDATA[[decisionTable_2_13, call, decisionTable_2, reset]]]></instruction>
        <slimResult><![CDATA[__EXCEPTION__:message:<<NO_METHOD_IN_CLASS reset HuntTheWumpusDotNet.fixtures.MakeMap>> fitSharp.Machine.Exception.MemberMissingException: Member 'reset' with 0 parameter(s) not found for type 'HuntTheWumpusDotNet.fixtures.MakeMap'.
   at fitSharp.Machine.Model.TypedValue.ThrowExceptionIfNotValid()
   at fitSharp.Slim.Operators.ExecuteCall.ExecuteOperation(Tree`1 parameters)
   at fitSharp.Slim.Operators.InvokeInstructionBase.Invoke(TypedValue instance, MemberName memberName, Tree`1 parameters)]]></slimResult>
        
      </instructionResult>
            <instructionResult>
        <instruction><![CDATA[[decisionTable_2_14, call, decisionTable_2, setStart, 3]]]></instruction>
        <slimResult><![CDATA[/__VOID__/]]></slimResult>
                <expectation>
          <status>ignored</status>
          <instructionId>decisionTable_2_14</instructionId>
          <col>0</col>
          <row>4</row>
          <type>VoidReturnExpectation</type>
                    <actual><![CDATA[/__VOID__/]]></actual>
                              <expected><![CDATA[3]]></expected>
                              <evaluationMessage><![CDATA[3]]></evaluationMessage>
                  </expectation>
        
      </instructionResult>
            <instructionResult>
        <instruction><![CDATA[[decisionTable_2_15, call, decisionTable_2, setEnd, 4]]]></instruction>
        <slimResult><![CDATA[/__VOID__/]]></slimResult>
                <expectation>
          <status>ignored</status>
          <instructionId>decisionTable_2_15</instructionId>
          <col>1</col>
          <row>4</row>
          <type>VoidReturnExpectation</type>
                    <actual><![CDATA[/__VOID__/]]></actual>
                              <expected><![CDATA[4]]></expected>
                              <evaluationMessage><![CDATA[4]]></evaluationMessage>
                  </expectation>
        
      </instructionResult>
            <instructionResult>
        <instruction><![CDATA[[decisionTable_2_16, call, decisionTable_2, setDirection, S]]]></instruction>
        <slimResult><![CDATA[/__VOID__/]]></slimResult>
                <expectation>
          <status>ignored</status>
          <instructionId>decisionTable_2_16</instructionId>
          <col>2</col>
          <row>4</row>
          <type>VoidReturnExpectation</type>
                    <actual><![CDATA[/__VOID__/]]></actual>
                              <expected><![CDATA[S]]></expected>
                              <evaluationMessage><![CDATA[S]]></evaluationMessage>
                  </expectation>
        
      </instructionResult>
            <instructionResult>
        <instruction><![CDATA[[decisionTable_2_17, call, decisionTable_2, execute]]]></instruction>
        <slimResult><![CDATA[/__VOID__/]]></slimResult>
        
      </instructionResult>
            <instructionResult>
        <instruction><![CDATA[[decisionTable_2_18, call, decisionTable_2, reset]]]></instruction>
        <slimResult><![CDATA[__EXCEPTION__:message:<<NO_METHOD_IN_CLASS reset HuntTheWumpusDotNet.fixtures.MakeMap>> fitSharp.Machine.Exception.MemberMissingException: Member 'reset' with 0 parameter(s) not found for type 'HuntTheWumpusDotNet.fixtures.MakeMap'.
   at fitSharp.Machine.Model.TypedValue.ThrowExceptionIfNotValid()
   at fitSharp.Slim.Operators.ExecuteCall.ExecuteOperation(Tree`1 parameters)
   at fitSharp.Slim.Operators.InvokeInstructionBase.Invoke(TypedValue instance, MemberName memberName, Tree`1 parameters)]]></slimResult>
        
      </instructionResult>
            <instructionResult>
        <instruction><![CDATA[[decisionTable_2_19, call, decisionTable_2, setStart, 4]]]></instruction>
        <slimResult><![CDATA[/__VOID__/]]></slimResult>
                <expectation>
          <status>ignored</status>
          <instructionId>decisionTable_2_19</instructionId>
          <col>0</col>
          <row>5</row>
          <type>VoidReturnExpectation</type>
                    <actual><![CDATA[/__VOID__/]]></actual>
                              <expected><![CDATA[4]]></expected>
                              <evaluationMessage><![CDATA[4]]></evaluationMessage>
                  </expectation>
        
      </instructionResult>
            <instructionResult>
        <instruction><![CDATA[[decisionTable_2_20, call, decisionTable_2, setEnd, 5]]]></instruction>
        <slimResult><![CDATA[/__VOID__/]]></slimResult>
                <expectation>
          <status>ignored</status>
          <instructionId>decisionTable_2_20</instructionId>
          <col>1</col>
          <row>5</row>
          <type>VoidReturnExpectation</type>
                    <actual><![CDATA[/__VOID__/]]></actual>
                              <expected><![CDATA[5]]></expected>
                              <evaluationMessage><![CDATA[5]]></evaluationMessage>
                  </expectation>
        
      </instructionResult>
            <instructionResult>
        <instruction><![CDATA[[decisionTable_2_21, call, decisionTable_2, setDirection, S]]]></instruction>
        <slimResult><![CDATA[/__VOID__/]]></slimResult>
                <expectation>
          <status>ignored</status>
          <instructionId>decisionTable_2_21</instructionId>
          <col>2</col>
          <row>5</row>
          <type>VoidReturnExpectation</type>
                    <actual><![CDATA[/__VOID__/]]></actual>
                              <expected><![CDATA[S]]></expected>
                              <evaluationMessage><![CDATA[S]]></evaluationMessage>
                  </expectation>
        
      </instructionResult>
            <instructionResult>
        <instruction><![CDATA[[decisionTable_2_22, call, decisionTable_2, execute]]]></instruction>
        <slimResult><![CDATA[/__VOID__/]]></slimResult>
        
      </instructionResult>
            <instructionResult>
        <instruction><![CDATA[[decisionTable_2_23, call, decisionTable_2, reset]]]></instruction>
        <slimResult><![CDATA[__EXCEPTION__:message:<<NO_METHOD_IN_CLASS reset HuntTheWumpusDotNet.fixtures.MakeMap>> fitSharp.Machine.Exception.MemberMissingException: Member 'reset' with 0 parameter(s) not found for type 'HuntTheWumpusDotNet.fixtures.MakeMap'.
   at fitSharp.Machine.Model.TypedValue.ThrowExceptionIfNotValid()
   at fitSharp.Slim.Operators.ExecuteCall.ExecuteOperation(Tree`1 parameters)
   at fitSharp.Slim.Operators.InvokeInstructionBase.Invoke(TypedValue instance, MemberName memberName, Tree`1 parameters)]]></slimResult>
        
      </instructionResult>
            <instructionResult>
        <instruction><![CDATA[[decisionTable_2_24, call, decisionTable_2, setStart, 5]]]></instruction>
        <slimResult><![CDATA[/__VOID__/]]></slimResult>
                <expectation>
          <status>ignored</status>
          <instructionId>decisionTable_2_24</instructionId>
          <col>0</col>
          <row>6</row>
          <type>VoidReturnExpectation</type>
                    <actual><![CDATA[/__VOID__/]]></actual>
                              <expected><![CDATA[5]]></expected>
                              <evaluationMessage><![CDATA[5]]></evaluationMessage>
                  </expectation>
        
      </instructionResult>
            <instructionResult>
        <instruction><![CDATA[[decisionTable_2_25, call, decisionTable_2, setEnd, 6]]]></instruction>
        <slimResult><![CDATA[/__VOID__/]]></slimResult>
                <expectation>
          <status>ignored</status>
          <instructionId>decisionTable_2_25</instructionId>
          <col>1</col>
          <row>6</row>
          <type>VoidReturnExpectation</type>
                    <actual><![CDATA[/__VOID__/]]></actual>
                              <expected><![CDATA[6]]></expected>
                              <evaluationMessage><![CDATA[6]]></evaluationMessage>
                  </expectation>
        
      </instructionResult>
            <instructionResult>
        <instruction><![CDATA[[decisionTable_2_26, call, decisionTable_2, setDirection, W]]]></instruction>
        <slimResult><![CDATA[/__VOID__/]]></slimResult>
                <expectation>
          <status>ignored</status>
          <instructionId>decisionTable_2_26</instructionId>
          <col>2</col>
          <row>6</row>
          <type>VoidReturnExpectation</type>
                    <actual><![CDATA[/__VOID__/]]></actual>
                              <expected><![CDATA[W]]></expected>
                              <evaluationMessage><![CDATA[W]]></evaluationMessage>
                  </expectation>
        
      </instructionResult>
            <instructionResult>
        <instruction><![CDATA[[decisionTable_2_27, call, decisionTable_2, execute]]]></instruction>
        <slimResult><![CDATA[/__VOID__/]]></slimResult>
        
      </instructionResult>
            <instructionResult>
        <instruction><![CDATA[[decisionTable_2_28, call, decisionTable_2, reset]]]></instruction>
        <slimResult><![CDATA[__EXCEPTION__:message:<<NO_METHOD_IN_CLASS reset HuntTheWumpusDotNet.fixtures.MakeMap>> fitSharp.Machine.Exception.MemberMissingException: Member 'reset' with 0 parameter(s) not found for type 'HuntTheWumpusDotNet.fixtures.MakeMap'.
   at fitSharp.Machine.Model.TypedValue.ThrowExceptionIfNotValid()
   at fitSharp.Slim.Operators.ExecuteCall.ExecuteOperation(Tree`1 parameters)
   at fitSharp.Slim.Operators.InvokeInstructionBase.Invoke(TypedValue instance, MemberName memberName, Tree`1 parameters)]]></slimResult>
        
      </instructionResult>
            <instructionResult>
        <instruction><![CDATA[[decisionTable_2_29, call, decisionTable_2, setStart, 6]]]></instruction>
        <slimResult><![CDATA[/__VOID__/]]></slimResult>
                <expectation>
          <status>ignored</status>
          <instructionId>decisionTable_2_29</instructionId>
          <col>0</col>
          <row>7</row>
          <type>VoidReturnExpectation</type>
                    <actual><![CDATA[/__VOID__/]]></actual>
                              <expected><![CDATA[6]]></expected>
                              <evaluationMessage><![CDATA[6]]></evaluationMessage>
                  </expectation>
        
      </instructionResult>
            <instructionResult>
        <instruction><![CDATA[[decisionTable_2_30, call, decisionTable_2, setEnd, 7]]]></instruction>
        <slimResult><![CDATA[/__VOID__/]]></slimResult>
                <expectation>
          <status>ignored</status>
          <instructionId>decisionTable_2_30</instructionId>
          <col>1</col>
          <row>7</row>
          <type>VoidReturnExpectation</type>
                    <actual><![CDATA[/__VOID__/]]></actual>
                              <expected><![CDATA[7]]></expected>
                              <evaluationMessage><![CDATA[7]]></evaluationMessage>
                  </expectation>
        
      </instructionResult>
            <instructionResult>
        <instruction><![CDATA[[decisionTable_2_31, call, decisionTable_2, setDirection, W]]]></instruction>
        <slimResult><![CDATA[/__VOID__/]]></slimResult>
                <expectation>
          <status>ignored</status>
          <instructionId>decisionTable_2_31</instructionId>
          <col>2</col>
          <row>7</row>
          <type>VoidReturnExpectation</type>
                    <actual><![CDATA[/__VOID__/]]></actual>
                              <expected><![CDATA[W]]></expected>
                              <evaluationMessage><![CDATA[W]]></evaluationMessage>
                  </expectation>
        
      </instructionResult>
            <instructionResult>
        <instruction><![CDATA[[decisionTable_2_32, call, decisionTable_2, execute]]]></instruction>
        <slimResult><![CDATA[/__VOID__/]]></slimResult>
        
      </instructionResult>
            <instructionResult>
        <instruction><![CDATA[[decisionTable_2_33, call, decisionTable_2, reset]]]></instruction>
        <slimResult><![CDATA[__EXCEPTION__:message:<<NO_METHOD_IN_CLASS reset HuntTheWumpusDotNet.fixtures.MakeMap>> fitSharp.Machine.Exception.MemberMissingException: Member 'reset' with 0 parameter(s) not found for type 'HuntTheWumpusDotNet.fixtures.MakeMap'.
   at fitSharp.Machine.Model.TypedValue.ThrowExceptionIfNotValid()
   at fitSharp.Slim.Operators.ExecuteCall.ExecuteOperation(Tree`1 parameters)
   at fitSharp.Slim.Operators.InvokeInstructionBase.Invoke(TypedValue instance, MemberName memberName, Tree`1 parameters)]]></slimResult>
        
      </instructionResult>
            <instructionResult>
        <instruction><![CDATA[[decisionTable_2_34, call, decisionTable_2, setStart, 7]]]></instruction>
        <slimResult><![CDATA[/__VOID__/]]></slimResult>
                <expectation>
          <status>ignored</status>
          <instructionId>decisionTable_2_34</instructionId>
          <col>0</col>
          <row>8</row>
          <type>VoidReturnExpectation</type>
                    <actual><![CDATA[/__VOID__/]]></actual>
                              <expected><![CDATA[7]]></expected>
                              <evaluationMessage><![CDATA[7]]></evaluationMessage>
                  </expectation>
        
      </instructionResult>
            <instructionResult>
        <instruction><![CDATA[[decisionTable_2_35, call, decisionTable_2, setEnd, 8]]]></instruction>
        <slimResult><![CDATA[/__VOID__/]]></slimResult>
                <expectation>
          <status>ignored</status>
          <instructionId>decisionTable_2_35</instructionId>
          <col>1</col>
          <row>8</row>
          <type>VoidReturnExpectation</type>
                    <actual><![CDATA[/__VOID__/]]></actual>
                              <expected><![CDATA[8]]></expected>
                              <evaluationMessage><![CDATA[8]]></evaluationMessage>
                  </expectation>
        
      </instructionResult>
            <instructionResult>
        <instruction><![CDATA[[decisionTable_2_36, call, decisionTable_2, setDirection, N]]]></instruction>
        <slimResult><![CDATA[/__VOID__/]]></slimResult>
                <expectation>
          <status>ignored</status>
          <instructionId>decisionTable_2_36</instructionId>
          <col>2</col>
          <row>8</row>
          <type>VoidReturnExpectation</type>
                    <actual><![CDATA[/__VOID__/]]></actual>
                              <expected><![CDATA[N]]></expected>
                              <evaluationMessage><![CDATA[N]]></evaluationMessage>
                  </expectation>
        
      </instructionResult>
            <instructionResult>
        <instruction><![CDATA[[decisionTable_2_37, call, decisionTable_2, execute]]]></instruction>
        <slimResult><![CDATA[/__VOID__/]]></slimResult>
        
      </instructionResult>
            <instructionResult>
        <instruction><![CDATA[[decisionTable_2_38, call, decisionTable_2, reset]]]></instruction>
        <slimResult><![CDATA[__EXCEPTION__:message:<<NO_METHOD_IN_CLASS reset HuntTheWumpusDotNet.fixtures.MakeMap>> fitSharp.Machine.Exception.MemberMissingException: Member 'reset' with 0 parameter(s) not found for type 'HuntTheWumpusDotNet.fixtures.MakeMap'.
   at fitSharp.Machine.Model.TypedValue.ThrowExceptionIfNotValid()
   at fitSharp.Slim.Operators.ExecuteCall.ExecuteOperation(Tree`1 parameters)
   at fitSharp.Slim.Operators.InvokeInstructionBase.Invoke(TypedValue instance, MemberName memberName, Tree`1 parameters)]]></slimResult>
        
      </instructionResult>
            <instructionResult>
        <instruction><![CDATA[[decisionTable_2_39, call, decisionTable_2, setStart, 8]]]></instruction>
        <slimResult><![CDATA[/__VOID__/]]></slimResult>
                <expectation>
          <status>ignored</status>
          <instructionId>decisionTable_2_39</instructionId>
          <col>0</col>
          <row>9</row>
          <type>VoidReturnExpectation</type>
                    <actual><![CDATA[/__VOID__/]]></actual>
                              <expected><![CDATA[8]]></expected>
                              <evaluationMessage><![CDATA[8]]></evaluationMessage>
                  </expectation>
        
      </instructionResult>
            <instructionResult>
        <instruction><![CDATA[[decisionTable_2_40, call, decisionTable_2, setEnd, 1]]]></instruction>
        <slimResult><![CDATA[/__VOID__/]]></slimResult>
                <expectation>
          <status>ignored</status>
          <instructionId>decisionTable_2_40</instructionId>
          <col>1</col>
          <row>9</row>
          <type>VoidReturnExpectation</type>
                    <actual><![CDATA[/__VOID__/]]></actual>
                              <expected><![CDATA[1]]></expected>
                              <evaluationMessage><![CDATA[1]]></evaluationMessage>
                  </expectation>
        
      </instructionResult>
            <instructionResult>
        <instruction><![CDATA[[decisionTable_2_41, call, decisionTable_2, setDirection, N]]]></instruction>
        <slimResult><![CDATA[/__VOID__/]]></slimResult>
                <expectation>
          <status>ignored</status>
          <instructionId>decisionTable_2_41</instructionId>
          <col>2</col>
          <row>9</row>
          <type>VoidReturnExpectation</type>
                    <actual><![CDATA[/__VOID__/]]></actual>
                              <expected><![CDATA[N]]></expected>
                              <evaluationMessage><![CDATA[N]]></evaluationMessage>
                  </expectation>
        
      </instructionResult>
            <instructionResult>
        <instruction><![CDATA[[decisionTable_2_42, call, decisionTable_2, execute]]]></instruction>
        <slimResult><![CDATA[/__VOID__/]]></slimResult>
        
      </instructionResult>
            <instructionResult>
        <instruction><![CDATA[[decisionTable_2_43, call, decisionTable_2, endTable]]]></instruction>
        <slimResult><![CDATA[__EXCEPTION__:message:<<NO_METHOD_IN_CLASS endtable HuntTheWumpusDotNet.fixtures.MakeMap>> fitSharp.Machine.Exception.MemberMissingException: Member 'endtable' with 0 parameter(s) not found for type 'HuntTheWumpusDotNet.fixtures.MakeMap'.
   at fitSharp.Machine.Model.TypedValue.ThrowExceptionIfNotValid()
   at fitSharp.Slim.Operators.ExecuteCall.ExecuteOperation(Tree`1 parameters)
   at fitSharp.Slim.Operators.InvokeInstructionBase.Invoke(TypedValue instance, MemberName memberName, Tree`1 parameters)]]></slimResult>
        
      </instructionResult>
            <instructionResult>
        <instruction><![CDATA[[scriptTable_3_0, call, scriptTableActor, putInCavern, player, 1]]]></instruction>
        <slimResult><![CDATA[/__VOID__/]]></slimResult>
                <expectation>
          <status>ignored</status>
          <instructionId>scriptTable_3_0</instructionId>
          <col>1</col>
          <row>1</row>
          <type>ArgumentExpectation</type>
                                        <evaluationMessage><![CDATA[]]></evaluationMessage>
                  </expectation>
                <expectation>
          <status>ignored</status>
          <instructionId>scriptTable_3_0</instructionId>
          <col>3</col>
          <row>1</row>
          <type>ArgumentExpectation</type>
                                        <evaluationMessage><![CDATA[]]></evaluationMessage>
                  </expectation>
                <expectation>
          <status>ignored</status>
          <instructionId>scriptTable_3_0</instructionId>
          <col>0</col>
          <row>1</row>
          <type>ScriptActionExpectation</type>
                    <actual><![CDATA[/__VOID__/]]></actual>
                              <expected><![CDATA[put]]></expected>
                              <evaluationMessage><![CDATA[put]]></evaluationMessage>
                  </expectation>
        
      </instructionResult>
            <instructionResult>
        <instruction><![CDATA[[scriptTable_3_1, call, scriptTableActor, enterCommand, E]]]></instruction>
        <slimResult><![CDATA[true]]></slimResult>
                <expectation>
          <status>ignored</status>
          <instructionId>scriptTable_3_1</instructionId>
          <col>1</col>
          <row>2</row>
          <type>ArgumentExpectation</type>
                                        <evaluationMessage><![CDATA[]]></evaluationMessage>
                  </expectation>
                <expectation>
          <status>right</status>
          <instructionId>scriptTable_3_1</instructionId>
          <col>0</col>
          <row>2</row>
          <type>ScriptActionExpectation</type>
                    <actual><![CDATA[true]]></actual>
                              <expected><![CDATA[enter command]]></expected>
                              <evaluationMessage><![CDATA[pass(enter command)]]></evaluationMessage>
                  </expectation>
        
      </instructionResult>
            <instructionResult>
        <instruction><![CDATA[[scriptTable_3_2, call, scriptTableActor, cavernHas, 1]]]></instruction>
        <slimResult><![CDATA[]]></slimResult>
                <expectation>
          <status>right</status>
          <instructionId>scriptTable_3_2</instructionId>
          <col>4</col>
          <row>3</row>
          <type>ReturnedValueExpectation</type>
                    <actual><![CDATA[]]></actual>
                              <expected><![CDATA[]]></expected>
                              <evaluationMessage><![CDATA[pass(BLANK)]]></evaluationMessage>
                  </expectation>
                <expectation>
          <status>ignored</status>
          <instructionId>scriptTable_3_2</instructionId>
          <col>2</col>
          <row>3</row>
          <type>ArgumentExpectation</type>
                                        <evaluationMessage><![CDATA[]]></evaluationMessage>
                  </expectation>
        
      </instructionResult>
            <instructionResult>
        <instruction><![CDATA[[scriptTable_3_3, call, scriptTableActor, cavernHas, 2]]]></instruction>
        <slimResult><![CDATA[player]]></slimResult>
                <expectation>
          <status>right</status>
          <instructionId>scriptTable_3_3</instructionId>
          <col>4</col>
          <row>4</row>
          <type>ReturnedValueExpectation</type>
                    <actual><![CDATA[player]]></actual>
                              <expected><![CDATA[player]]></expected>
                              <evaluationMessage><![CDATA[pass(player)]]></evaluationMessage>
                  </expectation>
                <expectation>
          <status>ignored</status>
          <instructionId>scriptTable_3_3</instructionId>
          <col>2</col>
          <row>4</row>
          <type>ArgumentExpectation</type>
                                        <evaluationMessage><![CDATA[]]></evaluationMessage>
                  </expectation>
        
      </instructionResult>
            <instructionResult>
        <instruction><![CDATA[[scriptTable_3_4, call, scriptTableActor, enterCommand, E]]]></instruction>
        <slimResult><![CDATA[true]]></slimResult>
                <expectation>
          <status>ignored</status>
          <instructionId>scriptTable_3_4</instructionId>
          <col>1</col>
          <row>5</row>
          <type>ArgumentExpectation</type>
                                        <evaluationMessage><![CDATA[]]></evaluationMessage>
                  </expectation>
                <expectation>
          <status>right</status>
          <instructionId>scriptTable_3_4</instructionId>
          <col>0</col>
          <row>5</row>
          <type>ScriptActionExpectation</type>
                    <actual><![CDATA[true]]></actual>
                              <expected><![CDATA[enter command]]></expected>
                              <evaluationMessage><![CDATA[pass(enter command)]]></evaluationMessage>
                  </expectation>
        
      </instructionResult>
            <instructionResult>
        <instruction><![CDATA[[scriptTable_3_5, call, scriptTableActor, cavernHas, 3]]]></instruction>
        <slimResult><![CDATA[player]]></slimResult>
                <expectation>
          <status>right</status>
          <instructionId>scriptTable_3_5</instructionId>
          <col>4</col>
          <row>6</row>
          <type>ReturnedValueExpectation</type>
                    <actual><![CDATA[player]]></actual>
                              <expected><![CDATA[player]]></expected>
                              <evaluationMessage><![CDATA[pass(player)]]></evaluationMessage>
                  </expectation>
                <expectation>
          <status>ignored</status>
          <instructionId>scriptTable_3_5</instructionId>
          <col>2</col>
          <row>6</row>
          <type>ArgumentExpectation</type>
                                        <evaluationMessage><![CDATA[]]></evaluationMessage>
                  </expectation>
        
      </instructionResult>
            <instructionResult>
        <instruction><![CDATA[[scriptTable_3_6, call, scriptTableActor, enterCommand, S]]]></instruction>
        <slimResult><![CDATA[true]]></slimResult>
                <expectation>
          <status>ignored</status>
          <instructionId>scriptTable_3_6</instructionId>
          <col>1</col>
          <row>7</row>
          <type>ArgumentExpectation</type>
                                        <evaluationMessage><![CDATA[]]></evaluationMessage>
                  </expectation>
                <expectation>
          <status>right</status>
          <instructionId>scriptTable_3_6</instructionId>
          <col>0</col>
          <row>7</row>
          <type>ScriptActionExpectation</type>
                    <actual><![CDATA[true]]></actual>
                              <expected><![CDATA[enter command]]></expected>
                              <evaluationMessage><![CDATA[pass(enter command)]]></evaluationMessage>
                  </expectation>
        
      </instructionResult>
            <instructionResult>
        <instruction><![CDATA[[scriptTable_3_7, call, scriptTableActor, cavernHas, 4]]]></instruction>
        <slimResult><![CDATA[player]]></slimResult>
                <expectation>
          <status>right</status>
          <instructionId>scriptTable_3_7</instructionId>
          <col>4</col>
          <row>8</row>
          <type>ReturnedValueExpectation</type>
                    <actual><![CDATA[player]]></actual>
                              <expected><![CDATA[player]]></expected>
                              <evaluationMessage><![CDATA[pass(player)]]></evaluationMessage>
                  </expectation>
                <expectation>
          <status>ignored</status>
          <instructionId>scriptTable_3_7</instructionId>
          <col>2</col>
          <row>8</row>
          <type>ArgumentExpectation</type>
                                        <evaluationMessage><![CDATA[]]></evaluationMessage>
                  </expectation>
        
      </instructionResult>
            <instructionResult>
        <instruction><![CDATA[[scriptTable_3_8, call, scriptTableActor, enterCommand, S]]]></instruction>
        <slimResult><![CDATA[true]]></slimResult>
                <expectation>
          <status>ignored</status>
          <instructionId>scriptTable_3_8</instructionId>
          <col>1</col>
          <row>9</row>
          <type>ArgumentExpectation</type>
                                        <evaluationMessage><![CDATA[]]></evaluationMessage>
                  </expectation>
                <expectation>
          <status>right</status>
          <instructionId>scriptTable_3_8</instructionId>
          <col>0</col>
          <row>9</row>
          <type>ScriptActionExpectation</type>
                    <actual><![CDATA[true]]></actual>
                              <expected><![CDATA[enter command]]></expected>
                              <evaluationMessage><![CDATA[pass(enter command)]]></evaluationMessage>
                  </expectation>
        
      </instructionResult>
            <instructionResult>
        <instruction><![CDATA[[scriptTable_3_9, call, scriptTableActor, cavernHas, 5]]]></instruction>
        <slimResult><![CDATA[player]]></slimResult>
                <expectation>
          <status>right</status>
          <instructionId>scriptTable_3_9</instructionId>
          <col>4</col>
          <row>10</row>
          <type>ReturnedValueExpectation</type>
                    <actual><![CDATA[player]]></actual>
                              <expected><![CDATA[player]]></expected>
                              <evaluationMessage><![CDATA[pass(player)]]></evaluationMessage>
                  </expectation>
                <expectation>
          <status>ignored</status>
          <instructionId>scriptTable_3_9</instructionId>
          <col>2</col>
          <row>10</row>
          <type>ArgumentExpectation</type>
                                        <evaluationMessage><![CDATA[]]></evaluationMessage>
                  </expectation>
        
      </instructionResult>
            <instructionResult>
        <instruction><![CDATA[[scriptTable_3_10, call, scriptTableActor, enterCommand, W]]]></instruction>
        <slimResult><![CDATA[true]]></slimResult>
                <expectation>
          <status>ignored</status>
          <instructionId>scriptTable_3_10</instructionId>
          <col>1</col>
          <row>11</row>
          <type>ArgumentExpectation</type>
                                        <evaluationMessage><![CDATA[]]></evaluationMessage>
                  </expectation>
                <expectation>
          <status>right</status>
          <instructionId>scriptTable_3_10</instructionId>
          <col>0</col>
          <row>11</row>
          <type>ScriptActionExpectation</type>
                    <actual><![CDATA[true]]></actual>
                              <expected><![CDATA[enter command]]></expected>
                              <evaluationMessage><![CDATA[pass(enter command)]]></evaluationMessage>
                  </expectation>
        
      </instructionResult>
            <instructionResult>
        <instruction><![CDATA[[scriptTable_3_11, call, scriptTableActor, cavernHas, 6]]]></instruction>
        <slimResult><![CDATA[player]]></slimResult>
                <expectation>
          <status>right</status>
          <instructionId>scriptTable_3_11</instructionId>
          <col>4</col>
          <row>12</row>
          <type>ReturnedValueExpectation</type>
                    <actual><![CDATA[player]]></actual>
                              <expected><![CDATA[player]]></expected>
                              <evaluationMessage><![CDATA[pass(player)]]></evaluationMessage>
                  </expectation>
                <expectation>
          <status>ignored</status>
          <instructionId>scriptTable_3_11</instructionId>
          <col>2</col>
          <row>12</row>
          <type>ArgumentExpectation</type>
                                        <evaluationMessage><![CDATA[]]></evaluationMessage>
                  </expectation>
        
      </instructionResult>
            <instructionResult>
        <instruction><![CDATA[[scriptTable_3_12, call, scriptTableActor, enterCommand, W]]]></instruction>
        <slimResult><![CDATA[true]]></slimResult>
                <expectation>
          <status>ignored</status>
          <instructionId>scriptTable_3_12</instructionId>
          <col>1</col>
          <row>13</row>
          <type>ArgumentExpectation</type>
                                        <evaluationMessage><![CDATA[]]></evaluationMessage>
                  </expectation>
                <expectation>
          <status>right</status>
          <instructionId>scriptTable_3_12</instructionId>
          <col>0</col>
          <row>13</row>
          <type>ScriptActionExpectation</type>
                    <actual><![CDATA[true]]></actual>
                              <expected><![CDATA[enter command]]></expected>
                              <evaluationMessage><![CDATA[pass(enter command)]]></evaluationMessage>
                  </expectation>
        
      </instructionResult>
            <instructionResult>
        <instruction><![CDATA[[scriptTable_3_13, call, scriptTableActor, cavernHas, 7]]]></instruction>
        <slimResult><![CDATA[player]]></slimResult>
                <expectation>
          <status>right</status>
          <instructionId>scriptTable_3_13</instructionId>
          <col>4</col>
          <row>14</row>
          <type>ReturnedValueExpectation</type>
                    <actual><![CDATA[player]]></actual>
                              <expected><![CDATA[player]]></expected>
                              <evaluationMessage><![CDATA[pass(player)]]></evaluationMessage>
                  </expectation>
                <expectation>
          <status>ignored</status>
          <instructionId>scriptTable_3_13</instructionId>
          <col>2</col>
          <row>14</row>
          <type>ArgumentExpectation</type>
                                        <evaluationMessage><![CDATA[]]></evaluationMessage>
                  </expectation>
        
      </instructionResult>
            <instructionResult>
        <instruction><![CDATA[[scriptTable_3_14, call, scriptTableActor, enterCommand, N]]]></instruction>
        <slimResult><![CDATA[true]]></slimResult>
                <expectation>
          <status>ignored</status>
          <instructionId>scriptTable_3_14</instructionId>
          <col>1</col>
          <row>15</row>
          <type>ArgumentExpectation</type>
                                        <evaluationMessage><![CDATA[]]></evaluationMessage>
                  </expectation>
                <expectation>
          <status>right</status>
          <instructionId>scriptTable_3_14</instructionId>
          <col>0</col>
          <row>15</row>
          <type>ScriptActionExpectation</type>
                    <actual><![CDATA[true]]></actual>
                              <expected><![CDATA[enter command]]></expected>
                              <evaluationMessage><![CDATA[pass(enter command)]]></evaluationMessage>
                  </expectation>
        
      </instructionResult>
            <instructionResult>
        <instruction><![CDATA[[scriptTable_3_15, call, scriptTableActor, cavernHas, 8]]]></instruction>
        <slimResult><![CDATA[player]]></slimResult>
                <expectation>
          <status>right</status>
          <instructionId>scriptTable_3_15</instructionId>
          <col>4</col>
          <row>16</row>
          <type>ReturnedValueExpectation</type>
                    <actual><![CDATA[player]]></actual>
                              <expected><![CDATA[player]]></expected>
                              <evaluationMessage><![CDATA[pass(player)]]></evaluationMessage>
                  </expectation>
                <expectation>
          <status>ignored</status>
          <instructionId>scriptTable_3_15</instructionId>
          <col>2</col>
          <row>16</row>
          <type>ArgumentExpectation</type>
                                        <evaluationMessage><![CDATA[]]></evaluationMessage>
                  </expectation>
        
      </instructionResult>
            <instructionResult>
        <instruction><![CDATA[[scriptTable_3_16, call, scriptTableActor, enterCommand, N]]]></instruction>
        <slimResult><![CDATA[true]]></slimResult>
                <expectation>
          <status>ignored</status>
          <instructionId>scriptTable_3_16</instructionId>
          <col>1</col>
          <row>17</row>
          <type>ArgumentExpectation</type>
                                        <evaluationMessage><![CDATA[]]></evaluationMessage>
                  </expectation>
                <expectation>
          <status>right</status>
          <instructionId>scriptTable_3_16</instructionId>
          <col>0</col>
          <row>17</row>
          <type>ScriptActionExpectation</type>
                    <actual><![CDATA[true]]></actual>
                              <expected><![CDATA[enter command]]></expected>
                              <evaluationMessage><![CDATA[pass(enter command)]]></evaluationMessage>
                  </expectation>
        
      </instructionResult>
            <instructionResult>
        <instruction><![CDATA[[scriptTable_3_17, call, scriptTableActor, cavernHas, 1]]]></instruction>
        <slimResult><![CDATA[player]]></slimResult>
                <expectation>
          <status>right</status>
          <instructionId>scriptTable_3_17</instructionId>
          <col>4</col>
          <row>18</row>
          <type>ReturnedValueExpectation</type>
                    <actual><![CDATA[player]]></actual>
                              <expected><![CDATA[player]]></expected>
                              <evaluationMessage><![CDATA[pass(player)]]></evaluationMessage>
                  </expectation>
                <expectation>
          <status>ignored</status>
          <instructionId>scriptTable_3_17</instructionId>
          <col>2</col>
          <row>18</row>
          <type>ArgumentExpectation</type>
                                        <evaluationMessage><![CDATA[]]></evaluationMessage>
                  </expectation>
        
      </instructionResult>
            <instructionResult>
        <instruction><![CDATA[[scriptTable_4_0, call, scriptTableActor, putInCavern, player, 1]]]></instruction>
        <slimResult><![CDATA[/__VOID__/]]></slimResult>
                <expectation>
          <status>ignored</status>
          <instructionId>scriptTable_4_0</instructionId>
          <col>1</col>
          <row>1</row>
          <type>ArgumentExpectation</type>
                                        <evaluationMessage><![CDATA[]]></evaluationMessage>
                  </expectation>
                <expectation>
          <status>ignored</status>
          <instructionId>scriptTable_4_0</instructionId>
          <col>3</col>
          <row>1</row>
          <type>ArgumentExpectation</type>
                                        <evaluationMessage><![CDATA[]]></evaluationMessage>
                  </expectation>
                <expectation>
          <status>ignored</status>
          <instructionId>scriptTable_4_0</instructionId>
          <col>0</col>
          <row>1</row>
          <type>ScriptActionExpectation</type>
                    <actual><![CDATA[/__VOID__/]]></actual>
                              <expected><![CDATA[put]]></expected>
                              <evaluationMessage><![CDATA[put]]></evaluationMessage>
                  </expectation>
        
      </instructionResult>
            <instructionResult>
        <instruction><![CDATA[[scriptTable_4_1, call, scriptTableActor, enterCommand, S]]]></instruction>
        <slimResult><![CDATA[true]]></slimResult>
                <expectation>
          <status>ignored</status>
          <instructionId>scriptTable_4_1</instructionId>
          <col>1</col>
          <row>2</row>
          <type>ArgumentExpectation</type>
                                        <evaluationMessage><![CDATA[]]></evaluationMessage>
                  </expectation>
                <expectation>
          <status>right</status>
          <instructionId>scriptTable_4_1</instructionId>
          <col>0</col>
          <row>2</row>
          <type>ScriptActionExpectation</type>
                    <actual><![CDATA[true]]></actual>
                              <expected><![CDATA[enter command]]></expected>
                              <evaluationMessage><![CDATA[pass(enter command)]]></evaluationMessage>
                  </expectation>
        
      </instructionResult>
            <instructionResult>
        <instruction><![CDATA[[scriptTable_4_2, call, scriptTableActor, cavernHas, 8]]]></instruction>
        <slimResult><![CDATA[player]]></slimResult>
                <expectation>
          <status>right</status>
          <instructionId>scriptTable_4_2</instructionId>
          <col>4</col>
          <row>3</row>
          <type>ReturnedValueExpectation</type>
                    <actual><![CDATA[player]]></actual>
                              <expected><![CDATA[player]]></expected>
                              <evaluationMessage><![CDATA[pass(player)]]></evaluationMessage>
                  </expectation>
                <expectation>
          <status>ignored</status>
          <instructionId>scriptTable_4_2</instructionId>
          <col>2</col>
          <row>3</row>
          <type>ArgumentExpectation</type>
                                        <evaluationMessage><![CDATA[]]></evaluationMessage>
                  </expectation>
        
      </instructionResult>
            <instructionResult>
        <instruction><![CDATA[[scriptTable_4_3, call, scriptTableActor, enterCommand, S]]]></instruction>
        <slimResult><![CDATA[true]]></slimResult>
                <expectation>
          <status>ignored</status>
          <instructionId>scriptTable_4_3</instructionId>
          <col>1</col>
          <row>4</row>
          <type>ArgumentExpectation</type>
                                        <evaluationMessage><![CDATA[]]></evaluationMessage>
                  </expectation>
                <expectation>
          <status>right</status>
          <instructionId>scriptTable_4_3</instructionId>
          <col>0</col>
          <row>4</row>
          <type>ScriptActionExpectation</type>
                    <actual><![CDATA[true]]></actual>
                              <expected><![CDATA[enter command]]></expected>
                              <evaluationMessage><![CDATA[pass(enter command)]]></evaluationMessage>
                  </expectation>
        
      </instructionResult>
            <instructionResult>
        <instruction><![CDATA[[scriptTable_4_4, call, scriptTableActor, cavernHas, 7]]]></instruction>
        <slimResult><![CDATA[player]]></slimResult>
                <expectation>
          <status>right</status>
          <instructionId>scriptTable_4_4</instructionId>
          <col>4</col>
          <row>5</row>
          <type>ReturnedValueExpectation</type>
                    <actual><![CDATA[player]]></actual>
                              <expected><![CDATA[player]]></expected>
                              <evaluationMessage><![CDATA[pass(player)]]></evaluationMessage>
                  </expectation>
                <expectation>
          <status>ignored</status>
          <instructionId>scriptTable_4_4</instructionId>
          <col>2</col>
          <row>5</row>
          <type>ArgumentExpectation</type>
                                        <evaluationMessage><![CDATA[]]></evaluationMessage>
                  </expectation>
        
      </instructionResult>
            <instructionResult>
        <instruction><![CDATA[[scriptTable_4_5, call, scriptTableActor, enterCommand, E]]]></instruction>
        <slimResult><![CDATA[true]]></slimResult>
                <expectation>
          <status>ignored</status>
          <instructionId>scriptTable_4_5</instructionId>
          <col>1</col>
          <row>6</row>
          <type>ArgumentExpectation</type>
                                        <evaluationMessage><![CDATA[]]></evaluationMessage>
                  </expectation>
                <expectation>
          <status>right</status>
          <instructionId>scriptTable_4_5</instructionId>
          <col>0</col>
          <row>6</row>
          <type>ScriptActionExpectation</type>
                    <actual><![CDATA[true]]></actual>
                              <expected><![CDATA[enter command]]></expected>
                              <evaluationMessage><![CDATA[pass(enter command)]]></evaluationMessage>
                  </expectation>
        
      </instructionResult>
            <instructionResult>
        <instruction><![CDATA[[scriptTable_4_6, call, scriptTableActor, cavernHas, 6]]]></instruction>
        <slimResult><![CDATA[player]]></slimResult>
                <expectation>
          <status>right</status>
          <instructionId>scriptTable_4_6</instructionId>
          <col>4</col>
          <row>7</row>
          <type>ReturnedValueExpectation</type>
                    <actual><![CDATA[player]]></actual>
                              <expected><![CDATA[player]]></expected>
                              <evaluationMessage><![CDATA[pass(player)]]></evaluationMessage>
                  </expectation>
                <expectation>
          <status>ignored</status>
          <instructionId>scriptTable_4_6</instructionId>
          <col>2</col>
          <row>7</row>
          <type>ArgumentExpectation</type>
                                        <evaluationMessage><![CDATA[]]></evaluationMessage>
                  </expectation>
        
      </instructionResult>
            <instructionResult>
        <instruction><![CDATA[[scriptTable_4_7, call, scriptTableActor, enterCommand, E]]]></instruction>
        <slimResult><![CDATA[true]]></slimResult>
                <expectation>
          <status>ignored</status>
          <instructionId>scriptTable_4_7</instructionId>
          <col>1</col>
          <row>8</row>
          <type>ArgumentExpectation</type>
                                        <evaluationMessage><![CDATA[]]></evaluationMessage>
                  </expectation>
                <expectation>
          <status>right</status>
          <instructionId>scriptTable_4_7</instructionId>
          <col>0</col>
          <row>8</row>
          <type>ScriptActionExpectation</type>
                    <actual><![CDATA[true]]></actual>
                              <expected><![CDATA[enter command]]></expected>
                              <evaluationMessage><![CDATA[pass(enter command)]]></evaluationMessage>
                  </expectation>
        
      </instructionResult>
            <instructionResult>
        <instruction><![CDATA[[scriptTable_4_8, call, scriptTableActor, cavernHas, 5]]]></instruction>
        <slimResult><![CDATA[player]]></slimResult>
                <expectation>
          <status>right</status>
          <instructionId>scriptTable_4_8</instructionId>
          <col>4</col>
          <row>9</row>
          <type>ReturnedValueExpectation</type>
                    <actual><![CDATA[player]]></actual>
                              <expected><![CDATA[player]]></expected>
                              <evaluationMessage><![CDATA[pass(player)]]></evaluationMessage>
                  </expectation>
                <expectation>
          <status>ignored</status>
          <instructionId>scriptTable_4_8</instructionId>
          <col>2</col>
          <row>9</row>
          <type>ArgumentExpectation</type>
                                        <evaluationMessage><![CDATA[]]></evaluationMessage>
                  </expectation>
        
      </instructionResult>
            <instructionResult>
        <instruction><![CDATA[[scriptTable_4_9, call, scriptTableActor, enterCommand, N]]]></instruction>
        <slimResult><![CDATA[true]]></slimResult>
                <expectation>
          <status>ignored</status>
          <instructionId>scriptTable_4_9</instructionId>
          <col>1</col>
          <row>10</row>
          <type>ArgumentExpectation</type>
                                        <evaluationMessage><![CDATA[]]></evaluationMessage>
                  </expectation>
                <expectation>
          <status>right</status>
          <instructionId>scriptTable_4_9</instructionId>
          <col>0</col>
          <row>10</row>
          <type>ScriptActionExpectation</type>
                    <actual><![CDATA[true]]></actual>
                              <expected><![CDATA[enter command]]></expected>
                              <evaluationMessage><![CDATA[pass(enter command)]]></evaluationMessage>
                  </expectation>
        
      </instructionResult>
            <instructionResult>
        <instruction><![CDATA[[scriptTable_4_10, call, scriptTableActor, cavernHas, 4]]]></instruction>
        <slimResult><![CDATA[player]]></slimResult>
                <expectation>
          <status>right</status>
          <instructionId>scriptTable_4_10</instructionId>
          <col>4</col>
          <row>11</row>
          <type>ReturnedValueExpectation</type>
                    <actual><![CDATA[player]]></actual>
                              <expected><![CDATA[player]]></expected>
                              <evaluationMessage><![CDATA[pass(player)]]></evaluationMessage>
                  </expectation>
                <expectation>
          <status>ignored</status>
          <instructionId>scriptTable_4_10</instructionId>
          <col>2</col>
          <row>11</row>
          <type>ArgumentExpectation</type>
                                        <evaluationMessage><![CDATA[]]></evaluationMessage>
                  </expectation>
        
      </instructionResult>
            <instructionResult>
        <instruction><![CDATA[[scriptTable_4_11, call, scriptTableActor, enterCommand, N]]]></instruction>
        <slimResult><![CDATA[true]]></slimResult>
                <expectation>
          <status>ignored</status>
          <instructionId>scriptTable_4_11</instructionId>
          <col>1</col>
          <row>12</row>
          <type>ArgumentExpectation</type>
                                        <evaluationMessage><![CDATA[]]></evaluationMessage>
                  </expectation>
                <expectation>
          <status>right</status>
          <instructionId>scriptTable_4_11</instructionId>
          <col>0</col>
          <row>12</row>
          <type>ScriptActionExpectation</type>
                    <actual><![CDATA[true]]></actual>
                              <expected><![CDATA[enter command]]></expected>
                              <evaluationMessage><![CDATA[pass(enter command)]]></evaluationMessage>
                  </expectation>
        
      </instructionResult>
            <instructionResult>
        <instruction><![CDATA[[scriptTable_4_12, call, scriptTableActor, cavernHas, 3]]]></instruction>
        <slimResult><![CDATA[player]]></slimResult>
                <expectation>
          <status>right</status>
          <instructionId>scriptTable_4_12</instructionId>
          <col>4</col>
          <row>13</row>
          <type>ReturnedValueExpectation</type>
                    <actual><![CDATA[player]]></actual>
                              <expected><![CDATA[player]]></expected>
                              <evaluationMessage><![CDATA[pass(player)]]></evaluationMessage>
                  </expectation>
                <expectation>
          <status>ignored</status>
          <instructionId>scriptTable_4_12</instructionId>
          <col>2</col>
          <row>13</row>
          <type>ArgumentExpectation</type>
                                        <evaluationMessage><![CDATA[]]></evaluationMessage>
                  </expectation>
        
      </instructionResult>
            <instructionResult>
        <instruction><![CDATA[[scriptTable_4_13, call, scriptTableActor, enterCommand, W]]]></instruction>
        <slimResult><![CDATA[true]]></slimResult>
                <expectation>
          <status>ignored</status>
          <instructionId>scriptTable_4_13</instructionId>
          <col>1</col>
          <row>14</row>
          <type>ArgumentExpectation</type>
                                        <evaluationMessage><![CDATA[]]></evaluationMessage>
                  </expectation>
                <expectation>
          <status>right</status>
          <instructionId>scriptTable_4_13</instructionId>
          <col>0</col>
          <row>14</row>
          <type>ScriptActionExpectation</type>
                    <actual><![CDATA[true]]></actual>
                              <expected><![CDATA[enter command]]></expected>
                              <evaluationMessage><![CDATA[pass(enter command)]]></evaluationMessage>
                  </expectation>
        
      </instructionResult>
            <instructionResult>
        <instruction><![CDATA[[scriptTable_4_14, call, scriptTableActor, cavernHas, 2]]]></instruction>
        <slimResult><![CDATA[player]]></slimResult>
                <expectation>
          <status>right</status>
          <instructionId>scriptTable_4_14</instructionId>
          <col>4</col>
          <row>15</row>
          <type>ReturnedValueExpectation</type>
                    <actual><![CDATA[player]]></actual>
                              <expected><![CDATA[player]]></expected>
                              <evaluationMessage><![CDATA[pass(player)]]></evaluationMessage>
                  </expectation>
                <expectation>
          <status>ignored</status>
          <instructionId>scriptTable_4_14</instructionId>
          <col>2</col>
          <row>15</row>
          <type>ArgumentExpectation</type>
                                        <evaluationMessage><![CDATA[]]></evaluationMessage>
                  </expectation>
        
      </instructionResult>
            <instructionResult>
        <instruction><![CDATA[[scriptTable_4_15, call, scriptTableActor, enterCommand, W]]]></instruction>
        <slimResult><![CDATA[true]]></slimResult>
                <expectation>
          <status>ignored</status>
          <instructionId>scriptTable_4_15</instructionId>
          <col>1</col>
          <row>16</row>
          <type>ArgumentExpectation</type>
                                        <evaluationMessage><![CDATA[]]></evaluationMessage>
                  </expectation>
                <expectation>
          <status>right</status>
          <instructionId>scriptTable_4_15</instructionId>
          <col>0</col>
          <row>16</row>
          <type>ScriptActionExpectation</type>
                    <actual><![CDATA[true]]></actual>
                              <expected><![CDATA[enter command]]></expected>
                              <evaluationMessage><![CDATA[pass(enter command)]]></evaluationMessage>
                  </expectation>
        
      </instructionResult>
            <instructionResult>
        <instruction><![CDATA[[scriptTable_4_16, call, scriptTableActor, cavernHas, 1]]]></instruction>
        <slimResult><![CDATA[player]]></slimResult>
                <expectation>
          <status>right</status>
          <instructionId>scriptTable_4_16</instructionId>
          <col>4</col>
          <row>17</row>
          <type>ReturnedValueExpectation</type>
                    <actual><![CDATA[player]]></actual>
                              <expected><![CDATA[player]]></expected>
                              <evaluationMessage><![CDATA[pass(player)]]></evaluationMessage>
                  </expectation>
                <expectation>
          <status>ignored</status>
          <instructionId>scriptTable_4_16</instructionId>
          <col>2</col>
          <row>17</row>
          <type>ArgumentExpectation</type>
                                        <evaluationMessage><![CDATA[]]></evaluationMessage>
                  </expectation>
        
      </instructionResult>
      
    </instructions>
    
  </result>
  
    <finalCounts>
    <right>0</right>
    <wrong>0</wrong>
    <ignores>0</ignores>
    <exceptions>0</exceptions>
  </finalCounts>
  <totalRunTimeInMillis>0</totalRunTimeInMillis>
  
</testResults>

