<?xml version="1.0"?>
<testResults>
  <FitNesseVersion>v20121220</FitNesseVersion>
  <rootPath>TestCanMoveThroughMap</rootPath>
    <result>
    <counts>
      <right>16</right>
      <wrong>0</wrong>
      <ignores>0</ignores>
      <exceptions>0</exceptions>
    </counts>
    <runTimeInMillis>172</runTimeInMillis>
    <content><![CDATA[<br/><div class="collapsible closed"><ul><li><a href='#' class='expandall'>Expand All</a></li><li><a href='#' class='collapseall'>Collapse All</a></li></ul>
	<p class="title">Included page: <a href="HuntTheWumpus.SetUp">.HuntTheWumpus.SetUp</a> <a href="HuntTheWumpus.SetUp?edit&amp;redirectToReferer=true&amp;redirectAction=" class="edit">(edit)</a></p>
	<div><table>
	<tr>
		<td colspan="2"><span class="fit_interpreter">fitlibrary.DoFixture</span></td>
	</tr>
	<tr>
		<td><span class="fit_keyword">start</span></td>
		<td><span class="fit_SUT">HuntTheWumpusDotNet.fixtures.GameDriver</span></td>
	</tr>
</table>
<br/><table>
	<tr>
		<td><span class="fit_interpreter">Import</span></td>
	</tr>
	<tr>
		<td>fit</td>
	</tr>
	<tr>
		<td>HuntTheWumpusDotNet.fixtures</td>
	</tr>
</table>
</div>
</div>
<br/>Test that we can walk around the map, and back again.  This makes sure we can move both directions through each corridor.<br/><br/><div class="collapsible"><ul><li><a href='#' class='expandall'>Expand All</a></li><li><a href='#' class='collapseall'>Collapse All</a></li></ul>
	<p class="title">Included page: <a href="HuntTheWumpus.AllRequirements.IterationOne.NavigatePlayer.DonutMap">DonutMap</a> <a href="HuntTheWumpus.AllRequirements.IterationOne.NavigatePlayer.DonutMap?edit&amp;redirectToReferer=true&amp;redirectAction=" class="edit">(edit)</a></p>
	<div><table>
	<tr>
		<td colspan="3"><span class="fit_interpreter">Make map</span></td>
	</tr>
	<tr>
		<td><span class="fit_member">start</span></td>
		<td><span class="fit_member">end</span></td>
		<td><span class="fit_member">direction</span></td>
	</tr>
	<tr>
		<td>1</td>
		<td>2</td>
		<td>E</td>
	</tr>
	<tr>
		<td>2</td>
		<td>3</td>
		<td>E</td>
	</tr>
	<tr>
		<td>3</td>
		<td>4</td>
		<td>S</td>
	</tr>
	<tr>
		<td>4</td>
		<td>5</td>
		<td>S</td>
	</tr>
	<tr>
		<td>5</td>
		<td>6</td>
		<td>W</td>
	</tr>
	<tr>
		<td>6</td>
		<td>7</td>
		<td>W</td>
	</tr>
	<tr>
		<td>7</td>
		<td>8</td>
		<td>N</td>
	</tr>
	<tr>
		<td>8</td>
		<td>1</td>
		<td>N</td>
	</tr>
</table>
</div>
</div>
<br/><br/><ul>
	<li>Walk Clockwise around the donut.</li>
</ul>
<br/><table>
	<tr>
		<td><span class="fit_member">put</span></td>
		<td>player</td>
		<td><span class="fit_member">in cavern</span></td>
		<td colspan="2">1</td>
	</tr>
	<tr>
		<td><span class="fit_member">enter command</span></td>
		<td colspan="4">E</td>
	</tr>
	<tr>
		<td><span class="fit_keyword">check</span></td>
		<td><span class="fit_member">cavern</span></td>
		<td>1</td>
		<td><span class="fit_member">has</span></td>
		<td><span class="fit_grey"> blank</span></td>
	</tr>
	<tr>
		<td><span class="fit_keyword">check</span></td>
		<td><span class="fit_member">cavern</span></td>
		<td>2</td>
		<td><span class="fit_member">has</span></td>
		<td class="pass">player</td>
	</tr>
	<tr>
		<td><span class="fit_member">enter command</span></td>
		<td colspan="4">E</td>
	</tr>
	<tr>
		<td><span class="fit_keyword">check</span></td>
		<td><span class="fit_member">cavern</span></td>
		<td>3</td>
		<td><span class="fit_member">has</span></td>
		<td class="pass">player</td>
	</tr>
	<tr>
		<td><span class="fit_member">enter command</span></td>
		<td colspan="4">S</td>
	</tr>
	<tr>
		<td><span class="fit_keyword">check</span></td>
		<td><span class="fit_member">cavern</span></td>
		<td>4</td>
		<td><span class="fit_member">has</span></td>
		<td class="pass">player</td>
	</tr>
	<tr>
		<td><span class="fit_member">enter command</span></td>
		<td colspan="4">S</td>
	</tr>
	<tr>
		<td><span class="fit_keyword">check</span></td>
		<td><span class="fit_member">cavern</span></td>
		<td>5</td>
		<td><span class="fit_member">has</span></td>
		<td class="pass">player</td>
	</tr>
	<tr>
		<td><span class="fit_member">enter command</span></td>
		<td colspan="4">W</td>
	</tr>
	<tr>
		<td><span class="fit_keyword">check</span></td>
		<td><span class="fit_member">cavern</span></td>
		<td>6</td>
		<td><span class="fit_member">has</span></td>
		<td class="pass">player</td>
	</tr>
	<tr>
		<td><span class="fit_member">enter command</span></td>
		<td colspan="4">W</td>
	</tr>
	<tr>
		<td><span class="fit_keyword">check</span></td>
		<td><span class="fit_member">cavern</span></td>
		<td>7</td>
		<td><span class="fit_member">has</span></td>
		<td class="pass">player</td>
	</tr>
	<tr>
		<td><span class="fit_member">enter command</span></td>
		<td colspan="4">N</td>
	</tr>
	<tr>
		<td><span class="fit_keyword">check</span></td>
		<td><span class="fit_member">cavern</span></td>
		<td>8</td>
		<td><span class="fit_member">has</span></td>
		<td class="pass">player</td>
	</tr>
	<tr>
		<td><span class="fit_member">enter command</span></td>
		<td colspan="4">N</td>
	</tr>
	<tr>
		<td><span class="fit_keyword">check</span></td>
		<td><span class="fit_member">cavern</span></td>
		<td>1</td>
		<td><span class="fit_member">has</span></td>
		<td class="pass">player</td>
	</tr>
</table>
<br/><ul>
	<li>Walk Counter-clockwise around the donut.</li>
</ul>
<br/><table>
	<tr>
		<td><span class="fit_member">put</span></td>
		<td>player</td>
		<td><span class="fit_member">in cavern</span></td>
		<td colspan="2">1</td>
	</tr>
	<tr>
		<td><span class="fit_member">enter command</span></td>
		<td colspan="4">S</td>
	</tr>
	<tr>
		<td><span class="fit_keyword">check</span></td>
		<td><span class="fit_member">cavern</span></td>
		<td>8</td>
		<td><span class="fit_member">has</span></td>
		<td class="pass">player</td>
	</tr>
	<tr>
		<td><span class="fit_member">enter command</span></td>
		<td colspan="4">S</td>
	</tr>
	<tr>
		<td><span class="fit_keyword">check</span></td>
		<td><span class="fit_member">cavern</span></td>
		<td>7</td>
		<td><span class="fit_member">has</span></td>
		<td class="pass">player</td>
	</tr>
	<tr>
		<td><span class="fit_member">enter command</span></td>
		<td colspan="4">E</td>
	</tr>
	<tr>
		<td><span class="fit_keyword">check</span></td>
		<td><span class="fit_member">cavern</span></td>
		<td>6</td>
		<td><span class="fit_member">has</span></td>
		<td class="pass">player</td>
	</tr>
	<tr>
		<td><span class="fit_member">enter command</span></td>
		<td colspan="4">E</td>
	</tr>
	<tr>
		<td><span class="fit_keyword">check</span></td>
		<td><span class="fit_member">cavern</span></td>
		<td>5</td>
		<td><span class="fit_member">has</span></td>
		<td class="pass">player</td>
	</tr>
	<tr>
		<td><span class="fit_member">enter command</span></td>
		<td colspan="4">N</td>
	</tr>
	<tr>
		<td><span class="fit_keyword">check</span></td>
		<td><span class="fit_member">cavern</span></td>
		<td>4</td>
		<td><span class="fit_member">has</span></td>
		<td class="pass">player</td>
	</tr>
	<tr>
		<td><span class="fit_member">enter command</span></td>
		<td colspan="4">N</td>
	</tr>
	<tr>
		<td><span class="fit_keyword">check</span></td>
		<td><span class="fit_member">cavern</span></td>
		<td>3</td>
		<td><span class="fit_member">has</span></td>
		<td class="pass">player</td>
	</tr>
	<tr>
		<td><span class="fit_member">enter command</span></td>
		<td colspan="4">W</td>
	</tr>
	<tr>
		<td><span class="fit_keyword">check</span></td>
		<td><span class="fit_member">cavern</span></td>
		<td>2</td>
		<td><span class="fit_member">has</span></td>
		<td class="pass">player</td>
	</tr>
	<tr>
		<td><span class="fit_member">enter command</span></td>
		<td colspan="4">W</td>
	</tr>
	<tr>
		<td><span class="fit_keyword">check</span></td>
		<td><span class="fit_member">cavern</span></td>
		<td>1</td>
		<td><span class="fit_member">has</span></td>
		<td class="pass">player</td>
	</tr>
</table>
<br/>]]></content>
    <relativePageName>TestCanMoveThroughMap</relativePageName>
    
    
    
  </result>
  
    <finalCounts>
    <right>0</right>
    <wrong>0</wrong>
    <ignores>0</ignores>
    <exceptions>0</exceptions>
  </finalCounts>
  <totalRunTimeInMillis>0</totalRunTimeInMillis>
  
</testResults>

