<?xml version="1.0"?>
<testResults>
  <FitNesseVersion>v20121220</FitNesseVersion>
  <rootPath>FallinPit</rootPath>
    <result>
    <counts>
      <right>0</right>
      <wrong>0</wrong>
      <ignores>0</ignores>
      <exceptions>0</exceptions>
    </counts>
    <runTimeInMillis>4</runTimeInMillis>
    <content><![CDATA[<div class="collapsible closed"><ul><li><a href='#' class='expandall'>Expand All</a></li><li><a href='#' class='collapseall'>Collapse All</a></li></ul>
	<p class="title">Precompiled Libraries</p>
	<div><br/></div>
</div>
<br/><div class="collapsible closed"><ul><li><a href='#' class='expandall'>Expand All</a></li><li><a href='#' class='collapseall'>Collapse All</a></li></ul>
	<p class="title">Included page: <a href="HuntTheWumpus.SetUp">.HuntTheWumpus.SetUp</a> <a href="HuntTheWumpus.SetUp?edit&amp;redirectToReferer=true&amp;redirectAction=" class="edit">(edit)</a></p>
	<div><table _TABLENUMBER=1267686191103958510>
	<tr>
		<td>Import</td>
	</tr>
	<tr>
		<td>HuntTheWumpusDotNet.fixtures</td>
	</tr>
</table>
<br/><table _TABLENUMBER=81471948805832468>
	<tr>
		<td>script</td>
		<td><span class="pass">HuntTheWumpusDotNet.fixtures.GameDriver</span></td>
	</tr>
</table>
</div>
</div>
<br/>If the player enters a cavern that contains a pit, then the player dies and the game is over.<br/>]]></content>
    <relativePageName>FallinPit</relativePageName>
    
        <tables>
            <table>
        <name>import_0</name>
                <row>
                    <col><![CDATA[Import]]></col>
          
        </row>
                <row>
                    <col><![CDATA[HuntTheWumpusDotNet.fixtures]]></col>
          
        </row>
        
      </table>
            <table>
        <name>scriptTable_1</name>
                <row>
                    <col><![CDATA[script]]></col>
                    <col><![CDATA[pass(HuntTheWumpusDotNet.fixtures.GameDriver)]]></col>
          
        </row>
        
      </table>
      
    </tables>
    
    
    <instructions>
            <instructionResult>
        <instruction><![CDATA[[import_0_0, import, HuntTheWumpusDotNet.fixtures]]]></instruction>
        <slimResult><![CDATA[OK]]></slimResult>
        
      </instructionResult>
            <instructionResult>
        <instruction><![CDATA[[scriptTable_1_0, make, scriptTableActor, HuntTheWumpusDotNet.fixtures.GameDriver]]]></instruction>
        <slimResult><![CDATA[OK]]></slimResult>
                <expectation>
          <status>right</status>
          <instructionId>scriptTable_1_0</instructionId>
          <col>1</col>
          <row>0</row>
          <type>ConstructionExpectation</type>
                    <actual><![CDATA[OK]]></actual>
                              <expected><![CDATA[HuntTheWumpusDotNet.fixtures.GameDriver]]></expected>
                              <evaluationMessage><![CDATA[pass(HuntTheWumpusDotNet.fixtures.GameDriver)]]></evaluationMessage>
                  </expectation>
        
      </instructionResult>
      
    </instructions>
    
  </result>
  
    <finalCounts>
    <right>0</right>
    <wrong>0</wrong>
    <ignores>0</ignores>
    <exceptions>0</exceptions>
  </finalCounts>
  <totalRunTimeInMillis>0</totalRunTimeInMillis>
  
</testResults>

