<?xml version="1.0"?>
<testResults>
  <FitNesseVersion>v20121220</FitNesseVersion>
  <rootPath>HearBats</rootPath>
    <result>
    <counts>
      <right>0</right>
      <wrong>0</wrong>
      <ignores>0</ignores>
      <exceptions>0</exceptions>
    </counts>
    <runTimeInMillis>3</runTimeInMillis>
    <content><![CDATA[<div class="collapsible closed"><ul><li><a href='#' class='expandall'>Expand All</a></li><li><a href='#' class='collapseall'>Collapse All</a></li></ul>
	<p class="title">Precompiled Libraries</p>
	<div><br/></div>
</div>
<br/><div class="collapsible closed"><ul><li><a href='#' class='expandall'>Expand All</a></li><li><a href='#' class='collapseall'>Collapse All</a></li></ul>
	<p class="title">Included page: <a href="HuntTheWumpus.SetUp">.HuntTheWumpus.SetUp</a> <a href="HuntTheWumpus.SetUp?edit&amp;redirectToReferer=true&amp;redirectAction=" class="edit">(edit)</a></p>
	<div><table _TABLENUMBER=5128888864514049160>
	<tr>
		<td>Import</td>
	</tr>
	<tr>
		<td>HuntTheWumpusDotNet.fixtures</td>
	</tr>
</table>
<br/><table _TABLENUMBER=2973936605230977766>
	<tr>
		<td>script</td>
		<td><span class="pass">HuntTheWumpusDotNet.fixtures.GameDriver</span></td>
	</tr>
</table>
</div>
</div>
<br/><h3>When the player is adjacent to a cavern with bats the message "You hear chirping." should be displayed.</h3>
<br/><span class="meta">variable defined: OBJECT=bats</span>
<br/><span class="meta">variable defined: MESSAGE=You hear chirping.</span>
<br/><br/><div class="collapsible"><ul><li><a href='#' class='expandall'>Expand All</a></li><li><a href='#' class='collapseall'>Collapse All</a></li></ul>
	<p class="title">Included page: <a href="HuntTheWumpus.AssertionPages.SenseNearbyHazard">.HuntTheWumpus.AssertionPages.SenseNearbyHazard</a> <a href="HuntTheWumpus.AssertionPages.SenseNearbyHazard?edit&amp;redirectToReferer=true&amp;redirectAction=" class="edit">(edit)</a></p>
	<div><table _TABLENUMBER=505376116313346040>
	<tr>
		<td>scenario</td>
		<td>the player smells the</td>
		<td>object</td>
		<td>in cavern</td>
		<td>cavern</td>
		<td>when moving</td>
		<td>direction</td>
		<td>from cavern</td>
		<td>startingLocation</td>
	</tr>
	<tr>
		<td colspan="9">freeze wumpus</td>
	</tr>
	<tr>
		<td>put</td>
		<td>@object</td>
		<td>in cavern</td>
		<td colspan="6">@cavern</td>
	</tr>
	<tr>
		<td>put</td>
		<td>player</td>
		<td>in cavern</td>
		<td colspan="6">@startingLocation</td>
	</tr>
	<tr>
		<td>enter command</td>
		<td colspan="8">@direction</td>
	</tr>
	<tr>
		<td>check</td>
		<td>message was printed</td>
		<td colspan="7">You hear chirping.</td>
	</tr>
</table>
</div>
</div>
]]></content>
    <relativePageName>HearBats</relativePageName>
    
        <tables>
            <table>
        <name>import_0</name>
                <row>
                    <col><![CDATA[Import]]></col>
          
        </row>
                <row>
                    <col><![CDATA[HuntTheWumpusDotNet.fixtures]]></col>
          
        </row>
        
      </table>
            <table>
        <name>scriptTable_1</name>
                <row>
                    <col><![CDATA[script]]></col>
                    <col><![CDATA[pass(HuntTheWumpusDotNet.fixtures.GameDriver)]]></col>
          
        </row>
        
      </table>
            <table>
        <name>scenarioTable_2</name>
                <row>
                    <col><![CDATA[scenario]]></col>
                    <col><![CDATA[the player smells the]]></col>
                    <col><![CDATA[object]]></col>
                    <col><![CDATA[in cavern]]></col>
                    <col><![CDATA[cavern]]></col>
                    <col><![CDATA[when moving]]></col>
                    <col><![CDATA[direction]]></col>
                    <col><![CDATA[from cavern]]></col>
                    <col><![CDATA[startingLocation]]></col>
          
        </row>
                <row>
                    <col><![CDATA[freeze wumpus]]></col>
          
        </row>
                <row>
                    <col><![CDATA[put]]></col>
                    <col><![CDATA[@object]]></col>
                    <col><![CDATA[in cavern]]></col>
                    <col><![CDATA[@cavern]]></col>
          
        </row>
                <row>
                    <col><![CDATA[put]]></col>
                    <col><![CDATA[player]]></col>
                    <col><![CDATA[in cavern]]></col>
                    <col><![CDATA[@startingLocation]]></col>
          
        </row>
                <row>
                    <col><![CDATA[enter command]]></col>
                    <col><![CDATA[@direction]]></col>
          
        </row>
                <row>
                    <col><![CDATA[check]]></col>
                    <col><![CDATA[message was printed]]></col>
                    <col><![CDATA[You hear chirping.]]></col>
          
        </row>
        
      </table>
      
    </tables>
    
    
    <instructions>
            <instructionResult>
        <instruction><![CDATA[[import_0_0, import, HuntTheWumpusDotNet.fixtures]]]></instruction>
        <slimResult><![CDATA[OK]]></slimResult>
        
      </instructionResult>
            <instructionResult>
        <instruction><![CDATA[[scriptTable_1_0, make, scriptTableActor, HuntTheWumpusDotNet.fixtures.GameDriver]]]></instruction>
        <slimResult><![CDATA[OK]]></slimResult>
                <expectation>
          <status>right</status>
          <instructionId>scriptTable_1_0</instructionId>
          <col>1</col>
          <row>0</row>
          <type>ConstructionExpectation</type>
                    <actual><![CDATA[OK]]></actual>
                              <expected><![CDATA[HuntTheWumpusDotNet.fixtures.GameDriver]]></expected>
                              <evaluationMessage><![CDATA[pass(HuntTheWumpusDotNet.fixtures.GameDriver)]]></evaluationMessage>
                  </expectation>
        
      </instructionResult>
      
    </instructions>
    
  </result>
  
    <finalCounts>
    <right>0</right>
    <wrong>0</wrong>
    <ignores>0</ignores>
    <exceptions>0</exceptions>
  </finalCounts>
  <totalRunTimeInMillis>0</totalRunTimeInMillis>
  
</testResults>

