<?xml version="1.0"?>
<testResults>
  <FitNesseVersion>v20121220</FitNesseVersion>
  <rootPath>TestCanRest</rootPath>
    <result>
    <counts>
      <right>0</right>
      <wrong>4</wrong>
      <ignores>0</ignores>
      <exceptions>8</exceptions>
    </counts>
    <runTimeInMillis>75</runTimeInMillis>
    <content><![CDATA[<br/><div class="collapsible closed"><ul><li><a href='#' class='expandall'>Expand All</a></li><li><a href='#' class='collapseall'>Collapse All</a></li></ul>
	<p class="title">Included page: <a href="HuntTheWumpus.SetUp">.HuntTheWumpus.SetUp</a> <a href="HuntTheWumpus.SetUp?edit&amp;redirectToReferer=true&amp;redirectAction=" class="edit">(edit)</a></p>
	<div><table>
	<tr>
		<td colspan="2"><span class="fit_interpreter">fitlibrary.DoFixture</span></td>
	</tr>
	<tr>
		<td><span class="fit_keyword">start</span></td>
		<td><span class="fit_SUT">HuntTheWumpusDotNet.fixtures.GameDriver</span></td>
	</tr>
</table>
<br/><table>
	<tr>
		<td><span class="fit_interpreter">Import</span></td>
	</tr>
	<tr>
		<td>fit</td>
	</tr>
	<tr>
		<td>HuntTheWumpusDotNet.fixtures</td>
	</tr>
</table>
</div>
</div>
<br/>A player can rest for his turn.  This is a valid command that does not move the player.<br/><br/><div class="collapsible"><ul><li><a href='#' class='expandall'>Expand All</a></li><li><a href='#' class='collapseall'>Collapse All</a></li></ul>
	<p class="title">Included page: <a href="HuntTheWumpus.AllRequirements.IterationOne.NavigatePlayer.DonutMap">DonutMap</a> <a href="HuntTheWumpus.AllRequirements.IterationOne.NavigatePlayer.DonutMap?edit&amp;redirectToReferer=true&amp;redirectAction=" class="edit">(edit)</a></p>
	<div><table>
	<tr>
		<td colspan="3"><span class="fit_interpreter">Make map</span></td>
	</tr>
	<tr>
		<td><span class="fit_member">start</span></td>
		<td><span class="fit_member">end</span></td>
		<td><span class="fit_member">direction</span></td>
	</tr>
	<tr>
		<td>1</td>
		<td>2</td>
		<td>E</td>
	</tr>
	<tr>
		<td>2</td>
		<td>3</td>
		<td>E</td>
	</tr>
	<tr>
		<td>3</td>
		<td>4</td>
		<td>S</td>
	</tr>
	<tr>
		<td>4</td>
		<td>5</td>
		<td>S</td>
	</tr>
	<tr>
		<td>5</td>
		<td>6</td>
		<td>W</td>
	</tr>
	<tr>
		<td>6</td>
		<td>7</td>
		<td>W</td>
	</tr>
	<tr>
		<td>7</td>
		<td>8</td>
		<td>N</td>
	</tr>
	<tr>
		<td>8</td>
		<td>1</td>
		<td>N</td>
	</tr>
</table>
</div>
</div>
<br/><br/><table>
	<tr>
		<td><span class="fit_member">put</span></td>
		<td>player</td>
		<td><span class="fit_member">in cavern</span></td>
		<td colspan="3">1</td>
	</tr>
	<tr>
		<td class="fail"><span class="fit_member">enter command</span></td>
		<td colspan="5">Rest</td>
	</tr>
	<tr>
		<td><span class="fit_keyword">check</span></td>
		<td class="error"><span class="fit_member">cavern</span><hr /><pre><div class="fit_stacktrace">fitSharp.Machine.Exception.MemberMissingException: Member 'cavernhas' with 2 parameter(s) not found for type 'fitlibrary.DoFixture'.
   at fitSharp.Machine.Engine.ReflectionMember.Invoke(Object[] parameters)
   at fitSharp.Machine.Engine.ProcessorBase`2.Operate[O](Object[] parameters)
   at fitSharp.Fit.Engine.CellProcessorExtension.Check(CellProcessor processor, Object systemUnderTest, Tree`1 memberName, Tree`1 parameters, Tree`1 expectedCell)
   at fit.Fixtures.FlowKeywords.DoCheckOperation(Tree`1 expectedValue, Tree`1 cells)
   at fit.Fixtures.FlowKeywords.Check(Parse theCells)</div></pre></td>
		<td>1</td>
		<td><span class="fit_member">has</span></td>
		<td>player</td>
		<td>true</td>
	</tr>
	<tr>
		<td><span class="fit_keyword">check</span></td>
		<td class="error"><span class="fit_member">message</span><hr /><pre><div class="fit_stacktrace">fitSharp.Machine.Exception.MemberMissingException: Member 'messagewasprinted' with 1 parameter(s) not found for type 'fitlibrary.DoFixture'.
   at fitSharp.Machine.Engine.ReflectionMember.Invoke(Object[] parameters)
   at fitSharp.Machine.Engine.ProcessorBase`2.Operate[O](Object[] parameters)
   at fitSharp.Fit.Engine.CellProcessorExtension.Check(CellProcessor processor, Object systemUnderTest, Tree`1 memberName, Tree`1 parameters, Tree`1 expectedCell)
   at fit.Fixtures.FlowKeywords.DoCheckOperation(Tree`1 expectedValue, Tree`1 cells)
   at fit.Fixtures.FlowKeywords.Check(Parse theCells)</div></pre></td>
		<td>I don't know how to Rest.</td>
		<td><span class="fit_member">was printed</span></td>
		<td colspan="2">false</td>
	</tr>
</table>
<br/><table>
	<tr>
		<td class="fail"><span class="fit_member">enter command</span></td>
		<td colspan="5">rest</td>
	</tr>
	<tr>
		<td><span class="fit_keyword">check</span></td>
		<td class="error"><span class="fit_member">cavern</span><hr /><pre><div class="fit_stacktrace">fitSharp.Machine.Exception.MemberMissingException: Member 'cavernhas' with 2 parameter(s) not found for type 'fitlibrary.DoFixture'.
   at fitSharp.Machine.Engine.ReflectionMember.Invoke(Object[] parameters)
   at fitSharp.Machine.Engine.ProcessorBase`2.Operate[O](Object[] parameters)
   at fitSharp.Fit.Engine.CellProcessorExtension.Check(CellProcessor processor, Object systemUnderTest, Tree`1 memberName, Tree`1 parameters, Tree`1 expectedCell)
   at fit.Fixtures.FlowKeywords.DoCheckOperation(Tree`1 expectedValue, Tree`1 cells)
   at fit.Fixtures.FlowKeywords.Check(Parse theCells)</div></pre></td>
		<td>1</td>
		<td><span class="fit_member">has</span></td>
		<td>player</td>
		<td>true</td>
	</tr>
	<tr>
		<td><span class="fit_keyword">check</span></td>
		<td class="error"><span class="fit_member">message</span><hr /><pre><div class="fit_stacktrace">fitSharp.Machine.Exception.MemberMissingException: Member 'messagewasprinted' with 1 parameter(s) not found for type 'fitlibrary.DoFixture'.
   at fitSharp.Machine.Engine.ReflectionMember.Invoke(Object[] parameters)
   at fitSharp.Machine.Engine.ProcessorBase`2.Operate[O](Object[] parameters)
   at fitSharp.Fit.Engine.CellProcessorExtension.Check(CellProcessor processor, Object systemUnderTest, Tree`1 memberName, Tree`1 parameters, Tree`1 expectedCell)
   at fit.Fixtures.FlowKeywords.DoCheckOperation(Tree`1 expectedValue, Tree`1 cells)
   at fit.Fixtures.FlowKeywords.Check(Parse theCells)</div></pre></td>
		<td>I don't know how to rest.</td>
		<td><span class="fit_member">was printed</span></td>
		<td colspan="2">false</td>
	</tr>
</table>
<br/><table>
	<tr>
		<td class="fail"><span class="fit_member">enter command</span></td>
		<td colspan="5">r</td>
	</tr>
	<tr>
		<td><span class="fit_keyword">check</span></td>
		<td class="error"><span class="fit_member">cavern</span><hr /><pre><div class="fit_stacktrace">fitSharp.Machine.Exception.MemberMissingException: Member 'cavernhas' with 2 parameter(s) not found for type 'fitlibrary.DoFixture'.
   at fitSharp.Machine.Engine.ReflectionMember.Invoke(Object[] parameters)
   at fitSharp.Machine.Engine.ProcessorBase`2.Operate[O](Object[] parameters)
   at fitSharp.Fit.Engine.CellProcessorExtension.Check(CellProcessor processor, Object systemUnderTest, Tree`1 memberName, Tree`1 parameters, Tree`1 expectedCell)
   at fit.Fixtures.FlowKeywords.DoCheckOperation(Tree`1 expectedValue, Tree`1 cells)
   at fit.Fixtures.FlowKeywords.Check(Parse theCells)</div></pre></td>
		<td>1</td>
		<td><span class="fit_member">has</span></td>
		<td>player</td>
		<td>true</td>
	</tr>
	<tr>
		<td><span class="fit_keyword">check</span></td>
		<td class="error"><span class="fit_member">message</span><hr /><pre><div class="fit_stacktrace">fitSharp.Machine.Exception.MemberMissingException: Member 'messagewasprinted' with 1 parameter(s) not found for type 'fitlibrary.DoFixture'.
   at fitSharp.Machine.Engine.ReflectionMember.Invoke(Object[] parameters)
   at fitSharp.Machine.Engine.ProcessorBase`2.Operate[O](Object[] parameters)
   at fitSharp.Fit.Engine.CellProcessorExtension.Check(CellProcessor processor, Object systemUnderTest, Tree`1 memberName, Tree`1 parameters, Tree`1 expectedCell)
   at fit.Fixtures.FlowKeywords.DoCheckOperation(Tree`1 expectedValue, Tree`1 cells)
   at fit.Fixtures.FlowKeywords.Check(Parse theCells)</div></pre></td>
		<td>I don't know how to r.</td>
		<td><span class="fit_member">was printed</span></td>
		<td colspan="2">false</td>
	</tr>
</table>
<br/><table>
	<tr>
		<td class="fail"><span class="fit_member">enter command</span></td>
		<td colspan="5">R</td>
	</tr>
	<tr>
		<td><span class="fit_keyword">check</span></td>
		<td class="error"><span class="fit_member">cavern</span><hr /><pre><div class="fit_stacktrace">fitSharp.Machine.Exception.MemberMissingException: Member 'cavernhas' with 2 parameter(s) not found for type 'fitlibrary.DoFixture'.
   at fitSharp.Machine.Engine.ReflectionMember.Invoke(Object[] parameters)
   at fitSharp.Machine.Engine.ProcessorBase`2.Operate[O](Object[] parameters)
   at fitSharp.Fit.Engine.CellProcessorExtension.Check(CellProcessor processor, Object systemUnderTest, Tree`1 memberName, Tree`1 parameters, Tree`1 expectedCell)
   at fit.Fixtures.FlowKeywords.DoCheckOperation(Tree`1 expectedValue, Tree`1 cells)
   at fit.Fixtures.FlowKeywords.Check(Parse theCells)</div></pre></td>
		<td>1</td>
		<td><span class="fit_member">has</span></td>
		<td>player</td>
		<td>true</td>
	</tr>
	<tr>
		<td><span class="fit_keyword">check</span></td>
		<td class="error"><span class="fit_member">message</span><hr /><pre><div class="fit_stacktrace">fitSharp.Machine.Exception.MemberMissingException: Member 'messagewasprinted' with 1 parameter(s) not found for type 'fitlibrary.DoFixture'.
   at fitSharp.Machine.Engine.ReflectionMember.Invoke(Object[] parameters)
   at fitSharp.Machine.Engine.ProcessorBase`2.Operate[O](Object[] parameters)
   at fitSharp.Fit.Engine.CellProcessorExtension.Check(CellProcessor processor, Object systemUnderTest, Tree`1 memberName, Tree`1 parameters, Tree`1 expectedCell)
   at fit.Fixtures.FlowKeywords.DoCheckOperation(Tree`1 expectedValue, Tree`1 cells)
   at fit.Fixtures.FlowKeywords.Check(Parse theCells)</div></pre></td>
		<td>I don't know how to R.</td>
		<td><span class="fit_member">was printed</span></td>
		<td colspan="2">false</td>
	</tr>
</table>
<br/>]]></content>
    <relativePageName>TestCanRest</relativePageName>
    
    
    
  </result>
  
    <finalCounts>
    <right>0</right>
    <wrong>0</wrong>
    <ignores>0</ignores>
    <exceptions>0</exceptions>
  </finalCounts>
  <totalRunTimeInMillis>0</totalRunTimeInMillis>
  
</testResults>

