<?xml version="1.0"?>
<testResults>
  <FitNesseVersion>v20121220</FitNesseVersion>
  <rootPath>TestCanRest</rootPath>
    <result>
    <counts>
      <right>0</right>
      <wrong>0</wrong>
      <ignores>39</ignores>
      <exceptions>7</exceptions>
    </counts>
    <runTimeInMillis>49</runTimeInMillis>
    <content><![CDATA[<div id="test_exceptions2"><H3> <span class="fail">Exceptions</span></H3><br/><a name="error"><b></b></a><div class="collapsible closed"><ul><li><a href='#' class='expandall'>Expand All</a></li><li><a href='#' class='collapseall'>Collapse All</a></li></ul>
	<p class="title">error</p>
	<div><pre>__EXCEPTION__:System.IO.FileNotFoundException: Could not load file or assembly 'file:///C:\Users\Eric\Documents\Visual Studio 2012\Projects\HuntTheWumpus\HuntTheWumpusDotNet\HuntTheWumpusDotNet\bin\Debug\HuntTheWumpusDotNet.dll' or one of its dependencies. The system cannot find the file specified.
File name: 'file:///C:\Users\Eric\Documents\Visual Studio 2012\Projects\HuntTheWumpus\HuntTheWumpusDotNet\HuntTheWumpusDotNet\bin\Debug\HuntTheWumpusDotNet.dll'
   at System.Reflection.RuntimeAssembly._nLoad(AssemblyName fileName, String codeBase, Evidence assemblySecurity, RuntimeAssembly locationHint, StackCrawlMark&amp; stackMark, IntPtr pPrivHostBinder, Boolean throwOnFileNotFound, Boolean forIntrospection, Boolean suppressSecurityChecks)
   at System.Reflection.RuntimeAssembly.InternalLoadAssemblyName(AssemblyName assemblyRef, Evidence assemblySecurity, RuntimeAssembly reqAssembly, StackCrawlMark&amp; stackMark, IntPtr pPrivHostBinder, Boolean throwOnFileNotFound, Boolean forIntrospection, Boolean suppressSecurityChecks)
   at System.Reflection.RuntimeAssembly.InternalLoadAssemblyName(AssemblyName assemblyRef, Evidence assemblySecurity, RuntimeAssembly reqAssembly, StackCrawlMark&amp; stackMark, Boolean throwOnFileNotFound, Boolean forIntrospection, Boolean suppressSecurityChecks)
   at System.Reflection.RuntimeAssembly.InternalLoadFrom(String assemblyFile, Evidence securityEvidence, Byte[] hashValue, AssemblyHashAlgorithm hashAlgorithm, Boolean forIntrospection, Boolean suppressSecurityChecks, StackCrawlMark&amp; stackMark)
   at System.Reflection.Assembly.LoadFrom(String assemblyFile)
   at fitSharp.Machine.Engine.CurrentDomain.LoadAssembly(String assemblyPath)
   at fitSharp.Machine.Engine.ApplicationUnderTest.Assemblies.AddAssembly(String assemblyName)
   at fitSharp.Slim.Service.Interpreter.AddAssemblies()
   at fitSharp.Slim.Service.Interpreter.Execute(String instruction)

WRN: Assembly binding logging is turned OFF.
To enable assembly bind failure logging, set the registry value [HKLM\Software\Microsoft\Fusion!EnableLog] (DWORD) to 1.
Note: There is some performance penalty associated with assembly bind failure logging.
To turn this feature off, remove the registry value [HKLM\Software\Microsoft\Fusion!EnableLog].
</pre></div>
</div>
</div><hr/><div class="collapsible closed"><ul><li><a href='#' class='expandall'>Expand All</a></li><li><a href='#' class='collapseall'>Collapse All</a></li></ul>
	<p class="title">Precompiled Libraries</p>
	<div><br/></div>
</div>
<br/><div class="collapsible closed"><ul><li><a href='#' class='expandall'>Expand All</a></li><li><a href='#' class='collapseall'>Collapse All</a></li></ul>
	<p class="title">Included page: <a href="HuntTheWumpus.SetUp">.HuntTheWumpus.SetUp</a> <a href="HuntTheWumpus.SetUp?edit&amp;redirectToReferer=true&amp;redirectAction=" class="edit">(edit)</a></p>
	<div><table _TABLENUMBER=2017298747807549175>
	<tr>
		<td>Import</td>
	</tr>
	<tr>
		<td>HuntTheWumpusDotNet.fixtures</td>
	</tr>
</table>
<br/><script>var existingContent = document.getElementById("test_exceptions2").innerHTML;
document.getElementById("test_exceptions2").innerHTML = existingContent + "<a name=\"error\"><b></b></a><div class=\"collapsible closed\"><ul><li><a href='#' class='expandall'>Expand All</a></li><li><a href='#' class='collapseall'>Collapse All</a></li></ul>\r\n\t<p class=\"title\">error</p>\r\n\t<div><pre>__EXCEPTION__:System.IO.FileNotFoundException: Could not load file or assembly 'file:///C:\Users\Eric\Documents\Visual Studio 2012\Projects\HuntTheWumpus\HuntTheWumpusDotNet\HuntTheWumpusDotNet\bin\Debug\HuntTheWumpusDotNet.dll' or one of its dependencies. The system cannot find the file specified.\r\nFile name: 'file:///C:\Users\Eric\Documents\Visual Studio 2012\Projects\HuntTheWumpus\HuntTheWumpusDotNet\HuntTheWumpusDotNet\bin\Debug\HuntTheWumpusDotNet.dll'\r\n   at System.Reflection.RuntimeAssembly._nLoad(AssemblyName fileName, String codeBase, Evidence assemblySecurity, RuntimeAssembly locationHint, StackCrawlMark&amp; stackMark, IntPtr pPrivHostBinder, Boolean throwOnFileNotFound, Boolean forIntrospection, Boolean suppressSecurityChecks)\r\n   at System.Reflection.RuntimeAssembly.InternalLoadAssemblyName(AssemblyName assemblyRef, Evidence assemblySecurity, RuntimeAssembly reqAssembly, StackCrawlMark&amp; stackMark, IntPtr pPrivHostBinder, Boolean throwOnFileNotFound, Boolean forIntrospection, Boolean suppressSecurityChecks)\r\n   at System.Reflection.RuntimeAssembly.InternalLoadAssemblyName(AssemblyName assemblyRef, Evidence assemblySecurity, RuntimeAssembly reqAssembly, StackCrawlMark&amp; stackMark, Boolean throwOnFileNotFound, Boolean forIntrospection, Boolean suppressSecurityChecks)\r\n   at System.Reflection.RuntimeAssembly.InternalLoadFrom(String assemblyFile, Evidence securityEvidence, Byte[] hashValue, AssemblyHashAlgorithm hashAlgorithm, Boolean forIntrospection, Boolean suppressSecurityChecks, StackCrawlMark&amp; stackMark)\r\n   at System.Reflection.Assembly.LoadFrom(String assemblyFile)\r\n   at fitSharp.Machine.Engine.CurrentDomain.LoadAssembly(String assemblyPath)\r\n   at fitSharp.Machine.Engine.ApplicationUnderTest.Assemblies.AddAssembly(String assemblyName)\r\n   at fitSharp.Slim.Service.Interpreter.AddAssemblies()\r\n   at fitSharp.Slim.Service.Interpreter.Execute(String instruction)\r\n\r\nWRN: Assembly binding logging is turned OFF.\r\nTo enable assembly bind failure logging, set the registry value [HKLM\Software\Microsoft\Fusion!EnableLog] (DWORD) to 1.\r\nNote: There is some performance penalty associated with assembly bind failure logging.\r\nTo turn this feature off, remove the registry value [HKLM\Software\Microsoft\Fusion!EnableLog].\r\n</pre></div>\r\n</div>\r\n";
</script>
<table _TABLENUMBER=4953880497041546698>
	<tr>
		<td>script</td>
		<td>HuntTheWumpusDotNet.fixtures.GameDriver <span class="ignore">Test not run</span></td>
	</tr>
</table>
</div>
</div>
<br/>A player can rest for his turn.  This is a valid command that does not move the player.<br/><br/><div class="collapsible"><ul><li><a href='#' class='expandall'>Expand All</a></li><li><a href='#' class='collapseall'>Collapse All</a></li></ul>
	<p class="title">Included page: <a href="HuntTheWumpus.AllRequirements.IterationOne.NavigatePlayer.DonutMap">DonutMap</a> <a href="HuntTheWumpus.AllRequirements.IterationOne.NavigatePlayer.DonutMap?edit&amp;redirectToReferer=true&amp;redirectAction=" class="edit">(edit)</a></p>
	<div><script>var existingContent = document.getElementById("test_exceptions2").innerHTML;
document.getElementById("test_exceptions2").innerHTML = existingContent + "<a name=\"error\"><b></b></a><div class=\"collapsible closed\"><ul><li><a href='#' class='expandall'>Expand All</a></li><li><a href='#' class='collapseall'>Collapse All</a></li></ul>\r\n\t<p class=\"title\">error</p>\r\n\t<div><pre>__EXCEPTION__:System.IO.FileNotFoundException: Could not load file or assembly 'file:///C:\Users\Eric\Documents\Visual Studio 2012\Projects\HuntTheWumpus\HuntTheWumpusDotNet\HuntTheWumpusDotNet\bin\Debug\HuntTheWumpusDotNet.dll' or one of its dependencies. The system cannot find the file specified.\r\nFile name: 'file:///C:\Users\Eric\Documents\Visual Studio 2012\Projects\HuntTheWumpus\HuntTheWumpusDotNet\HuntTheWumpusDotNet\bin\Debug\HuntTheWumpusDotNet.dll'\r\n   at System.Reflection.RuntimeAssembly._nLoad(AssemblyName fileName, String codeBase, Evidence assemblySecurity, RuntimeAssembly locationHint, StackCrawlMark&amp; stackMark, IntPtr pPrivHostBinder, Boolean throwOnFileNotFound, Boolean forIntrospection, Boolean suppressSecurityChecks)\r\n   at System.Reflection.RuntimeAssembly.InternalLoadAssemblyName(AssemblyName assemblyRef, Evidence assemblySecurity, RuntimeAssembly reqAssembly, StackCrawlMark&amp; stackMark, IntPtr pPrivHostBinder, Boolean throwOnFileNotFound, Boolean forIntrospection, Boolean suppressSecurityChecks)\r\n   at System.Reflection.RuntimeAssembly.InternalLoadAssemblyName(AssemblyName assemblyRef, Evidence assemblySecurity, RuntimeAssembly reqAssembly, StackCrawlMark&amp; stackMark, Boolean throwOnFileNotFound, Boolean forIntrospection, Boolean suppressSecurityChecks)\r\n   at System.Reflection.RuntimeAssembly.InternalLoadFrom(String assemblyFile, Evidence securityEvidence, Byte[] hashValue, AssemblyHashAlgorithm hashAlgorithm, Boolean forIntrospection, Boolean suppressSecurityChecks, StackCrawlMark&amp; stackMark)\r\n   at System.Reflection.Assembly.LoadFrom(String assemblyFile)\r\n   at fitSharp.Machine.Engine.CurrentDomain.LoadAssembly(String assemblyPath)\r\n   at fitSharp.Machine.Engine.ApplicationUnderTest.Assemblies.AddAssembly(String assemblyName)\r\n   at fitSharp.Slim.Service.Interpreter.AddAssemblies()\r\n   at fitSharp.Slim.Service.Interpreter.Execute(String instruction)\r\n\r\nWRN: Assembly binding logging is turned OFF.\r\nTo enable assembly bind failure logging, set the registry value [HKLM\Software\Microsoft\Fusion!EnableLog] (DWORD) to 1.\r\nNote: There is some performance penalty associated with assembly bind failure logging.\r\nTo turn this feature off, remove the registry value [HKLM\Software\Microsoft\Fusion!EnableLog].\r\n</pre></div>\r\n</div>\r\n";
</script>
<table _TABLENUMBER=4431763608352712973>
	<tr>
		<td colspan="3">Make map <span class="ignore">Test not run</span></td>
	</tr>
	<tr>
		<td>start</td>
		<td>end</td>
		<td>direction</td>
	</tr>
	<tr>
		<td>1 <span class="ignore">Test not run</span></td>
		<td>2 <span class="ignore">Test not run</span></td>
		<td>E <span class="ignore">Test not run</span></td>
	</tr>
	<tr>
		<td>2 <span class="ignore">Test not run</span></td>
		<td>3 <span class="ignore">Test not run</span></td>
		<td>E <span class="ignore">Test not run</span></td>
	</tr>
	<tr>
		<td>3 <span class="ignore">Test not run</span></td>
		<td>4 <span class="ignore">Test not run</span></td>
		<td>S <span class="ignore">Test not run</span></td>
	</tr>
	<tr>
		<td>4 <span class="ignore">Test not run</span></td>
		<td>5 <span class="ignore">Test not run</span></td>
		<td>S <span class="ignore">Test not run</span></td>
	</tr>
	<tr>
		<td>5 <span class="ignore">Test not run</span></td>
		<td>6 <span class="ignore">Test not run</span></td>
		<td>W <span class="ignore">Test not run</span></td>
	</tr>
	<tr>
		<td>6 <span class="ignore">Test not run</span></td>
		<td>7 <span class="ignore">Test not run</span></td>
		<td>W <span class="ignore">Test not run</span></td>
	</tr>
	<tr>
		<td>7 <span class="ignore">Test not run</span></td>
		<td>8 <span class="ignore">Test not run</span></td>
		<td>N <span class="ignore">Test not run</span></td>
	</tr>
	<tr>
		<td>8 <span class="ignore">Test not run</span></td>
		<td>1 <span class="ignore">Test not run</span></td>
		<td>N <span class="ignore">Test not run</span></td>
	</tr>
</table>
</div>
</div>
<br/><br/><script>var existingContent = document.getElementById("test_exceptions2").innerHTML;
document.getElementById("test_exceptions2").innerHTML = existingContent + "<a name=\"error\"><b></b></a><div class=\"collapsible closed\"><ul><li><a href='#' class='expandall'>Expand All</a></li><li><a href='#' class='collapseall'>Collapse All</a></li></ul>\r\n\t<p class=\"title\">error</p>\r\n\t<div><pre>__EXCEPTION__:System.IO.FileNotFoundException: Could not load file or assembly 'file:///C:\Users\Eric\Documents\Visual Studio 2012\Projects\HuntTheWumpus\HuntTheWumpusDotNet\HuntTheWumpusDotNet\bin\Debug\HuntTheWumpusDotNet.dll' or one of its dependencies. The system cannot find the file specified.\r\nFile name: 'file:///C:\Users\Eric\Documents\Visual Studio 2012\Projects\HuntTheWumpus\HuntTheWumpusDotNet\HuntTheWumpusDotNet\bin\Debug\HuntTheWumpusDotNet.dll'\r\n   at System.Reflection.RuntimeAssembly._nLoad(AssemblyName fileName, String codeBase, Evidence assemblySecurity, RuntimeAssembly locationHint, StackCrawlMark&amp; stackMark, IntPtr pPrivHostBinder, Boolean throwOnFileNotFound, Boolean forIntrospection, Boolean suppressSecurityChecks)\r\n   at System.Reflection.RuntimeAssembly.InternalLoadAssemblyName(AssemblyName assemblyRef, Evidence assemblySecurity, RuntimeAssembly reqAssembly, StackCrawlMark&amp; stackMark, IntPtr pPrivHostBinder, Boolean throwOnFileNotFound, Boolean forIntrospection, Boolean suppressSecurityChecks)\r\n   at System.Reflection.RuntimeAssembly.InternalLoadAssemblyName(AssemblyName assemblyRef, Evidence assemblySecurity, RuntimeAssembly reqAssembly, StackCrawlMark&amp; stackMark, Boolean throwOnFileNotFound, Boolean forIntrospection, Boolean suppressSecurityChecks)\r\n   at System.Reflection.RuntimeAssembly.InternalLoadFrom(String assemblyFile, Evidence securityEvidence, Byte[] hashValue, AssemblyHashAlgorithm hashAlgorithm, Boolean forIntrospection, Boolean suppressSecurityChecks, StackCrawlMark&amp; stackMark)\r\n   at System.Reflection.Assembly.LoadFrom(String assemblyFile)\r\n   at fitSharp.Machine.Engine.CurrentDomain.LoadAssembly(String assemblyPath)\r\n   at fitSharp.Machine.Engine.ApplicationUnderTest.Assemblies.AddAssembly(String assemblyName)\r\n   at fitSharp.Slim.Service.Interpreter.AddAssemblies()\r\n   at fitSharp.Slim.Service.Interpreter.Execute(String instruction)\r\n\r\nWRN: Assembly binding logging is turned OFF.\r\nTo enable assembly bind failure logging, set the registry value [HKLM\Software\Microsoft\Fusion!EnableLog] (DWORD) to 1.\r\nNote: There is some performance penalty associated with assembly bind failure logging.\r\nTo turn this feature off, remove the registry value [HKLM\Software\Microsoft\Fusion!EnableLog].\r\n</pre></div>\r\n</div>\r\n";
</script>
<table _TABLENUMBER=7280275994690969043>
	<tr>
		<td colspan="5">script</td>
	</tr>
	<tr>
		<td>put <span class="ignore">Test not run</span></td>
		<td>player</td>
		<td>in cavern</td>
		<td colspan="2">1</td>
	</tr>
	<tr>
		<td>enter command <span class="ignore">Test not run</span></td>
		<td colspan="4">Rest</td>
	</tr>
	<tr>
		<td>check</td>
		<td>cavern</td>
		<td>1</td>
		<td>has</td>
		<td>Player <span class="ignore">Test not run</span></td>
	</tr>
	<tr>
		<td>check not</td>
		<td>message was printed</td>
		<td colspan="3">I don't know how to Rest. <span class="ignore">Test not run</span></td>
	</tr>
</table>
<br/><script>var existingContent = document.getElementById("test_exceptions2").innerHTML;
document.getElementById("test_exceptions2").innerHTML = existingContent + "<a name=\"error\"><b></b></a><div class=\"collapsible closed\"><ul><li><a href='#' class='expandall'>Expand All</a></li><li><a href='#' class='collapseall'>Collapse All</a></li></ul>\r\n\t<p class=\"title\">error</p>\r\n\t<div><pre>__EXCEPTION__:System.IO.FileNotFoundException: Could not load file or assembly 'file:///C:\Users\Eric\Documents\Visual Studio 2012\Projects\HuntTheWumpus\HuntTheWumpusDotNet\HuntTheWumpusDotNet\bin\Debug\HuntTheWumpusDotNet.dll' or one of its dependencies. The system cannot find the file specified.\r\nFile name: 'file:///C:\Users\Eric\Documents\Visual Studio 2012\Projects\HuntTheWumpus\HuntTheWumpusDotNet\HuntTheWumpusDotNet\bin\Debug\HuntTheWumpusDotNet.dll'\r\n   at System.Reflection.RuntimeAssembly._nLoad(AssemblyName fileName, String codeBase, Evidence assemblySecurity, RuntimeAssembly locationHint, StackCrawlMark&amp; stackMark, IntPtr pPrivHostBinder, Boolean throwOnFileNotFound, Boolean forIntrospection, Boolean suppressSecurityChecks)\r\n   at System.Reflection.RuntimeAssembly.InternalLoadAssemblyName(AssemblyName assemblyRef, Evidence assemblySecurity, RuntimeAssembly reqAssembly, StackCrawlMark&amp; stackMark, IntPtr pPrivHostBinder, Boolean throwOnFileNotFound, Boolean forIntrospection, Boolean suppressSecurityChecks)\r\n   at System.Reflection.RuntimeAssembly.InternalLoadAssemblyName(AssemblyName assemblyRef, Evidence assemblySecurity, RuntimeAssembly reqAssembly, StackCrawlMark&amp; stackMark, Boolean throwOnFileNotFound, Boolean forIntrospection, Boolean suppressSecurityChecks)\r\n   at System.Reflection.RuntimeAssembly.InternalLoadFrom(String assemblyFile, Evidence securityEvidence, Byte[] hashValue, AssemblyHashAlgorithm hashAlgorithm, Boolean forIntrospection, Boolean suppressSecurityChecks, StackCrawlMark&amp; stackMark)\r\n   at System.Reflection.Assembly.LoadFrom(String assemblyFile)\r\n   at fitSharp.Machine.Engine.CurrentDomain.LoadAssembly(String assemblyPath)\r\n   at fitSharp.Machine.Engine.ApplicationUnderTest.Assemblies.AddAssembly(String assemblyName)\r\n   at fitSharp.Slim.Service.Interpreter.AddAssemblies()\r\n   at fitSharp.Slim.Service.Interpreter.Execute(String instruction)\r\n\r\nWRN: Assembly binding logging is turned OFF.\r\nTo enable assembly bind failure logging, set the registry value [HKLM\Software\Microsoft\Fusion!EnableLog] (DWORD) to 1.\r\nNote: There is some performance penalty associated with assembly bind failure logging.\r\nTo turn this feature off, remove the registry value [HKLM\Software\Microsoft\Fusion!EnableLog].\r\n</pre></div>\r\n</div>\r\n";
</script>
<table _TABLENUMBER=209070582286848688>
	<tr>
		<td colspan="5">script</td>
	</tr>
	<tr>
		<td>enter command <span class="ignore">Test not run</span></td>
		<td colspan="4">rest</td>
	</tr>
	<tr>
		<td>check</td>
		<td>cavern</td>
		<td>1</td>
		<td>has</td>
		<td>Player <span class="ignore">Test not run</span></td>
	</tr>
	<tr>
		<td>check not</td>
		<td>message was printed</td>
		<td colspan="3">I don't know how to rest. <span class="ignore">Test not run</span></td>
	</tr>
</table>
<br/><script>var existingContent = document.getElementById("test_exceptions2").innerHTML;
document.getElementById("test_exceptions2").innerHTML = existingContent + "<a name=\"error\"><b></b></a><div class=\"collapsible closed\"><ul><li><a href='#' class='expandall'>Expand All</a></li><li><a href='#' class='collapseall'>Collapse All</a></li></ul>\r\n\t<p class=\"title\">error</p>\r\n\t<div><pre>__EXCEPTION__:System.IO.FileNotFoundException: Could not load file or assembly 'file:///C:\Users\Eric\Documents\Visual Studio 2012\Projects\HuntTheWumpus\HuntTheWumpusDotNet\HuntTheWumpusDotNet\bin\Debug\HuntTheWumpusDotNet.dll' or one of its dependencies. The system cannot find the file specified.\r\nFile name: 'file:///C:\Users\Eric\Documents\Visual Studio 2012\Projects\HuntTheWumpus\HuntTheWumpusDotNet\HuntTheWumpusDotNet\bin\Debug\HuntTheWumpusDotNet.dll'\r\n   at System.Reflection.RuntimeAssembly._nLoad(AssemblyName fileName, String codeBase, Evidence assemblySecurity, RuntimeAssembly locationHint, StackCrawlMark&amp; stackMark, IntPtr pPrivHostBinder, Boolean throwOnFileNotFound, Boolean forIntrospection, Boolean suppressSecurityChecks)\r\n   at System.Reflection.RuntimeAssembly.InternalLoadAssemblyName(AssemblyName assemblyRef, Evidence assemblySecurity, RuntimeAssembly reqAssembly, StackCrawlMark&amp; stackMark, IntPtr pPrivHostBinder, Boolean throwOnFileNotFound, Boolean forIntrospection, Boolean suppressSecurityChecks)\r\n   at System.Reflection.RuntimeAssembly.InternalLoadAssemblyName(AssemblyName assemblyRef, Evidence assemblySecurity, RuntimeAssembly reqAssembly, StackCrawlMark&amp; stackMark, Boolean throwOnFileNotFound, Boolean forIntrospection, Boolean suppressSecurityChecks)\r\n   at System.Reflection.RuntimeAssembly.InternalLoadFrom(String assemblyFile, Evidence securityEvidence, Byte[] hashValue, AssemblyHashAlgorithm hashAlgorithm, Boolean forIntrospection, Boolean suppressSecurityChecks, StackCrawlMark&amp; stackMark)\r\n   at System.Reflection.Assembly.LoadFrom(String assemblyFile)\r\n   at fitSharp.Machine.Engine.CurrentDomain.LoadAssembly(String assemblyPath)\r\n   at fitSharp.Machine.Engine.ApplicationUnderTest.Assemblies.AddAssembly(String assemblyName)\r\n   at fitSharp.Slim.Service.Interpreter.AddAssemblies()\r\n   at fitSharp.Slim.Service.Interpreter.Execute(String instruction)\r\n\r\nWRN: Assembly binding logging is turned OFF.\r\nTo enable assembly bind failure logging, set the registry value [HKLM\Software\Microsoft\Fusion!EnableLog] (DWORD) to 1.\r\nNote: There is some performance penalty associated with assembly bind failure logging.\r\nTo turn this feature off, remove the registry value [HKLM\Software\Microsoft\Fusion!EnableLog].\r\n</pre></div>\r\n</div>\r\n";
</script>
<table _TABLENUMBER=603491536015716518>
	<tr>
		<td colspan="5">script</td>
	</tr>
	<tr>
		<td>enter command <span class="ignore">Test not run</span></td>
		<td colspan="4">r</td>
	</tr>
	<tr>
		<td>check</td>
		<td>cavern</td>
		<td>1</td>
		<td>has</td>
		<td>Player <span class="ignore">Test not run</span></td>
	</tr>
	<tr>
		<td>check not</td>
		<td>message was printed</td>
		<td colspan="3">I don't know how to r. <span class="ignore">Test not run</span></td>
	</tr>
</table>
<br/><script>var existingContent = document.getElementById("test_exceptions2").innerHTML;
document.getElementById("test_exceptions2").innerHTML = existingContent + "<a name=\"error\"><b></b></a><div class=\"collapsible closed\"><ul><li><a href='#' class='expandall'>Expand All</a></li><li><a href='#' class='collapseall'>Collapse All</a></li></ul>\r\n\t<p class=\"title\">error</p>\r\n\t<div><pre>__EXCEPTION__:System.IO.FileNotFoundException: Could not load file or assembly 'file:///C:\Users\Eric\Documents\Visual Studio 2012\Projects\HuntTheWumpus\HuntTheWumpusDotNet\HuntTheWumpusDotNet\bin\Debug\HuntTheWumpusDotNet.dll' or one of its dependencies. The system cannot find the file specified.\r\nFile name: 'file:///C:\Users\Eric\Documents\Visual Studio 2012\Projects\HuntTheWumpus\HuntTheWumpusDotNet\HuntTheWumpusDotNet\bin\Debug\HuntTheWumpusDotNet.dll'\r\n   at System.Reflection.RuntimeAssembly._nLoad(AssemblyName fileName, String codeBase, Evidence assemblySecurity, RuntimeAssembly locationHint, StackCrawlMark&amp; stackMark, IntPtr pPrivHostBinder, Boolean throwOnFileNotFound, Boolean forIntrospection, Boolean suppressSecurityChecks)\r\n   at System.Reflection.RuntimeAssembly.InternalLoadAssemblyName(AssemblyName assemblyRef, Evidence assemblySecurity, RuntimeAssembly reqAssembly, StackCrawlMark&amp; stackMark, IntPtr pPrivHostBinder, Boolean throwOnFileNotFound, Boolean forIntrospection, Boolean suppressSecurityChecks)\r\n   at System.Reflection.RuntimeAssembly.InternalLoadAssemblyName(AssemblyName assemblyRef, Evidence assemblySecurity, RuntimeAssembly reqAssembly, StackCrawlMark&amp; stackMark, Boolean throwOnFileNotFound, Boolean forIntrospection, Boolean suppressSecurityChecks)\r\n   at System.Reflection.RuntimeAssembly.InternalLoadFrom(String assemblyFile, Evidence securityEvidence, Byte[] hashValue, AssemblyHashAlgorithm hashAlgorithm, Boolean forIntrospection, Boolean suppressSecurityChecks, StackCrawlMark&amp; stackMark)\r\n   at System.Reflection.Assembly.LoadFrom(String assemblyFile)\r\n   at fitSharp.Machine.Engine.CurrentDomain.LoadAssembly(String assemblyPath)\r\n   at fitSharp.Machine.Engine.ApplicationUnderTest.Assemblies.AddAssembly(String assemblyName)\r\n   at fitSharp.Slim.Service.Interpreter.AddAssemblies()\r\n   at fitSharp.Slim.Service.Interpreter.Execute(String instruction)\r\n\r\nWRN: Assembly binding logging is turned OFF.\r\nTo enable assembly bind failure logging, set the registry value [HKLM\Software\Microsoft\Fusion!EnableLog] (DWORD) to 1.\r\nNote: There is some performance penalty associated with assembly bind failure logging.\r\nTo turn this feature off, remove the registry value [HKLM\Software\Microsoft\Fusion!EnableLog].\r\n</pre></div>\r\n</div>\r\n";
</script>
<table _TABLENUMBER=3688070094349001709>
	<tr>
		<td colspan="5">script</td>
	</tr>
	<tr>
		<td>enter command <span class="ignore">Test not run</span></td>
		<td colspan="4">R</td>
	</tr>
	<tr>
		<td>check</td>
		<td>cavern</td>
		<td>1</td>
		<td>has</td>
		<td>Player <span class="ignore">Test not run</span></td>
	</tr>
	<tr>
		<td>check not</td>
		<td>message was printed</td>
		<td colspan="3">I don't know how to R. <span class="ignore">Test not run</span></td>
	</tr>
</table>
]]></content>
    <relativePageName>TestCanRest</relativePageName>
    
        <tables>
            <table>
        <name>import_0</name>
                <row>
                    <col><![CDATA[Import]]></col>
          
        </row>
                <row>
                    <col><![CDATA[HuntTheWumpusDotNet.fixtures]]></col>
          
        </row>
        
      </table>
            <table>
        <name>scriptTable_1</name>
                <row>
                    <col><![CDATA[script]]></col>
                    <col><![CDATA[HuntTheWumpusDotNet.fixtures.GameDriver ignore(Test not run)]]></col>
          
        </row>
        
      </table>
            <table>
        <name>decisionTable_2</name>
                <row>
                    <col><![CDATA[Make map ignore(Test not run)]]></col>
          
        </row>
                <row>
                    <col><![CDATA[start]]></col>
                    <col><![CDATA[end]]></col>
                    <col><![CDATA[direction]]></col>
          
        </row>
                <row>
                    <col><![CDATA[1 ignore(Test not run)]]></col>
                    <col><![CDATA[2 ignore(Test not run)]]></col>
                    <col><![CDATA[E ignore(Test not run)]]></col>
          
        </row>
                <row>
                    <col><![CDATA[2 ignore(Test not run)]]></col>
                    <col><![CDATA[3 ignore(Test not run)]]></col>
                    <col><![CDATA[E ignore(Test not run)]]></col>
          
        </row>
                <row>
                    <col><![CDATA[3 ignore(Test not run)]]></col>
                    <col><![CDATA[4 ignore(Test not run)]]></col>
                    <col><![CDATA[S ignore(Test not run)]]></col>
          
        </row>
                <row>
                    <col><![CDATA[4 ignore(Test not run)]]></col>
                    <col><![CDATA[5 ignore(Test not run)]]></col>
                    <col><![CDATA[S ignore(Test not run)]]></col>
          
        </row>
                <row>
                    <col><![CDATA[5 ignore(Test not run)]]></col>
                    <col><![CDATA[6 ignore(Test not run)]]></col>
                    <col><![CDATA[W ignore(Test not run)]]></col>
          
        </row>
                <row>
                    <col><![CDATA[6 ignore(Test not run)]]></col>
                    <col><![CDATA[7 ignore(Test not run)]]></col>
                    <col><![CDATA[W ignore(Test not run)]]></col>
          
        </row>
                <row>
                    <col><![CDATA[7 ignore(Test not run)]]></col>
                    <col><![CDATA[8 ignore(Test not run)]]></col>
                    <col><![CDATA[N ignore(Test not run)]]></col>
          
        </row>
                <row>
                    <col><![CDATA[8 ignore(Test not run)]]></col>
                    <col><![CDATA[1 ignore(Test not run)]]></col>
                    <col><![CDATA[N ignore(Test not run)]]></col>
          
        </row>
        
      </table>
            <table>
        <name>scriptTable_3</name>
                <row>
                    <col><![CDATA[script]]></col>
          
        </row>
                <row>
                    <col><![CDATA[put ignore(Test not run)]]></col>
                    <col><![CDATA[player]]></col>
                    <col><![CDATA[in cavern]]></col>
                    <col><![CDATA[1]]></col>
          
        </row>
                <row>
                    <col><![CDATA[enter command ignore(Test not run)]]></col>
                    <col><![CDATA[Rest]]></col>
          
        </row>
                <row>
                    <col><![CDATA[check]]></col>
                    <col><![CDATA[cavern]]></col>
                    <col><![CDATA[1]]></col>
                    <col><![CDATA[has]]></col>
                    <col><![CDATA[Player ignore(Test not run)]]></col>
          
        </row>
                <row>
                    <col><![CDATA[check not]]></col>
                    <col><![CDATA[message was printed]]></col>
                    <col><![CDATA[I don't know how to Rest. ignore(Test not run)]]></col>
          
        </row>
        
      </table>
            <table>
        <name>scriptTable_4</name>
                <row>
                    <col><![CDATA[script]]></col>
          
        </row>
                <row>
                    <col><![CDATA[enter command ignore(Test not run)]]></col>
                    <col><![CDATA[rest]]></col>
          
        </row>
                <row>
                    <col><![CDATA[check]]></col>
                    <col><![CDATA[cavern]]></col>
                    <col><![CDATA[1]]></col>
                    <col><![CDATA[has]]></col>
                    <col><![CDATA[Player ignore(Test not run)]]></col>
          
        </row>
                <row>
                    <col><![CDATA[check not]]></col>
                    <col><![CDATA[message was printed]]></col>
                    <col><![CDATA[I don't know how to rest. ignore(Test not run)]]></col>
          
        </row>
        
      </table>
            <table>
        <name>scriptTable_5</name>
                <row>
                    <col><![CDATA[script]]></col>
          
        </row>
                <row>
                    <col><![CDATA[enter command ignore(Test not run)]]></col>
                    <col><![CDATA[r]]></col>
          
        </row>
                <row>
                    <col><![CDATA[check]]></col>
                    <col><![CDATA[cavern]]></col>
                    <col><![CDATA[1]]></col>
                    <col><![CDATA[has]]></col>
                    <col><![CDATA[Player ignore(Test not run)]]></col>
          
        </row>
                <row>
                    <col><![CDATA[check not]]></col>
                    <col><![CDATA[message was printed]]></col>
                    <col><![CDATA[I don't know how to r. ignore(Test not run)]]></col>
          
        </row>
        
      </table>
            <table>
        <name>scriptTable_6</name>
                <row>
                    <col><![CDATA[script]]></col>
          
        </row>
                <row>
                    <col><![CDATA[enter command ignore(Test not run)]]></col>
                    <col><![CDATA[R]]></col>
          
        </row>
                <row>
                    <col><![CDATA[check]]></col>
                    <col><![CDATA[cavern]]></col>
                    <col><![CDATA[1]]></col>
                    <col><![CDATA[has]]></col>
                    <col><![CDATA[Player ignore(Test not run)]]></col>
          
        </row>
                <row>
                    <col><![CDATA[check not]]></col>
                    <col><![CDATA[message was printed]]></col>
                    <col><![CDATA[I don't know how to R. ignore(Test not run)]]></col>
          
        </row>
        
      </table>
      
    </tables>
    
    
    <instructions>
            <instructionResult>
        <instruction><![CDATA[[import_0_0, import, HuntTheWumpusDotNet.fixtures]]]></instruction>
        <slimResult><![CDATA[]]></slimResult>
        
      </instructionResult>
            <instructionResult>
        <instruction><![CDATA[[scriptTable_1_0, make, scriptTableActor, HuntTheWumpusDotNet.fixtures.GameDriver]]]></instruction>
        <slimResult><![CDATA[Test not run]]></slimResult>
                <expectation>
          <status>ignored</status>
          <instructionId>scriptTable_1_0</instructionId>
          <col>1</col>
          <row>0</row>
          <type>ConstructionExpectation</type>
                                        <evaluationMessage><![CDATA[]]></evaluationMessage>
                  </expectation>
        
      </instructionResult>
            <instructionResult>
        <instruction><![CDATA[[decisionTable_2_0, make, decisionTable_2, MakeMap]]]></instruction>
        <slimResult><![CDATA[Test not run]]></slimResult>
                <expectation>
          <status>ignored</status>
          <instructionId>decisionTable_2_0</instructionId>
          <col>0</col>
          <row>0</row>
          <type>ConstructionExpectation</type>
                                        <evaluationMessage><![CDATA[]]></evaluationMessage>
                  </expectation>
        
      </instructionResult>
            <instructionResult>
        <instruction><![CDATA[[decisionTable_2_1, call, decisionTable_2, table, [[start, end, direction], [1, 2, E], [2, 3, E], [3, 4, S], [4, 5, S], [5, 6, W], [6, 7, W], [7, 8, N], [8, 1, N]]]]]></instruction>
        <slimResult><![CDATA[]]></slimResult>
        
      </instructionResult>
            <instructionResult>
        <instruction><![CDATA[[decisionTable_2_2, call, decisionTable_2, beginTable]]]></instruction>
        <slimResult><![CDATA[]]></slimResult>
        
      </instructionResult>
            <instructionResult>
        <instruction><![CDATA[[decisionTable_2_3, call, decisionTable_2, reset]]]></instruction>
        <slimResult><![CDATA[]]></slimResult>
        
      </instructionResult>
            <instructionResult>
        <instruction><![CDATA[[decisionTable_2_4, call, decisionTable_2, setStart, 1]]]></instruction>
        <slimResult><![CDATA[Test not run]]></slimResult>
                <expectation>
          <status>ignored</status>
          <instructionId>decisionTable_2_4</instructionId>
          <col>0</col>
          <row>2</row>
          <type>VoidReturnExpectation</type>
                                        <evaluationMessage><![CDATA[]]></evaluationMessage>
                  </expectation>
        
      </instructionResult>
            <instructionResult>
        <instruction><![CDATA[[decisionTable_2_5, call, decisionTable_2, setEnd, 2]]]></instruction>
        <slimResult><![CDATA[Test not run]]></slimResult>
                <expectation>
          <status>ignored</status>
          <instructionId>decisionTable_2_5</instructionId>
          <col>1</col>
          <row>2</row>
          <type>VoidReturnExpectation</type>
                                        <evaluationMessage><![CDATA[]]></evaluationMessage>
                  </expectation>
        
      </instructionResult>
            <instructionResult>
        <instruction><![CDATA[[decisionTable_2_6, call, decisionTable_2, setDirection, E]]]></instruction>
        <slimResult><![CDATA[Test not run]]></slimResult>
                <expectation>
          <status>ignored</status>
          <instructionId>decisionTable_2_6</instructionId>
          <col>2</col>
          <row>2</row>
          <type>VoidReturnExpectation</type>
                                        <evaluationMessage><![CDATA[]]></evaluationMessage>
                  </expectation>
        
      </instructionResult>
            <instructionResult>
        <instruction><![CDATA[[decisionTable_2_7, call, decisionTable_2, execute]]]></instruction>
        <slimResult><![CDATA[]]></slimResult>
        
      </instructionResult>
            <instructionResult>
        <instruction><![CDATA[[decisionTable_2_8, call, decisionTable_2, reset]]]></instruction>
        <slimResult><![CDATA[]]></slimResult>
        
      </instructionResult>
            <instructionResult>
        <instruction><![CDATA[[decisionTable_2_9, call, decisionTable_2, setStart, 2]]]></instruction>
        <slimResult><![CDATA[Test not run]]></slimResult>
                <expectation>
          <status>ignored</status>
          <instructionId>decisionTable_2_9</instructionId>
          <col>0</col>
          <row>3</row>
          <type>VoidReturnExpectation</type>
                                        <evaluationMessage><![CDATA[]]></evaluationMessage>
                  </expectation>
        
      </instructionResult>
            <instructionResult>
        <instruction><![CDATA[[decisionTable_2_10, call, decisionTable_2, setEnd, 3]]]></instruction>
        <slimResult><![CDATA[Test not run]]></slimResult>
                <expectation>
          <status>ignored</status>
          <instructionId>decisionTable_2_10</instructionId>
          <col>1</col>
          <row>3</row>
          <type>VoidReturnExpectation</type>
                                        <evaluationMessage><![CDATA[]]></evaluationMessage>
                  </expectation>
        
      </instructionResult>
            <instructionResult>
        <instruction><![CDATA[[decisionTable_2_11, call, decisionTable_2, setDirection, E]]]></instruction>
        <slimResult><![CDATA[Test not run]]></slimResult>
                <expectation>
          <status>ignored</status>
          <instructionId>decisionTable_2_11</instructionId>
          <col>2</col>
          <row>3</row>
          <type>VoidReturnExpectation</type>
                                        <evaluationMessage><![CDATA[]]></evaluationMessage>
                  </expectation>
        
      </instructionResult>
            <instructionResult>
        <instruction><![CDATA[[decisionTable_2_12, call, decisionTable_2, execute]]]></instruction>
        <slimResult><![CDATA[]]></slimResult>
        
      </instructionResult>
            <instructionResult>
        <instruction><![CDATA[[decisionTable_2_13, call, decisionTable_2, reset]]]></instruction>
        <slimResult><![CDATA[]]></slimResult>
        
      </instructionResult>
            <instructionResult>
        <instruction><![CDATA[[decisionTable_2_14, call, decisionTable_2, setStart, 3]]]></instruction>
        <slimResult><![CDATA[Test not run]]></slimResult>
                <expectation>
          <status>ignored</status>
          <instructionId>decisionTable_2_14</instructionId>
          <col>0</col>
          <row>4</row>
          <type>VoidReturnExpectation</type>
                                        <evaluationMessage><![CDATA[]]></evaluationMessage>
                  </expectation>
        
      </instructionResult>
            <instructionResult>
        <instruction><![CDATA[[decisionTable_2_15, call, decisionTable_2, setEnd, 4]]]></instruction>
        <slimResult><![CDATA[Test not run]]></slimResult>
                <expectation>
          <status>ignored</status>
          <instructionId>decisionTable_2_15</instructionId>
          <col>1</col>
          <row>4</row>
          <type>VoidReturnExpectation</type>
                                        <evaluationMessage><![CDATA[]]></evaluationMessage>
                  </expectation>
        
      </instructionResult>
            <instructionResult>
        <instruction><![CDATA[[decisionTable_2_16, call, decisionTable_2, setDirection, S]]]></instruction>
        <slimResult><![CDATA[Test not run]]></slimResult>
                <expectation>
          <status>ignored</status>
          <instructionId>decisionTable_2_16</instructionId>
          <col>2</col>
          <row>4</row>
          <type>VoidReturnExpectation</type>
                                        <evaluationMessage><![CDATA[]]></evaluationMessage>
                  </expectation>
        
      </instructionResult>
            <instructionResult>
        <instruction><![CDATA[[decisionTable_2_17, call, decisionTable_2, execute]]]></instruction>
        <slimResult><![CDATA[]]></slimResult>
        
      </instructionResult>
            <instructionResult>
        <instruction><![CDATA[[decisionTable_2_18, call, decisionTable_2, reset]]]></instruction>
        <slimResult><![CDATA[]]></slimResult>
        
      </instructionResult>
            <instructionResult>
        <instruction><![CDATA[[decisionTable_2_19, call, decisionTable_2, setStart, 4]]]></instruction>
        <slimResult><![CDATA[Test not run]]></slimResult>
                <expectation>
          <status>ignored</status>
          <instructionId>decisionTable_2_19</instructionId>
          <col>0</col>
          <row>5</row>
          <type>VoidReturnExpectation</type>
                                        <evaluationMessage><![CDATA[]]></evaluationMessage>
                  </expectation>
        
      </instructionResult>
            <instructionResult>
        <instruction><![CDATA[[decisionTable_2_20, call, decisionTable_2, setEnd, 5]]]></instruction>
        <slimResult><![CDATA[Test not run]]></slimResult>
                <expectation>
          <status>ignored</status>
          <instructionId>decisionTable_2_20</instructionId>
          <col>1</col>
          <row>5</row>
          <type>VoidReturnExpectation</type>
                                        <evaluationMessage><![CDATA[]]></evaluationMessage>
                  </expectation>
        
      </instructionResult>
            <instructionResult>
        <instruction><![CDATA[[decisionTable_2_21, call, decisionTable_2, setDirection, S]]]></instruction>
        <slimResult><![CDATA[Test not run]]></slimResult>
                <expectation>
          <status>ignored</status>
          <instructionId>decisionTable_2_21</instructionId>
          <col>2</col>
          <row>5</row>
          <type>VoidReturnExpectation</type>
                                        <evaluationMessage><![CDATA[]]></evaluationMessage>
                  </expectation>
        
      </instructionResult>
            <instructionResult>
        <instruction><![CDATA[[decisionTable_2_22, call, decisionTable_2, execute]]]></instruction>
        <slimResult><![CDATA[]]></slimResult>
        
      </instructionResult>
            <instructionResult>
        <instruction><![CDATA[[decisionTable_2_23, call, decisionTable_2, reset]]]></instruction>
        <slimResult><![CDATA[]]></slimResult>
        
      </instructionResult>
            <instructionResult>
        <instruction><![CDATA[[decisionTable_2_24, call, decisionTable_2, setStart, 5]]]></instruction>
        <slimResult><![CDATA[Test not run]]></slimResult>
                <expectation>
          <status>ignored</status>
          <instructionId>decisionTable_2_24</instructionId>
          <col>0</col>
          <row>6</row>
          <type>VoidReturnExpectation</type>
                                        <evaluationMessage><![CDATA[]]></evaluationMessage>
                  </expectation>
        
      </instructionResult>
            <instructionResult>
        <instruction><![CDATA[[decisionTable_2_25, call, decisionTable_2, setEnd, 6]]]></instruction>
        <slimResult><![CDATA[Test not run]]></slimResult>
                <expectation>
          <status>ignored</status>
          <instructionId>decisionTable_2_25</instructionId>
          <col>1</col>
          <row>6</row>
          <type>VoidReturnExpectation</type>
                                        <evaluationMessage><![CDATA[]]></evaluationMessage>
                  </expectation>
        
      </instructionResult>
            <instructionResult>
        <instruction><![CDATA[[decisionTable_2_26, call, decisionTable_2, setDirection, W]]]></instruction>
        <slimResult><![CDATA[Test not run]]></slimResult>
                <expectation>
          <status>ignored</status>
          <instructionId>decisionTable_2_26</instructionId>
          <col>2</col>
          <row>6</row>
          <type>VoidReturnExpectation</type>
                                        <evaluationMessage><![CDATA[]]></evaluationMessage>
                  </expectation>
        
      </instructionResult>
            <instructionResult>
        <instruction><![CDATA[[decisionTable_2_27, call, decisionTable_2, execute]]]></instruction>
        <slimResult><![CDATA[]]></slimResult>
        
      </instructionResult>
            <instructionResult>
        <instruction><![CDATA[[decisionTable_2_28, call, decisionTable_2, reset]]]></instruction>
        <slimResult><![CDATA[]]></slimResult>
        
      </instructionResult>
            <instructionResult>
        <instruction><![CDATA[[decisionTable_2_29, call, decisionTable_2, setStart, 6]]]></instruction>
        <slimResult><![CDATA[Test not run]]></slimResult>
                <expectation>
          <status>ignored</status>
          <instructionId>decisionTable_2_29</instructionId>
          <col>0</col>
          <row>7</row>
          <type>VoidReturnExpectation</type>
                                        <evaluationMessage><![CDATA[]]></evaluationMessage>
                  </expectation>
        
      </instructionResult>
            <instructionResult>
        <instruction><![CDATA[[decisionTable_2_30, call, decisionTable_2, setEnd, 7]]]></instruction>
        <slimResult><![CDATA[Test not run]]></slimResult>
                <expectation>
          <status>ignored</status>
          <instructionId>decisionTable_2_30</instructionId>
          <col>1</col>
          <row>7</row>
          <type>VoidReturnExpectation</type>
                                        <evaluationMessage><![CDATA[]]></evaluationMessage>
                  </expectation>
        
      </instructionResult>
            <instructionResult>
        <instruction><![CDATA[[decisionTable_2_31, call, decisionTable_2, setDirection, W]]]></instruction>
        <slimResult><![CDATA[Test not run]]></slimResult>
                <expectation>
          <status>ignored</status>
          <instructionId>decisionTable_2_31</instructionId>
          <col>2</col>
          <row>7</row>
          <type>VoidReturnExpectation</type>
                                        <evaluationMessage><![CDATA[]]></evaluationMessage>
                  </expectation>
        
      </instructionResult>
            <instructionResult>
        <instruction><![CDATA[[decisionTable_2_32, call, decisionTable_2, execute]]]></instruction>
        <slimResult><![CDATA[]]></slimResult>
        
      </instructionResult>
            <instructionResult>
        <instruction><![CDATA[[decisionTable_2_33, call, decisionTable_2, reset]]]></instruction>
        <slimResult><![CDATA[]]></slimResult>
        
      </instructionResult>
            <instructionResult>
        <instruction><![CDATA[[decisionTable_2_34, call, decisionTable_2, setStart, 7]]]></instruction>
        <slimResult><![CDATA[Test not run]]></slimResult>
                <expectation>
          <status>ignored</status>
          <instructionId>decisionTable_2_34</instructionId>
          <col>0</col>
          <row>8</row>
          <type>VoidReturnExpectation</type>
                                        <evaluationMessage><![CDATA[]]></evaluationMessage>
                  </expectation>
        
      </instructionResult>
            <instructionResult>
        <instruction><![CDATA[[decisionTable_2_35, call, decisionTable_2, setEnd, 8]]]></instruction>
        <slimResult><![CDATA[Test not run]]></slimResult>
                <expectation>
          <status>ignored</status>
          <instructionId>decisionTable_2_35</instructionId>
          <col>1</col>
          <row>8</row>
          <type>VoidReturnExpectation</type>
                                        <evaluationMessage><![CDATA[]]></evaluationMessage>
                  </expectation>
        
      </instructionResult>
            <instructionResult>
        <instruction><![CDATA[[decisionTable_2_36, call, decisionTable_2, setDirection, N]]]></instruction>
        <slimResult><![CDATA[Test not run]]></slimResult>
                <expectation>
          <status>ignored</status>
          <instructionId>decisionTable_2_36</instructionId>
          <col>2</col>
          <row>8</row>
          <type>VoidReturnExpectation</type>
                                        <evaluationMessage><![CDATA[]]></evaluationMessage>
                  </expectation>
        
      </instructionResult>
            <instructionResult>
        <instruction><![CDATA[[decisionTable_2_37, call, decisionTable_2, execute]]]></instruction>
        <slimResult><![CDATA[]]></slimResult>
        
      </instructionResult>
            <instructionResult>
        <instruction><![CDATA[[decisionTable_2_38, call, decisionTable_2, reset]]]></instruction>
        <slimResult><![CDATA[]]></slimResult>
        
      </instructionResult>
            <instructionResult>
        <instruction><![CDATA[[decisionTable_2_39, call, decisionTable_2, setStart, 8]]]></instruction>
        <slimResult><![CDATA[Test not run]]></slimResult>
                <expectation>
          <status>ignored</status>
          <instructionId>decisionTable_2_39</instructionId>
          <col>0</col>
          <row>9</row>
          <type>VoidReturnExpectation</type>
                                        <evaluationMessage><![CDATA[]]></evaluationMessage>
                  </expectation>
        
      </instructionResult>
            <instructionResult>
        <instruction><![CDATA[[decisionTable_2_40, call, decisionTable_2, setEnd, 1]]]></instruction>
        <slimResult><![CDATA[Test not run]]></slimResult>
                <expectation>
          <status>ignored</status>
          <instructionId>decisionTable_2_40</instructionId>
          <col>1</col>
          <row>9</row>
          <type>VoidReturnExpectation</type>
                                        <evaluationMessage><![CDATA[]]></evaluationMessage>
                  </expectation>
        
      </instructionResult>
            <instructionResult>
        <instruction><![CDATA[[decisionTable_2_41, call, decisionTable_2, setDirection, N]]]></instruction>
        <slimResult><![CDATA[Test not run]]></slimResult>
                <expectation>
          <status>ignored</status>
          <instructionId>decisionTable_2_41</instructionId>
          <col>2</col>
          <row>9</row>
          <type>VoidReturnExpectation</type>
                                        <evaluationMessage><![CDATA[]]></evaluationMessage>
                  </expectation>
        
      </instructionResult>
            <instructionResult>
        <instruction><![CDATA[[decisionTable_2_42, call, decisionTable_2, execute]]]></instruction>
        <slimResult><![CDATA[]]></slimResult>
        
      </instructionResult>
            <instructionResult>
        <instruction><![CDATA[[decisionTable_2_43, call, decisionTable_2, endTable]]]></instruction>
        <slimResult><![CDATA[]]></slimResult>
        
      </instructionResult>
            <instructionResult>
        <instruction><![CDATA[[scriptTable_3_0, call, scriptTableActor, putInCavern, player, 1]]]></instruction>
        <slimResult><![CDATA[Test not run]]></slimResult>
                <expectation>
          <status>ignored</status>
          <instructionId>scriptTable_3_0</instructionId>
          <col>1</col>
          <row>1</row>
          <type>ArgumentExpectation</type>
                                        <evaluationMessage><![CDATA[]]></evaluationMessage>
                  </expectation>
                <expectation>
          <status>ignored</status>
          <instructionId>scriptTable_3_0</instructionId>
          <col>3</col>
          <row>1</row>
          <type>ArgumentExpectation</type>
                                        <evaluationMessage><![CDATA[]]></evaluationMessage>
                  </expectation>
                <expectation>
          <status>ignored</status>
          <instructionId>scriptTable_3_0</instructionId>
          <col>0</col>
          <row>1</row>
          <type>ScriptActionExpectation</type>
                                        <evaluationMessage><![CDATA[]]></evaluationMessage>
                  </expectation>
        
      </instructionResult>
            <instructionResult>
        <instruction><![CDATA[[scriptTable_3_1, call, scriptTableActor, enterCommand, Rest]]]></instruction>
        <slimResult><![CDATA[Test not run]]></slimResult>
                <expectation>
          <status>ignored</status>
          <instructionId>scriptTable_3_1</instructionId>
          <col>1</col>
          <row>2</row>
          <type>ArgumentExpectation</type>
                                        <evaluationMessage><![CDATA[]]></evaluationMessage>
                  </expectation>
                <expectation>
          <status>ignored</status>
          <instructionId>scriptTable_3_1</instructionId>
          <col>0</col>
          <row>2</row>
          <type>ScriptActionExpectation</type>
                                        <evaluationMessage><![CDATA[]]></evaluationMessage>
                  </expectation>
        
      </instructionResult>
            <instructionResult>
        <instruction><![CDATA[[scriptTable_3_2, call, scriptTableActor, cavernHas, 1]]]></instruction>
        <slimResult><![CDATA[Test not run]]></slimResult>
                <expectation>
          <status>ignored</status>
          <instructionId>scriptTable_3_2</instructionId>
          <col>4</col>
          <row>3</row>
          <type>ReturnedValueExpectation</type>
                                        <evaluationMessage><![CDATA[]]></evaluationMessage>
                  </expectation>
                <expectation>
          <status>ignored</status>
          <instructionId>scriptTable_3_2</instructionId>
          <col>2</col>
          <row>3</row>
          <type>ArgumentExpectation</type>
                                        <evaluationMessage><![CDATA[]]></evaluationMessage>
                  </expectation>
        
      </instructionResult>
            <instructionResult>
        <instruction><![CDATA[[scriptTable_3_3, call, scriptTableActor, messageWasPrinted]]]></instruction>
        <slimResult><![CDATA[Test not run]]></slimResult>
                <expectation>
          <status>ignored</status>
          <instructionId>scriptTable_3_3</instructionId>
          <col>2</col>
          <row>4</row>
          <type>RejectedValueExpectation</type>
                                        <evaluationMessage><![CDATA[]]></evaluationMessage>
                  </expectation>
        
      </instructionResult>
            <instructionResult>
        <instruction><![CDATA[[scriptTable_4_0, call, scriptTableActor, enterCommand, rest]]]></instruction>
        <slimResult><![CDATA[Test not run]]></slimResult>
                <expectation>
          <status>ignored</status>
          <instructionId>scriptTable_4_0</instructionId>
          <col>1</col>
          <row>1</row>
          <type>ArgumentExpectation</type>
                                        <evaluationMessage><![CDATA[]]></evaluationMessage>
                  </expectation>
                <expectation>
          <status>ignored</status>
          <instructionId>scriptTable_4_0</instructionId>
          <col>0</col>
          <row>1</row>
          <type>ScriptActionExpectation</type>
                                        <evaluationMessage><![CDATA[]]></evaluationMessage>
                  </expectation>
        
      </instructionResult>
            <instructionResult>
        <instruction><![CDATA[[scriptTable_4_1, call, scriptTableActor, cavernHas, 1]]]></instruction>
        <slimResult><![CDATA[Test not run]]></slimResult>
                <expectation>
          <status>ignored</status>
          <instructionId>scriptTable_4_1</instructionId>
          <col>4</col>
          <row>2</row>
          <type>ReturnedValueExpectation</type>
                                        <evaluationMessage><![CDATA[]]></evaluationMessage>
                  </expectation>
                <expectation>
          <status>ignored</status>
          <instructionId>scriptTable_4_1</instructionId>
          <col>2</col>
          <row>2</row>
          <type>ArgumentExpectation</type>
                                        <evaluationMessage><![CDATA[]]></evaluationMessage>
                  </expectation>
        
      </instructionResult>
            <instructionResult>
        <instruction><![CDATA[[scriptTable_4_2, call, scriptTableActor, messageWasPrinted]]]></instruction>
        <slimResult><![CDATA[Test not run]]></slimResult>
                <expectation>
          <status>ignored</status>
          <instructionId>scriptTable_4_2</instructionId>
          <col>2</col>
          <row>3</row>
          <type>RejectedValueExpectation</type>
                                        <evaluationMessage><![CDATA[]]></evaluationMessage>
                  </expectation>
        
      </instructionResult>
            <instructionResult>
        <instruction><![CDATA[[scriptTable_5_0, call, scriptTableActor, enterCommand, r]]]></instruction>
        <slimResult><![CDATA[Test not run]]></slimResult>
                <expectation>
          <status>ignored</status>
          <instructionId>scriptTable_5_0</instructionId>
          <col>1</col>
          <row>1</row>
          <type>ArgumentExpectation</type>
                                        <evaluationMessage><![CDATA[]]></evaluationMessage>
                  </expectation>
                <expectation>
          <status>ignored</status>
          <instructionId>scriptTable_5_0</instructionId>
          <col>0</col>
          <row>1</row>
          <type>ScriptActionExpectation</type>
                                        <evaluationMessage><![CDATA[]]></evaluationMessage>
                  </expectation>
        
      </instructionResult>
            <instructionResult>
        <instruction><![CDATA[[scriptTable_5_1, call, scriptTableActor, cavernHas, 1]]]></instruction>
        <slimResult><![CDATA[Test not run]]></slimResult>
                <expectation>
          <status>ignored</status>
          <instructionId>scriptTable_5_1</instructionId>
          <col>4</col>
          <row>2</row>
          <type>ReturnedValueExpectation</type>
                                        <evaluationMessage><![CDATA[]]></evaluationMessage>
                  </expectation>
                <expectation>
          <status>ignored</status>
          <instructionId>scriptTable_5_1</instructionId>
          <col>2</col>
          <row>2</row>
          <type>ArgumentExpectation</type>
                                        <evaluationMessage><![CDATA[]]></evaluationMessage>
                  </expectation>
        
      </instructionResult>
            <instructionResult>
        <instruction><![CDATA[[scriptTable_5_2, call, scriptTableActor, messageWasPrinted]]]></instruction>
        <slimResult><![CDATA[Test not run]]></slimResult>
                <expectation>
          <status>ignored</status>
          <instructionId>scriptTable_5_2</instructionId>
          <col>2</col>
          <row>3</row>
          <type>RejectedValueExpectation</type>
                                        <evaluationMessage><![CDATA[]]></evaluationMessage>
                  </expectation>
        
      </instructionResult>
            <instructionResult>
        <instruction><![CDATA[[scriptTable_6_0, call, scriptTableActor, enterCommand, R]]]></instruction>
        <slimResult><![CDATA[Test not run]]></slimResult>
                <expectation>
          <status>ignored</status>
          <instructionId>scriptTable_6_0</instructionId>
          <col>1</col>
          <row>1</row>
          <type>ArgumentExpectation</type>
                                        <evaluationMessage><![CDATA[]]></evaluationMessage>
                  </expectation>
                <expectation>
          <status>ignored</status>
          <instructionId>scriptTable_6_0</instructionId>
          <col>0</col>
          <row>1</row>
          <type>ScriptActionExpectation</type>
                                        <evaluationMessage><![CDATA[]]></evaluationMessage>
                  </expectation>
        
      </instructionResult>
            <instructionResult>
        <instruction><![CDATA[[scriptTable_6_1, call, scriptTableActor, cavernHas, 1]]]></instruction>
        <slimResult><![CDATA[Test not run]]></slimResult>
                <expectation>
          <status>ignored</status>
          <instructionId>scriptTable_6_1</instructionId>
          <col>4</col>
          <row>2</row>
          <type>ReturnedValueExpectation</type>
                                        <evaluationMessage><![CDATA[]]></evaluationMessage>
                  </expectation>
                <expectation>
          <status>ignored</status>
          <instructionId>scriptTable_6_1</instructionId>
          <col>2</col>
          <row>2</row>
          <type>ArgumentExpectation</type>
                                        <evaluationMessage><![CDATA[]]></evaluationMessage>
                  </expectation>
        
      </instructionResult>
            <instructionResult>
        <instruction><![CDATA[[scriptTable_6_2, call, scriptTableActor, messageWasPrinted]]]></instruction>
        <slimResult><![CDATA[Test not run]]></slimResult>
                <expectation>
          <status>ignored</status>
          <instructionId>scriptTable_6_2</instructionId>
          <col>2</col>
          <row>3</row>
          <type>RejectedValueExpectation</type>
                                        <evaluationMessage><![CDATA[]]></evaluationMessage>
                  </expectation>
        
      </instructionResult>
      
    </instructions>
    
  </result>
  
    <finalCounts>
    <right>0</right>
    <wrong>0</wrong>
    <ignores>0</ignores>
    <exceptions>0</exceptions>
  </finalCounts>
  <totalRunTimeInMillis>0</totalRunTimeInMillis>
  
</testResults>

