<?xml version="1.0"?>
<testResults>
  <FitNesseVersion>v20121220</FitNesseVersion>
  <rootPath>TestCannotShootWhenThereAreNoArrows</rootPath>
    <result>
    <counts>
      <right>1</right>
      <wrong>1</wrong>
      <ignores>0</ignores>
      <exceptions>0</exceptions>
    </counts>
    <runTimeInMillis>12</runTimeInMillis>
    <content><![CDATA[<div class="collapsible closed"><ul><li><a href='#' class='expandall'>Expand All</a></li><li><a href='#' class='collapseall'>Collapse All</a></li></ul>
	<p class="title">Precompiled Libraries</p>
	<div><br/></div>
</div>
<br/><div class="collapsible closed"><ul><li><a href='#' class='expandall'>Expand All</a></li><li><a href='#' class='collapseall'>Collapse All</a></li></ul>
	<p class="title">Included page: <a href="HuntTheWumpus.SetUp">.HuntTheWumpus.SetUp</a> <a href="HuntTheWumpus.SetUp?edit&amp;redirectToReferer=true&amp;redirectAction=" class="edit">(edit)</a></p>
	<div><table _TABLENUMBER=1462316877534331356>
	<tr>
		<td>Import</td>
	</tr>
	<tr>
		<td>HuntTheWumpusDotNet.fixtures</td>
	</tr>
</table>
<br/><table _TABLENUMBER=3407137027650518665>
	<tr>
		<td>script</td>
		<td><span class="pass">HuntTheWumpusDotNet.fixtures.GameDriver</span></td>
	</tr>
</table>
</div>
</div>
<br/>If there are no arrows, then the player should not be able to shoot.<br/><br/><div class="collapsible"><ul><li><a href='#' class='expandall'>Expand All</a></li><li><a href='#' class='collapseall'>Collapse All</a></li></ul>
	<p class="title">Included page: <a href="HuntTheWumpus.AllRequirements.IterationOne.ArrowS.ShootArrow.CrossMap">.HuntTheWumpus.AllRequirements.IterationOne.ArrowS.ShootArrow.CrossMap</a> <a href="HuntTheWumpus.AllRequirements.IterationOne.ArrowS.ShootArrow.CrossMap?edit&amp;redirectToReferer=true&amp;redirectAction=" class="edit">(edit)</a></p>
	<div>Create a convenient map that looks like this:<br/><pre>
         [6]
         [7]
   [1][2][3][4][5]
         [8]
         [9]
</pre>
<br/><br/><table _TABLENUMBER=1085675507144357981>
	<tr>
		<td colspan="3"><span class="pass">Make Map</span></td>
	</tr>
	<tr>
		<td>start</td>
		<td>end</td>
		<td>direction</td>
	</tr>
	<tr>
		<td>1</td>
		<td>2</td>
		<td>E</td>
	</tr>
	<tr>
		<td>2</td>
		<td>3</td>
		<td>E</td>
	</tr>
	<tr>
		<td>3</td>
		<td>4</td>
		<td>E</td>
	</tr>
	<tr>
		<td>4</td>
		<td>5</td>
		<td>E</td>
	</tr>
	<tr>
		<td>6</td>
		<td>7</td>
		<td>S</td>
	</tr>
	<tr>
		<td>7</td>
		<td>3</td>
		<td>S</td>
	</tr>
	<tr>
		<td>3</td>
		<td>8</td>
		<td>S</td>
	</tr>
	<tr>
		<td>8</td>
		<td>9</td>
		<td>S</td>
	</tr>
</table>
</div>
</div>
<br/><br/><table _TABLENUMBER=8707710126187093078>
	<tr>
		<td colspan="4">script</td>
	</tr>
	<tr>
		<td>put</td>
		<td>player</td>
		<td>in cavern</td>
		<td>3</td>
	</tr>
	<tr>
		<td>set quiver to</td>
		<td colspan="3">0</td>
	</tr>
	<tr>
		<td><span class="pass">enter command</span></td>
		<td colspan="3">shoot east</td>
	</tr>
	<tr>
		<td>check</td>
		<td>message was printed</td>
		<td colspan="2">[You can go north and south from here.] <span class="fail">expected [You don't have any arrows.]</span></td>
	</tr>
</table>
]]></content>
    <relativePageName>TestCannotShootWhenThereAreNoArrows</relativePageName>
    
        <tables>
            <table>
        <name>import_0</name>
                <row>
                    <col><![CDATA[Import]]></col>
          
        </row>
                <row>
                    <col><![CDATA[HuntTheWumpusDotNet.fixtures]]></col>
          
        </row>
        
      </table>
            <table>
        <name>scriptTable_1</name>
                <row>
                    <col><![CDATA[script]]></col>
                    <col><![CDATA[pass(HuntTheWumpusDotNet.fixtures.GameDriver)]]></col>
          
        </row>
        
      </table>
            <table>
        <name>decisionTable_2</name>
                <row>
                    <col><![CDATA[pass(Make Map)]]></col>
          
        </row>
                <row>
                    <col><![CDATA[start]]></col>
                    <col><![CDATA[end]]></col>
                    <col><![CDATA[direction]]></col>
          
        </row>
                <row>
                    <col><![CDATA[1]]></col>
                    <col><![CDATA[2]]></col>
                    <col><![CDATA[E]]></col>
          
        </row>
                <row>
                    <col><![CDATA[2]]></col>
                    <col><![CDATA[3]]></col>
                    <col><![CDATA[E]]></col>
          
        </row>
                <row>
                    <col><![CDATA[3]]></col>
                    <col><![CDATA[4]]></col>
                    <col><![CDATA[E]]></col>
          
        </row>
                <row>
                    <col><![CDATA[4]]></col>
                    <col><![CDATA[5]]></col>
                    <col><![CDATA[E]]></col>
          
        </row>
                <row>
                    <col><![CDATA[6]]></col>
                    <col><![CDATA[7]]></col>
                    <col><![CDATA[S]]></col>
          
        </row>
                <row>
                    <col><![CDATA[7]]></col>
                    <col><![CDATA[3]]></col>
                    <col><![CDATA[S]]></col>
          
        </row>
                <row>
                    <col><![CDATA[3]]></col>
                    <col><![CDATA[8]]></col>
                    <col><![CDATA[S]]></col>
          
        </row>
                <row>
                    <col><![CDATA[8]]></col>
                    <col><![CDATA[9]]></col>
                    <col><![CDATA[S]]></col>
          
        </row>
        
      </table>
            <table>
        <name>scriptTable_3</name>
                <row>
                    <col><![CDATA[script]]></col>
          
        </row>
                <row>
                    <col><![CDATA[put]]></col>
                    <col><![CDATA[player]]></col>
                    <col><![CDATA[in cavern]]></col>
                    <col><![CDATA[3]]></col>
          
        </row>
                <row>
                    <col><![CDATA[set quiver to]]></col>
                    <col><![CDATA[0]]></col>
          
        </row>
                <row>
                    <col><![CDATA[pass(enter command)]]></col>
                    <col><![CDATA[shoot east]]></col>
          
        </row>
                <row>
                    <col><![CDATA[check]]></col>
                    <col><![CDATA[message was printed]]></col>
                    <col><![CDATA[[You can go north and south from here.] fail(expected [You don't have any arrows.])]]></col>
          
        </row>
        
      </table>
      
    </tables>
    
    
    <instructions>
            <instructionResult>
        <instruction><![CDATA[[import_0_0, import, HuntTheWumpusDotNet.fixtures]]]></instruction>
        <slimResult><![CDATA[OK]]></slimResult>
        
      </instructionResult>
            <instructionResult>
        <instruction><![CDATA[[scriptTable_1_0, make, scriptTableActor, HuntTheWumpusDotNet.fixtures.GameDriver]]]></instruction>
        <slimResult><![CDATA[OK]]></slimResult>
                <expectation>
          <status>right</status>
          <instructionId>scriptTable_1_0</instructionId>
          <col>1</col>
          <row>0</row>
          <type>ConstructionExpectation</type>
                    <actual><![CDATA[OK]]></actual>
                              <expected><![CDATA[HuntTheWumpusDotNet.fixtures.GameDriver]]></expected>
                              <evaluationMessage><![CDATA[pass(HuntTheWumpusDotNet.fixtures.GameDriver)]]></evaluationMessage>
                  </expectation>
        
      </instructionResult>
            <instructionResult>
        <instruction><![CDATA[[decisionTable_2_0, make, decisionTable_2, MakeMap]]]></instruction>
        <slimResult><![CDATA[OK]]></slimResult>
                <expectation>
          <status>right</status>
          <instructionId>decisionTable_2_0</instructionId>
          <col>0</col>
          <row>0</row>
          <type>ConstructionExpectation</type>
                    <actual><![CDATA[OK]]></actual>
                              <expected><![CDATA[Make Map]]></expected>
                              <evaluationMessage><![CDATA[pass(Make Map)]]></evaluationMessage>
                  </expectation>
        
      </instructionResult>
            <instructionResult>
        <instruction><![CDATA[[decisionTable_2_1, call, decisionTable_2, table, [[start, end, direction], [1, 2, E], [2, 3, E], [3, 4, E], [4, 5, E], [6, 7, S], [7, 3, S], [3, 8, S], [8, 9, S]]]]]></instruction>
        <slimResult><![CDATA[__EXCEPTION__:message:<<NO_METHOD_IN_CLASS table HuntTheWumpusDotNet.fixtures.MakeMap>> fitSharp.Machine.Exception.MemberMissingException: Member 'table' with 1 parameter(s) not found for type 'HuntTheWumpusDotNet.fixtures.MakeMap'.
   at fitSharp.Machine.Model.TypedValue.ThrowExceptionIfNotValid()
   at fitSharp.Slim.Operators.ExecuteCall.ExecuteOperation(Tree`1 parameters)
   at fitSharp.Slim.Operators.InvokeInstructionBase.Invoke(TypedValue instance, MemberName memberName, Tree`1 parameters)]]></slimResult>
        
      </instructionResult>
            <instructionResult>
        <instruction><![CDATA[[decisionTable_2_2, call, decisionTable_2, beginTable]]]></instruction>
        <slimResult><![CDATA[__EXCEPTION__:message:<<NO_METHOD_IN_CLASS begintable HuntTheWumpusDotNet.fixtures.MakeMap>> fitSharp.Machine.Exception.MemberMissingException: Member 'begintable' with 0 parameter(s) not found for type 'HuntTheWumpusDotNet.fixtures.MakeMap'.
   at fitSharp.Machine.Model.TypedValue.ThrowExceptionIfNotValid()
   at fitSharp.Slim.Operators.ExecuteCall.ExecuteOperation(Tree`1 parameters)
   at fitSharp.Slim.Operators.InvokeInstructionBase.Invoke(TypedValue instance, MemberName memberName, Tree`1 parameters)]]></slimResult>
        
      </instructionResult>
            <instructionResult>
        <instruction><![CDATA[[decisionTable_2_3, call, decisionTable_2, reset]]]></instruction>
        <slimResult><![CDATA[__EXCEPTION__:message:<<NO_METHOD_IN_CLASS reset HuntTheWumpusDotNet.fixtures.MakeMap>> fitSharp.Machine.Exception.MemberMissingException: Member 'reset' with 0 parameter(s) not found for type 'HuntTheWumpusDotNet.fixtures.MakeMap'.
   at fitSharp.Machine.Model.TypedValue.ThrowExceptionIfNotValid()
   at fitSharp.Slim.Operators.ExecuteCall.ExecuteOperation(Tree`1 parameters)
   at fitSharp.Slim.Operators.InvokeInstructionBase.Invoke(TypedValue instance, MemberName memberName, Tree`1 parameters)]]></slimResult>
        
      </instructionResult>
            <instructionResult>
        <instruction><![CDATA[[decisionTable_2_4, call, decisionTable_2, setStart, 1]]]></instruction>
        <slimResult><![CDATA[/__VOID__/]]></slimResult>
                <expectation>
          <status>ignored</status>
          <instructionId>decisionTable_2_4</instructionId>
          <col>0</col>
          <row>2</row>
          <type>VoidReturnExpectation</type>
                    <actual><![CDATA[/__VOID__/]]></actual>
                              <expected><![CDATA[1]]></expected>
                              <evaluationMessage><![CDATA[1]]></evaluationMessage>
                  </expectation>
        
      </instructionResult>
            <instructionResult>
        <instruction><![CDATA[[decisionTable_2_5, call, decisionTable_2, setEnd, 2]]]></instruction>
        <slimResult><![CDATA[/__VOID__/]]></slimResult>
                <expectation>
          <status>ignored</status>
          <instructionId>decisionTable_2_5</instructionId>
          <col>1</col>
          <row>2</row>
          <type>VoidReturnExpectation</type>
                    <actual><![CDATA[/__VOID__/]]></actual>
                              <expected><![CDATA[2]]></expected>
                              <evaluationMessage><![CDATA[2]]></evaluationMessage>
                  </expectation>
        
      </instructionResult>
            <instructionResult>
        <instruction><![CDATA[[decisionTable_2_6, call, decisionTable_2, setDirection, E]]]></instruction>
        <slimResult><![CDATA[/__VOID__/]]></slimResult>
                <expectation>
          <status>ignored</status>
          <instructionId>decisionTable_2_6</instructionId>
          <col>2</col>
          <row>2</row>
          <type>VoidReturnExpectation</type>
                    <actual><![CDATA[/__VOID__/]]></actual>
                              <expected><![CDATA[E]]></expected>
                              <evaluationMessage><![CDATA[E]]></evaluationMessage>
                  </expectation>
        
      </instructionResult>
            <instructionResult>
        <instruction><![CDATA[[decisionTable_2_7, call, decisionTable_2, execute]]]></instruction>
        <slimResult><![CDATA[/__VOID__/]]></slimResult>
        
      </instructionResult>
            <instructionResult>
        <instruction><![CDATA[[decisionTable_2_8, call, decisionTable_2, reset]]]></instruction>
        <slimResult><![CDATA[__EXCEPTION__:message:<<NO_METHOD_IN_CLASS reset HuntTheWumpusDotNet.fixtures.MakeMap>> fitSharp.Machine.Exception.MemberMissingException: Member 'reset' with 0 parameter(s) not found for type 'HuntTheWumpusDotNet.fixtures.MakeMap'.
   at fitSharp.Machine.Model.TypedValue.ThrowExceptionIfNotValid()
   at fitSharp.Slim.Operators.ExecuteCall.ExecuteOperation(Tree`1 parameters)
   at fitSharp.Slim.Operators.InvokeInstructionBase.Invoke(TypedValue instance, MemberName memberName, Tree`1 parameters)]]></slimResult>
        
      </instructionResult>
            <instructionResult>
        <instruction><![CDATA[[decisionTable_2_9, call, decisionTable_2, setStart, 2]]]></instruction>
        <slimResult><![CDATA[/__VOID__/]]></slimResult>
                <expectation>
          <status>ignored</status>
          <instructionId>decisionTable_2_9</instructionId>
          <col>0</col>
          <row>3</row>
          <type>VoidReturnExpectation</type>
                    <actual><![CDATA[/__VOID__/]]></actual>
                              <expected><![CDATA[2]]></expected>
                              <evaluationMessage><![CDATA[2]]></evaluationMessage>
                  </expectation>
        
      </instructionResult>
            <instructionResult>
        <instruction><![CDATA[[decisionTable_2_10, call, decisionTable_2, setEnd, 3]]]></instruction>
        <slimResult><![CDATA[/__VOID__/]]></slimResult>
                <expectation>
          <status>ignored</status>
          <instructionId>decisionTable_2_10</instructionId>
          <col>1</col>
          <row>3</row>
          <type>VoidReturnExpectation</type>
                    <actual><![CDATA[/__VOID__/]]></actual>
                              <expected><![CDATA[3]]></expected>
                              <evaluationMessage><![CDATA[3]]></evaluationMessage>
                  </expectation>
        
      </instructionResult>
            <instructionResult>
        <instruction><![CDATA[[decisionTable_2_11, call, decisionTable_2, setDirection, E]]]></instruction>
        <slimResult><![CDATA[/__VOID__/]]></slimResult>
                <expectation>
          <status>ignored</status>
          <instructionId>decisionTable_2_11</instructionId>
          <col>2</col>
          <row>3</row>
          <type>VoidReturnExpectation</type>
                    <actual><![CDATA[/__VOID__/]]></actual>
                              <expected><![CDATA[E]]></expected>
                              <evaluationMessage><![CDATA[E]]></evaluationMessage>
                  </expectation>
        
      </instructionResult>
            <instructionResult>
        <instruction><![CDATA[[decisionTable_2_12, call, decisionTable_2, execute]]]></instruction>
        <slimResult><![CDATA[/__VOID__/]]></slimResult>
        
      </instructionResult>
            <instructionResult>
        <instruction><![CDATA[[decisionTable_2_13, call, decisionTable_2, reset]]]></instruction>
        <slimResult><![CDATA[__EXCEPTION__:message:<<NO_METHOD_IN_CLASS reset HuntTheWumpusDotNet.fixtures.MakeMap>> fitSharp.Machine.Exception.MemberMissingException: Member 'reset' with 0 parameter(s) not found for type 'HuntTheWumpusDotNet.fixtures.MakeMap'.
   at fitSharp.Machine.Model.TypedValue.ThrowExceptionIfNotValid()
   at fitSharp.Slim.Operators.ExecuteCall.ExecuteOperation(Tree`1 parameters)
   at fitSharp.Slim.Operators.InvokeInstructionBase.Invoke(TypedValue instance, MemberName memberName, Tree`1 parameters)]]></slimResult>
        
      </instructionResult>
            <instructionResult>
        <instruction><![CDATA[[decisionTable_2_14, call, decisionTable_2, setStart, 3]]]></instruction>
        <slimResult><![CDATA[/__VOID__/]]></slimResult>
                <expectation>
          <status>ignored</status>
          <instructionId>decisionTable_2_14</instructionId>
          <col>0</col>
          <row>4</row>
          <type>VoidReturnExpectation</type>
                    <actual><![CDATA[/__VOID__/]]></actual>
                              <expected><![CDATA[3]]></expected>
                              <evaluationMessage><![CDATA[3]]></evaluationMessage>
                  </expectation>
        
      </instructionResult>
            <instructionResult>
        <instruction><![CDATA[[decisionTable_2_15, call, decisionTable_2, setEnd, 4]]]></instruction>
        <slimResult><![CDATA[/__VOID__/]]></slimResult>
                <expectation>
          <status>ignored</status>
          <instructionId>decisionTable_2_15</instructionId>
          <col>1</col>
          <row>4</row>
          <type>VoidReturnExpectation</type>
                    <actual><![CDATA[/__VOID__/]]></actual>
                              <expected><![CDATA[4]]></expected>
                              <evaluationMessage><![CDATA[4]]></evaluationMessage>
                  </expectation>
        
      </instructionResult>
            <instructionResult>
        <instruction><![CDATA[[decisionTable_2_16, call, decisionTable_2, setDirection, E]]]></instruction>
        <slimResult><![CDATA[/__VOID__/]]></slimResult>
                <expectation>
          <status>ignored</status>
          <instructionId>decisionTable_2_16</instructionId>
          <col>2</col>
          <row>4</row>
          <type>VoidReturnExpectation</type>
                    <actual><![CDATA[/__VOID__/]]></actual>
                              <expected><![CDATA[E]]></expected>
                              <evaluationMessage><![CDATA[E]]></evaluationMessage>
                  </expectation>
        
      </instructionResult>
            <instructionResult>
        <instruction><![CDATA[[decisionTable_2_17, call, decisionTable_2, execute]]]></instruction>
        <slimResult><![CDATA[/__VOID__/]]></slimResult>
        
      </instructionResult>
            <instructionResult>
        <instruction><![CDATA[[decisionTable_2_18, call, decisionTable_2, reset]]]></instruction>
        <slimResult><![CDATA[__EXCEPTION__:message:<<NO_METHOD_IN_CLASS reset HuntTheWumpusDotNet.fixtures.MakeMap>> fitSharp.Machine.Exception.MemberMissingException: Member 'reset' with 0 parameter(s) not found for type 'HuntTheWumpusDotNet.fixtures.MakeMap'.
   at fitSharp.Machine.Model.TypedValue.ThrowExceptionIfNotValid()
   at fitSharp.Slim.Operators.ExecuteCall.ExecuteOperation(Tree`1 parameters)
   at fitSharp.Slim.Operators.InvokeInstructionBase.Invoke(TypedValue instance, MemberName memberName, Tree`1 parameters)]]></slimResult>
        
      </instructionResult>
            <instructionResult>
        <instruction><![CDATA[[decisionTable_2_19, call, decisionTable_2, setStart, 4]]]></instruction>
        <slimResult><![CDATA[/__VOID__/]]></slimResult>
                <expectation>
          <status>ignored</status>
          <instructionId>decisionTable_2_19</instructionId>
          <col>0</col>
          <row>5</row>
          <type>VoidReturnExpectation</type>
                    <actual><![CDATA[/__VOID__/]]></actual>
                              <expected><![CDATA[4]]></expected>
                              <evaluationMessage><![CDATA[4]]></evaluationMessage>
                  </expectation>
        
      </instructionResult>
            <instructionResult>
        <instruction><![CDATA[[decisionTable_2_20, call, decisionTable_2, setEnd, 5]]]></instruction>
        <slimResult><![CDATA[/__VOID__/]]></slimResult>
                <expectation>
          <status>ignored</status>
          <instructionId>decisionTable_2_20</instructionId>
          <col>1</col>
          <row>5</row>
          <type>VoidReturnExpectation</type>
                    <actual><![CDATA[/__VOID__/]]></actual>
                              <expected><![CDATA[5]]></expected>
                              <evaluationMessage><![CDATA[5]]></evaluationMessage>
                  </expectation>
        
      </instructionResult>
            <instructionResult>
        <instruction><![CDATA[[decisionTable_2_21, call, decisionTable_2, setDirection, E]]]></instruction>
        <slimResult><![CDATA[/__VOID__/]]></slimResult>
                <expectation>
          <status>ignored</status>
          <instructionId>decisionTable_2_21</instructionId>
          <col>2</col>
          <row>5</row>
          <type>VoidReturnExpectation</type>
                    <actual><![CDATA[/__VOID__/]]></actual>
                              <expected><![CDATA[E]]></expected>
                              <evaluationMessage><![CDATA[E]]></evaluationMessage>
                  </expectation>
        
      </instructionResult>
            <instructionResult>
        <instruction><![CDATA[[decisionTable_2_22, call, decisionTable_2, execute]]]></instruction>
        <slimResult><![CDATA[/__VOID__/]]></slimResult>
        
      </instructionResult>
            <instructionResult>
        <instruction><![CDATA[[decisionTable_2_23, call, decisionTable_2, reset]]]></instruction>
        <slimResult><![CDATA[__EXCEPTION__:message:<<NO_METHOD_IN_CLASS reset HuntTheWumpusDotNet.fixtures.MakeMap>> fitSharp.Machine.Exception.MemberMissingException: Member 'reset' with 0 parameter(s) not found for type 'HuntTheWumpusDotNet.fixtures.MakeMap'.
   at fitSharp.Machine.Model.TypedValue.ThrowExceptionIfNotValid()
   at fitSharp.Slim.Operators.ExecuteCall.ExecuteOperation(Tree`1 parameters)
   at fitSharp.Slim.Operators.InvokeInstructionBase.Invoke(TypedValue instance, MemberName memberName, Tree`1 parameters)]]></slimResult>
        
      </instructionResult>
            <instructionResult>
        <instruction><![CDATA[[decisionTable_2_24, call, decisionTable_2, setStart, 6]]]></instruction>
        <slimResult><![CDATA[/__VOID__/]]></slimResult>
                <expectation>
          <status>ignored</status>
          <instructionId>decisionTable_2_24</instructionId>
          <col>0</col>
          <row>6</row>
          <type>VoidReturnExpectation</type>
                    <actual><![CDATA[/__VOID__/]]></actual>
                              <expected><![CDATA[6]]></expected>
                              <evaluationMessage><![CDATA[6]]></evaluationMessage>
                  </expectation>
        
      </instructionResult>
            <instructionResult>
        <instruction><![CDATA[[decisionTable_2_25, call, decisionTable_2, setEnd, 7]]]></instruction>
        <slimResult><![CDATA[/__VOID__/]]></slimResult>
                <expectation>
          <status>ignored</status>
          <instructionId>decisionTable_2_25</instructionId>
          <col>1</col>
          <row>6</row>
          <type>VoidReturnExpectation</type>
                    <actual><![CDATA[/__VOID__/]]></actual>
                              <expected><![CDATA[7]]></expected>
                              <evaluationMessage><![CDATA[7]]></evaluationMessage>
                  </expectation>
        
      </instructionResult>
            <instructionResult>
        <instruction><![CDATA[[decisionTable_2_26, call, decisionTable_2, setDirection, S]]]></instruction>
        <slimResult><![CDATA[/__VOID__/]]></slimResult>
                <expectation>
          <status>ignored</status>
          <instructionId>decisionTable_2_26</instructionId>
          <col>2</col>
          <row>6</row>
          <type>VoidReturnExpectation</type>
                    <actual><![CDATA[/__VOID__/]]></actual>
                              <expected><![CDATA[S]]></expected>
                              <evaluationMessage><![CDATA[S]]></evaluationMessage>
                  </expectation>
        
      </instructionResult>
            <instructionResult>
        <instruction><![CDATA[[decisionTable_2_27, call, decisionTable_2, execute]]]></instruction>
        <slimResult><![CDATA[/__VOID__/]]></slimResult>
        
      </instructionResult>
            <instructionResult>
        <instruction><![CDATA[[decisionTable_2_28, call, decisionTable_2, reset]]]></instruction>
        <slimResult><![CDATA[__EXCEPTION__:message:<<NO_METHOD_IN_CLASS reset HuntTheWumpusDotNet.fixtures.MakeMap>> fitSharp.Machine.Exception.MemberMissingException: Member 'reset' with 0 parameter(s) not found for type 'HuntTheWumpusDotNet.fixtures.MakeMap'.
   at fitSharp.Machine.Model.TypedValue.ThrowExceptionIfNotValid()
   at fitSharp.Slim.Operators.ExecuteCall.ExecuteOperation(Tree`1 parameters)
   at fitSharp.Slim.Operators.InvokeInstructionBase.Invoke(TypedValue instance, MemberName memberName, Tree`1 parameters)]]></slimResult>
        
      </instructionResult>
            <instructionResult>
        <instruction><![CDATA[[decisionTable_2_29, call, decisionTable_2, setStart, 7]]]></instruction>
        <slimResult><![CDATA[/__VOID__/]]></slimResult>
                <expectation>
          <status>ignored</status>
          <instructionId>decisionTable_2_29</instructionId>
          <col>0</col>
          <row>7</row>
          <type>VoidReturnExpectation</type>
                    <actual><![CDATA[/__VOID__/]]></actual>
                              <expected><![CDATA[7]]></expected>
                              <evaluationMessage><![CDATA[7]]></evaluationMessage>
                  </expectation>
        
      </instructionResult>
            <instructionResult>
        <instruction><![CDATA[[decisionTable_2_30, call, decisionTable_2, setEnd, 3]]]></instruction>
        <slimResult><![CDATA[/__VOID__/]]></slimResult>
                <expectation>
          <status>ignored</status>
          <instructionId>decisionTable_2_30</instructionId>
          <col>1</col>
          <row>7</row>
          <type>VoidReturnExpectation</type>
                    <actual><![CDATA[/__VOID__/]]></actual>
                              <expected><![CDATA[3]]></expected>
                              <evaluationMessage><![CDATA[3]]></evaluationMessage>
                  </expectation>
        
      </instructionResult>
            <instructionResult>
        <instruction><![CDATA[[decisionTable_2_31, call, decisionTable_2, setDirection, S]]]></instruction>
        <slimResult><![CDATA[/__VOID__/]]></slimResult>
                <expectation>
          <status>ignored</status>
          <instructionId>decisionTable_2_31</instructionId>
          <col>2</col>
          <row>7</row>
          <type>VoidReturnExpectation</type>
                    <actual><![CDATA[/__VOID__/]]></actual>
                              <expected><![CDATA[S]]></expected>
                              <evaluationMessage><![CDATA[S]]></evaluationMessage>
                  </expectation>
        
      </instructionResult>
            <instructionResult>
        <instruction><![CDATA[[decisionTable_2_32, call, decisionTable_2, execute]]]></instruction>
        <slimResult><![CDATA[/__VOID__/]]></slimResult>
        
      </instructionResult>
            <instructionResult>
        <instruction><![CDATA[[decisionTable_2_33, call, decisionTable_2, reset]]]></instruction>
        <slimResult><![CDATA[__EXCEPTION__:message:<<NO_METHOD_IN_CLASS reset HuntTheWumpusDotNet.fixtures.MakeMap>> fitSharp.Machine.Exception.MemberMissingException: Member 'reset' with 0 parameter(s) not found for type 'HuntTheWumpusDotNet.fixtures.MakeMap'.
   at fitSharp.Machine.Model.TypedValue.ThrowExceptionIfNotValid()
   at fitSharp.Slim.Operators.ExecuteCall.ExecuteOperation(Tree`1 parameters)
   at fitSharp.Slim.Operators.InvokeInstructionBase.Invoke(TypedValue instance, MemberName memberName, Tree`1 parameters)]]></slimResult>
        
      </instructionResult>
            <instructionResult>
        <instruction><![CDATA[[decisionTable_2_34, call, decisionTable_2, setStart, 3]]]></instruction>
        <slimResult><![CDATA[/__VOID__/]]></slimResult>
                <expectation>
          <status>ignored</status>
          <instructionId>decisionTable_2_34</instructionId>
          <col>0</col>
          <row>8</row>
          <type>VoidReturnExpectation</type>
                    <actual><![CDATA[/__VOID__/]]></actual>
                              <expected><![CDATA[3]]></expected>
                              <evaluationMessage><![CDATA[3]]></evaluationMessage>
                  </expectation>
        
      </instructionResult>
            <instructionResult>
        <instruction><![CDATA[[decisionTable_2_35, call, decisionTable_2, setEnd, 8]]]></instruction>
        <slimResult><![CDATA[/__VOID__/]]></slimResult>
                <expectation>
          <status>ignored</status>
          <instructionId>decisionTable_2_35</instructionId>
          <col>1</col>
          <row>8</row>
          <type>VoidReturnExpectation</type>
                    <actual><![CDATA[/__VOID__/]]></actual>
                              <expected><![CDATA[8]]></expected>
                              <evaluationMessage><![CDATA[8]]></evaluationMessage>
                  </expectation>
        
      </instructionResult>
            <instructionResult>
        <instruction><![CDATA[[decisionTable_2_36, call, decisionTable_2, setDirection, S]]]></instruction>
        <slimResult><![CDATA[/__VOID__/]]></slimResult>
                <expectation>
          <status>ignored</status>
          <instructionId>decisionTable_2_36</instructionId>
          <col>2</col>
          <row>8</row>
          <type>VoidReturnExpectation</type>
                    <actual><![CDATA[/__VOID__/]]></actual>
                              <expected><![CDATA[S]]></expected>
                              <evaluationMessage><![CDATA[S]]></evaluationMessage>
                  </expectation>
        
      </instructionResult>
            <instructionResult>
        <instruction><![CDATA[[decisionTable_2_37, call, decisionTable_2, execute]]]></instruction>
        <slimResult><![CDATA[/__VOID__/]]></slimResult>
        
      </instructionResult>
            <instructionResult>
        <instruction><![CDATA[[decisionTable_2_38, call, decisionTable_2, reset]]]></instruction>
        <slimResult><![CDATA[__EXCEPTION__:message:<<NO_METHOD_IN_CLASS reset HuntTheWumpusDotNet.fixtures.MakeMap>> fitSharp.Machine.Exception.MemberMissingException: Member 'reset' with 0 parameter(s) not found for type 'HuntTheWumpusDotNet.fixtures.MakeMap'.
   at fitSharp.Machine.Model.TypedValue.ThrowExceptionIfNotValid()
   at fitSharp.Slim.Operators.ExecuteCall.ExecuteOperation(Tree`1 parameters)
   at fitSharp.Slim.Operators.InvokeInstructionBase.Invoke(TypedValue instance, MemberName memberName, Tree`1 parameters)]]></slimResult>
        
      </instructionResult>
            <instructionResult>
        <instruction><![CDATA[[decisionTable_2_39, call, decisionTable_2, setStart, 8]]]></instruction>
        <slimResult><![CDATA[/__VOID__/]]></slimResult>
                <expectation>
          <status>ignored</status>
          <instructionId>decisionTable_2_39</instructionId>
          <col>0</col>
          <row>9</row>
          <type>VoidReturnExpectation</type>
                    <actual><![CDATA[/__VOID__/]]></actual>
                              <expected><![CDATA[8]]></expected>
                              <evaluationMessage><![CDATA[8]]></evaluationMessage>
                  </expectation>
        
      </instructionResult>
            <instructionResult>
        <instruction><![CDATA[[decisionTable_2_40, call, decisionTable_2, setEnd, 9]]]></instruction>
        <slimResult><![CDATA[/__VOID__/]]></slimResult>
                <expectation>
          <status>ignored</status>
          <instructionId>decisionTable_2_40</instructionId>
          <col>1</col>
          <row>9</row>
          <type>VoidReturnExpectation</type>
                    <actual><![CDATA[/__VOID__/]]></actual>
                              <expected><![CDATA[9]]></expected>
                              <evaluationMessage><![CDATA[9]]></evaluationMessage>
                  </expectation>
        
      </instructionResult>
            <instructionResult>
        <instruction><![CDATA[[decisionTable_2_41, call, decisionTable_2, setDirection, S]]]></instruction>
        <slimResult><![CDATA[/__VOID__/]]></slimResult>
                <expectation>
          <status>ignored</status>
          <instructionId>decisionTable_2_41</instructionId>
          <col>2</col>
          <row>9</row>
          <type>VoidReturnExpectation</type>
                    <actual><![CDATA[/__VOID__/]]></actual>
                              <expected><![CDATA[S]]></expected>
                              <evaluationMessage><![CDATA[S]]></evaluationMessage>
                  </expectation>
        
      </instructionResult>
            <instructionResult>
        <instruction><![CDATA[[decisionTable_2_42, call, decisionTable_2, execute]]]></instruction>
        <slimResult><![CDATA[/__VOID__/]]></slimResult>
        
      </instructionResult>
            <instructionResult>
        <instruction><![CDATA[[decisionTable_2_43, call, decisionTable_2, endTable]]]></instruction>
        <slimResult><![CDATA[__EXCEPTION__:message:<<NO_METHOD_IN_CLASS endtable HuntTheWumpusDotNet.fixtures.MakeMap>> fitSharp.Machine.Exception.MemberMissingException: Member 'endtable' with 0 parameter(s) not found for type 'HuntTheWumpusDotNet.fixtures.MakeMap'.
   at fitSharp.Machine.Model.TypedValue.ThrowExceptionIfNotValid()
   at fitSharp.Slim.Operators.ExecuteCall.ExecuteOperation(Tree`1 parameters)
   at fitSharp.Slim.Operators.InvokeInstructionBase.Invoke(TypedValue instance, MemberName memberName, Tree`1 parameters)]]></slimResult>
        
      </instructionResult>
            <instructionResult>
        <instruction><![CDATA[[scriptTable_3_0, call, scriptTableActor, putInCavern, player, 3]]]></instruction>
        <slimResult><![CDATA[/__VOID__/]]></slimResult>
                <expectation>
          <status>ignored</status>
          <instructionId>scriptTable_3_0</instructionId>
          <col>1</col>
          <row>1</row>
          <type>ArgumentExpectation</type>
                                        <evaluationMessage><![CDATA[]]></evaluationMessage>
                  </expectation>
                <expectation>
          <status>ignored</status>
          <instructionId>scriptTable_3_0</instructionId>
          <col>3</col>
          <row>1</row>
          <type>ArgumentExpectation</type>
                                        <evaluationMessage><![CDATA[]]></evaluationMessage>
                  </expectation>
                <expectation>
          <status>ignored</status>
          <instructionId>scriptTable_3_0</instructionId>
          <col>0</col>
          <row>1</row>
          <type>ScriptActionExpectation</type>
                    <actual><![CDATA[/__VOID__/]]></actual>
                              <expected><![CDATA[put]]></expected>
                              <evaluationMessage><![CDATA[put]]></evaluationMessage>
                  </expectation>
        
      </instructionResult>
            <instructionResult>
        <instruction><![CDATA[[scriptTable_3_1, call, scriptTableActor, setQuiverTo, 0]]]></instruction>
        <slimResult><![CDATA[/__VOID__/]]></slimResult>
                <expectation>
          <status>ignored</status>
          <instructionId>scriptTable_3_1</instructionId>
          <col>1</col>
          <row>2</row>
          <type>ArgumentExpectation</type>
                                        <evaluationMessage><![CDATA[]]></evaluationMessage>
                  </expectation>
                <expectation>
          <status>ignored</status>
          <instructionId>scriptTable_3_1</instructionId>
          <col>0</col>
          <row>2</row>
          <type>ScriptActionExpectation</type>
                    <actual><![CDATA[/__VOID__/]]></actual>
                              <expected><![CDATA[set quiver to]]></expected>
                              <evaluationMessage><![CDATA[set quiver to]]></evaluationMessage>
                  </expectation>
        
      </instructionResult>
            <instructionResult>
        <instruction><![CDATA[[scriptTable_3_2, call, scriptTableActor, enterCommand, shoot east]]]></instruction>
        <slimResult><![CDATA[true]]></slimResult>
                <expectation>
          <status>ignored</status>
          <instructionId>scriptTable_3_2</instructionId>
          <col>1</col>
          <row>3</row>
          <type>ArgumentExpectation</type>
                                        <evaluationMessage><![CDATA[]]></evaluationMessage>
                  </expectation>
                <expectation>
          <status>right</status>
          <instructionId>scriptTable_3_2</instructionId>
          <col>0</col>
          <row>3</row>
          <type>ScriptActionExpectation</type>
                    <actual><![CDATA[true]]></actual>
                              <expected><![CDATA[enter command]]></expected>
                              <evaluationMessage><![CDATA[pass(enter command)]]></evaluationMessage>
                  </expectation>
        
      </instructionResult>
            <instructionResult>
        <instruction><![CDATA[[scriptTable_3_3, call, scriptTableActor, messageWasPrinted]]]></instruction>
        <slimResult><![CDATA[You can go north and south from here.]]></slimResult>
                <expectation>
          <status>wrong</status>
          <instructionId>scriptTable_3_3</instructionId>
          <col>2</col>
          <row>4</row>
          <type>ReturnedValueExpectation</type>
                    <actual><![CDATA[You can go north and south from here.]]></actual>
                              <expected><![CDATA[You don't have any arrows.]]></expected>
                              <evaluationMessage><![CDATA[[You can go north and south from here.] fail(expected [You don't have any arrows.])]]></evaluationMessage>
                  </expectation>
        
      </instructionResult>
      
    </instructions>
    
  </result>
  
    <finalCounts>
    <right>0</right>
    <wrong>0</wrong>
    <ignores>0</ignores>
    <exceptions>0</exceptions>
  </finalCounts>
  <totalRunTimeInMillis>0</totalRunTimeInMillis>
  
</testResults>

