<?xml version="1.0"?>
<suiteResults>
  <FitNesseVersion>v20121220</FitNesseVersion>
  <rootPath>NavigatePlayer</rootPath>
    <pageHistoryReference>
    <name>HuntTheWumpus.AllRequirements.IterationOne.NavigatePlayer.TestCanMoveThroughMap</name>
    <date>01/28/2013 00:03:08</date>
    <pageHistoryLink>HuntTheWumpus.AllRequirements.IterationOne.NavigatePlayer.TestCanMoveThroughMap?pageHistory&amp;resultDate=20130128000308</pageHistoryLink>
    <counts>
      <right>1</right>
      <wrong>16</wrong>
      <ignores>0</ignores>
      <exceptions>18</exceptions>
    </counts>
    <runTimeInMillis>188</runTimeInMillis>
  </pageHistoryReference>
    <pageHistoryReference>
    <name>HuntTheWumpus.AllRequirements.IterationOne.NavigatePlayer.TestCanRest</name>
    <date>01/28/2013 00:03:09</date>
    <pageHistoryLink>HuntTheWumpus.AllRequirements.IterationOne.NavigatePlayer.TestCanRest?pageHistory&amp;resultDate=20130128000309</pageHistoryLink>
    <counts>
      <right>4</right>
      <wrong>4</wrong>
      <ignores>0</ignores>
      <exceptions>5</exceptions>
    </counts>
    <runTimeInMillis>41</runTimeInMillis>
  </pageHistoryReference>
    <pageHistoryReference>
    <name>HuntTheWumpus.AllRequirements.IterationOne.NavigatePlayer.TestCantMoveOutOfMap</name>
    <date>01/28/2013 00:03:09</date>
    <pageHistoryLink>HuntTheWumpus.AllRequirements.IterationOne.NavigatePlayer.TestCantMoveOutOfMap?pageHistory&amp;resultDate=20130128000309</pageHistoryLink>
    <counts>
      <right>0</right>
      <wrong>8</wrong>
      <ignores>0</ignores>
      <exceptions>6</exceptions>
    </counts>
    <runTimeInMillis>27</runTimeInMillis>
  </pageHistoryReference>
    <pageHistoryReference>
    <name>HuntTheWumpus.AllRequirements.IterationOne.NavigatePlayer.TestCommandAbbreviations</name>
    <date>01/28/2013 00:03:09</date>
    <pageHistoryLink>HuntTheWumpus.AllRequirements.IterationOne.NavigatePlayer.TestCommandAbbreviations?pageHistory&amp;resultDate=20130128000309</pageHistoryLink>
    <counts>
      <right>0</right>
      <wrong>24</wrong>
      <ignores>0</ignores>
      <exceptions>48</exceptions>
    </counts>
    <runTimeInMillis>129</runTimeInMillis>
  </pageHistoryReference>
    <pageHistoryReference>
    <name>HuntTheWumpus.AllRequirements.IterationOne.NavigatePlayer.TestInvalidCommand</name>
    <date>01/28/2013 00:03:09</date>
    <pageHistoryLink>HuntTheWumpus.AllRequirements.IterationOne.NavigatePlayer.TestInvalidCommand?pageHistory&amp;resultDate=20130128000309</pageHistoryLink>
    <counts>
      <right>2</right>
      <wrong>0</wrong>
      <ignores>0</ignores>
      <exceptions>0</exceptions>
    </counts>
    <runTimeInMillis>7</runTimeInMillis>
  </pageHistoryReference>
    <pageHistoryReference>
    <name>HuntTheWumpus.AllRequirements.IterationOne.NavigatePlayer.TestPossibleDirectionsAreReported</name>
    <date>01/28/2013 00:03:09</date>
    <pageHistoryLink>HuntTheWumpus.AllRequirements.IterationOne.NavigatePlayer.TestPossibleDirectionsAreReported?pageHistory&amp;resultDate=20130128000309</pageHistoryLink>
    <counts>
      <right>0</right>
      <wrong>11</wrong>
      <ignores>0</ignores>
      <exceptions>15</exceptions>
    </counts>
    <runTimeInMillis>54</runTimeInMillis>
  </pageHistoryReference>
    <finalCounts>
    <right>1</right>
    <wrong>5</wrong>
    <ignores>0</ignores>
    <exceptions>0</exceptions>
  </finalCounts>
  <totalRunTimeInMillis>1627</totalRunTimeInMillis>

</suiteResults>

