<?xml version="1.0"?>
<suiteResults>
  <FitNesseVersion>v20121220</FitNesseVersion>
  <rootPath>NavigatePlayer</rootPath>
    <pageHistoryReference>
    <name>HuntTheWumpus.AllRequirements.IterationOne.NavigatePlayer.TestCanMoveThroughMap</name>
    <date>01/28/2013 09:59:41</date>
    <pageHistoryLink>HuntTheWumpus.AllRequirements.IterationOne.NavigatePlayer.TestCanMoveThroughMap?pageHistory&amp;resultDate=20130128095941</pageHistoryLink>
    <counts>
      <right>0</right>
      <wrong>0</wrong>
      <ignores>61</ignores>
      <exceptions>5</exceptions>
    </counts>
    <runTimeInMillis>52</runTimeInMillis>
  </pageHistoryReference>
    <pageHistoryReference>
    <name>HuntTheWumpus.AllRequirements.IterationOne.NavigatePlayer.TestCanRest</name>
    <date>01/28/2013 09:59:41</date>
    <pageHistoryLink>HuntTheWumpus.AllRequirements.IterationOne.NavigatePlayer.TestCanRest?pageHistory&amp;resultDate=20130128095941</pageHistoryLink>
    <counts>
      <right>0</right>
      <wrong>0</wrong>
      <ignores>39</ignores>
      <exceptions>7</exceptions>
    </counts>
    <runTimeInMillis>49</runTimeInMillis>
  </pageHistoryReference>
    <pageHistoryReference>
    <name>HuntTheWumpus.AllRequirements.IterationOne.NavigatePlayer.TestCantMoveOutOfMap</name>
    <date>01/28/2013 09:59:41</date>
    <pageHistoryLink>HuntTheWumpus.AllRequirements.IterationOne.NavigatePlayer.TestCantMoveOutOfMap?pageHistory&amp;resultDate=20130128095941</pageHistoryLink>
    <counts>
      <right>0</right>
      <wrong>0</wrong>
      <ignores>36</ignores>
      <exceptions>4</exceptions>
    </counts>
    <runTimeInMillis>27</runTimeInMillis>
  </pageHistoryReference>
    <pageHistoryReference>
    <name>HuntTheWumpus.AllRequirements.IterationOne.NavigatePlayer.TestCommandAbbreviations</name>
    <date>01/28/2013 09:59:41</date>
    <pageHistoryLink>HuntTheWumpus.AllRequirements.IterationOne.NavigatePlayer.TestCommandAbbreviations?pageHistory&amp;resultDate=20130128095941</pageHistoryLink>
    <counts>
      <right>0</right>
      <wrong>0</wrong>
      <ignores>98</ignores>
      <exceptions>27</exceptions>
    </counts>
    <runTimeInMillis>102</runTimeInMillis>
  </pageHistoryReference>
    <pageHistoryReference>
    <name>HuntTheWumpus.AllRequirements.IterationOne.NavigatePlayer.TestInvalidCommand</name>
    <date>01/28/2013 09:59:41</date>
    <pageHistoryLink>HuntTheWumpus.AllRequirements.IterationOne.NavigatePlayer.TestInvalidCommand?pageHistory&amp;resultDate=20130128095941</pageHistoryLink>
    <counts>
      <right>0</right>
      <wrong>0</wrong>
      <ignores>3</ignores>
      <exceptions>3</exceptions>
    </counts>
    <runTimeInMillis>15</runTimeInMillis>
  </pageHistoryReference>
    <pageHistoryReference>
    <name>HuntTheWumpus.AllRequirements.IterationOne.NavigatePlayer.TestPossibleDirectionsAreReported</name>
    <date>01/28/2013 09:59:41</date>
    <pageHistoryLink>HuntTheWumpus.AllRequirements.IterationOne.NavigatePlayer.TestPossibleDirectionsAreReported?pageHistory&amp;resultDate=20130128095941</pageHistoryLink>
    <counts>
      <right>0</right>
      <wrong>0</wrong>
      <ignores>84</ignores>
      <exceptions>16</exceptions>
    </counts>
    <runTimeInMillis>45</runTimeInMillis>
  </pageHistoryReference>
    <finalCounts>
    <right>0</right>
    <wrong>0</wrong>
    <ignores>0</ignores>
    <exceptions>6</exceptions>
  </finalCounts>
  <totalRunTimeInMillis>2083</totalRunTimeInMillis>

</suiteResults>

