<?xml version="1.0"?>
<suiteResults>
  <FitNesseVersion>v20121220</FitNesseVersion>
  <rootPath>NavigatePlayer</rootPath>
    <pageHistoryReference>
    <name>HuntTheWumpus.AllRequirements.IterationOne.NavigatePlayer.TestCanMoveThroughMap</name>
    <date>01/28/2013 00:29:15</date>
    <pageHistoryLink>HuntTheWumpus.AllRequirements.IterationOne.NavigatePlayer.TestCanMoveThroughMap?pageHistory&amp;resultDate=20130128002915</pageHistoryLink>
    <counts>
      <right>33</right>
      <wrong>0</wrong>
      <ignores>0</ignores>
      <exceptions>0</exceptions>
    </counts>
    <runTimeInMillis>197</runTimeInMillis>
  </pageHistoryReference>
    <pageHistoryReference>
    <name>HuntTheWumpus.AllRequirements.IterationOne.NavigatePlayer.TestCanRest</name>
    <date>01/28/2013 00:29:15</date>
    <pageHistoryLink>HuntTheWumpus.AllRequirements.IterationOne.NavigatePlayer.TestCanRest?pageHistory&amp;resultDate=20130128002915</pageHistoryLink>
    <counts>
      <right>12</right>
      <wrong>0</wrong>
      <ignores>0</ignores>
      <exceptions>0</exceptions>
    </counts>
    <runTimeInMillis>27</runTimeInMillis>
  </pageHistoryReference>
    <pageHistoryReference>
    <name>HuntTheWumpus.AllRequirements.IterationOne.NavigatePlayer.TestCantMoveOutOfMap</name>
    <date>01/28/2013 00:29:15</date>
    <pageHistoryLink>HuntTheWumpus.AllRequirements.IterationOne.NavigatePlayer.TestCantMoveOutOfMap?pageHistory&amp;resultDate=20130128002915</pageHistoryLink>
    <counts>
      <right>8</right>
      <wrong>0</wrong>
      <ignores>0</ignores>
      <exceptions>0</exceptions>
    </counts>
    <runTimeInMillis>15</runTimeInMillis>
  </pageHistoryReference>
    <pageHistoryReference>
    <name>HuntTheWumpus.AllRequirements.IterationOne.NavigatePlayer.TestCommandAbbreviations</name>
    <date>01/28/2013 00:29:15</date>
    <pageHistoryLink>HuntTheWumpus.AllRequirements.IterationOne.NavigatePlayer.TestCommandAbbreviations?pageHistory&amp;resultDate=20130128002915</pageHistoryLink>
    <counts>
      <right>48</right>
      <wrong>0</wrong>
      <ignores>0</ignores>
      <exceptions>0</exceptions>
    </counts>
    <runTimeInMillis>74</runTimeInMillis>
  </pageHistoryReference>
    <pageHistoryReference>
    <name>HuntTheWumpus.AllRequirements.IterationOne.NavigatePlayer.TestInvalidCommand</name>
    <date>01/28/2013 00:29:15</date>
    <pageHistoryLink>HuntTheWumpus.AllRequirements.IterationOne.NavigatePlayer.TestInvalidCommand?pageHistory&amp;resultDate=20130128002915</pageHistoryLink>
    <counts>
      <right>2</right>
      <wrong>0</wrong>
      <ignores>0</ignores>
      <exceptions>0</exceptions>
    </counts>
    <runTimeInMillis>3</runTimeInMillis>
  </pageHistoryReference>
    <pageHistoryReference>
    <name>HuntTheWumpus.AllRequirements.IterationOne.NavigatePlayer.TestPossibleDirectionsAreReported</name>
    <date>01/28/2013 00:29:15</date>
    <pageHistoryLink>HuntTheWumpus.AllRequirements.IterationOne.NavigatePlayer.TestPossibleDirectionsAreReported?pageHistory&amp;resultDate=20130128002915</pageHistoryLink>
    <counts>
      <right>22</right>
      <wrong>0</wrong>
      <ignores>0</ignores>
      <exceptions>0</exceptions>
    </counts>
    <runTimeInMillis>44</runTimeInMillis>
  </pageHistoryReference>
    <finalCounts>
    <right>6</right>
    <wrong>0</wrong>
    <ignores>0</ignores>
    <exceptions>0</exceptions>
  </finalCounts>
  <totalRunTimeInMillis>1149</totalRunTimeInMillis>

</suiteResults>

