<?xml version="1.0"?>
<suiteResults>
  <FitNesseVersion>v20121220</FitNesseVersion>
  <rootPath>NavigatePlayer</rootPath>
    <pageHistoryReference>
    <name>HuntTheWumpus.AllRequirements.IterationOne.NavigatePlayer.TestCanMoveThroughMap</name>
    <date>01/21/2013 18:44:42</date>
    <pageHistoryLink>HuntTheWumpus.AllRequirements.IterationOne.NavigatePlayer.TestCanMoveThroughMap?pageHistory&amp;resultDate=20130121184442</pageHistoryLink>
    <counts>
      <right>32</right>
      <wrong>0</wrong>
      <ignores>0</ignores>
      <exceptions>0</exceptions>
    </counts>
    <runTimeInMillis>184</runTimeInMillis>
  </pageHistoryReference>
    <pageHistoryReference>
    <name>HuntTheWumpus.AllRequirements.IterationOne.NavigatePlayer.TestCanRest</name>
    <date>01/21/2013 18:44:42</date>
    <pageHistoryLink>HuntTheWumpus.AllRequirements.IterationOne.NavigatePlayer.TestCanRest?pageHistory&amp;resultDate=20130121184442</pageHistoryLink>
    <counts>
      <right>0</right>
      <wrong>4</wrong>
      <ignores>0</ignores>
      <exceptions>8</exceptions>
    </counts>
    <runTimeInMillis>109</runTimeInMillis>
  </pageHistoryReference>
    <pageHistoryReference>
    <name>HuntTheWumpus.AllRequirements.IterationOne.NavigatePlayer.TestCantMoveOutOfMap</name>
    <date>01/21/2013 18:44:42</date>
    <pageHistoryLink>HuntTheWumpus.AllRequirements.IterationOne.NavigatePlayer.TestCantMoveOutOfMap?pageHistory&amp;resultDate=20130121184442</pageHistoryLink>
    <counts>
      <right>8</right>
      <wrong>0</wrong>
      <ignores>0</ignores>
      <exceptions>0</exceptions>
    </counts>
    <runTimeInMillis>57</runTimeInMillis>
  </pageHistoryReference>
    <pageHistoryReference>
    <name>HuntTheWumpus.AllRequirements.IterationOne.NavigatePlayer.TestCommandAbbreviations</name>
    <date>01/21/2013 18:44:42</date>
    <pageHistoryLink>HuntTheWumpus.AllRequirements.IterationOne.NavigatePlayer.TestCommandAbbreviations?pageHistory&amp;resultDate=20130121184442</pageHistoryLink>
    <counts>
      <right>48</right>
      <wrong>0</wrong>
      <ignores>0</ignores>
      <exceptions>0</exceptions>
    </counts>
    <runTimeInMillis>99</runTimeInMillis>
  </pageHistoryReference>
    <pageHistoryReference>
    <name>HuntTheWumpus.AllRequirements.IterationOne.NavigatePlayer.TestInvalidCommand</name>
    <date>01/21/2013 18:44:42</date>
    <pageHistoryLink>HuntTheWumpus.AllRequirements.IterationOne.NavigatePlayer.TestInvalidCommand?pageHistory&amp;resultDate=20130121184442</pageHistoryLink>
    <counts>
      <right>2</right>
      <wrong>0</wrong>
      <ignores>0</ignores>
      <exceptions>0</exceptions>
    </counts>
    <runTimeInMillis>5</runTimeInMillis>
  </pageHistoryReference>
    <pageHistoryReference>
    <name>HuntTheWumpus.AllRequirements.IterationOne.NavigatePlayer.TestPossibleDirectionsAreReported</name>
    <date>01/21/2013 18:44:42</date>
    <pageHistoryLink>HuntTheWumpus.AllRequirements.IterationOne.NavigatePlayer.TestPossibleDirectionsAreReported?pageHistory&amp;resultDate=20130121184442</pageHistoryLink>
    <counts>
      <right>7</right>
      <wrong>4</wrong>
      <ignores>0</ignores>
      <exceptions>13</exceptions>
    </counts>
    <runTimeInMillis>258</runTimeInMillis>
  </pageHistoryReference>
    <finalCounts>
    <right>4</right>
    <wrong>2</wrong>
    <ignores>0</ignores>
    <exceptions>0</exceptions>
  </finalCounts>
  <totalRunTimeInMillis>1656</totalRunTimeInMillis>

</suiteResults>

