<?xml version="1.0"?>
<testResults>
  <FitNesseVersion>v20121220</FitNesseVersion>
  <rootPath>FallInPit</rootPath>
    <result>
    <counts>
      <right>0</right>
      <wrong>1</wrong>
      <ignores>0</ignores>
      <exceptions>2</exceptions>
    </counts>
    <runTimeInMillis>22</runTimeInMillis>
    <content><![CDATA[<div class="collapsible closed"><ul><li><a href='#' class='expandall'>Expand All</a></li><li><a href='#' class='collapseall'>Collapse All</a></li></ul>
	<p class="title">Precompiled Libraries</p>
	<div><br/></div>
</div>
<br/><div class="collapsible closed"><ul><li><a href='#' class='expandall'>Expand All</a></li><li><a href='#' class='collapseall'>Collapse All</a></li></ul>
	<p class="title">Included page: <a href="HuntTheWumpus.SetUp">.HuntTheWumpus.SetUp</a> <a href="HuntTheWumpus.SetUp?edit&amp;redirectToReferer=true&amp;redirectAction=" class="edit">(edit)</a></p>
	<div><table _TABLENUMBER=6635796536422718156>
	<tr>
		<td>Import</td>
	</tr>
	<tr>
		<td>HuntTheWumpusDotNet.fixtures</td>
	</tr>
</table>
<br/><table _TABLENUMBER=5669845963931634743>
	<tr>
		<td>script</td>
		<td><span class="pass">HuntTheWumpusDotNet.fixtures.GameDriver</span></td>
	</tr>
</table>
</div>
</div>
<br/>If the player enters a cavern that contains a pit, then the player dies and the game is over.<br/><br/><table _TABLENUMBER=3721352392328881112>
	<tr>
		<td colspan="3"><span class="pass">Make map</span></td>
	</tr>
	<tr>
		<td>start</td>
		<td>end</td>
		<td>direction</td>
	</tr>
	<tr>
		<td>1</td>
		<td>2</td>
		<td>E</td>
	</tr>
</table>
<br/><table _TABLENUMBER=8607688368992418527>
	<tr>
		<td><span class="fail">put: Bad table: <br/><pre>fitnesse.slimTables.SlimTable$SyntaxError: Table has 4 header column(s), but row 2 only has 2 column(s).
	at fitnesse.slimTables.DecisionTable$DecisionTableCaller.checkRow(DecisionTable.java:87)
	at fitnesse.slimTables.DecisionTable$FixtureCaller.invokeRow(DecisionTable.java:136)
	at fitnesse.slimTables.DecisionTable$FixtureCaller.invokeRows(DecisionTable.java:131)
	at fitnesse.slimTables.DecisionTable$FixtureCaller.call(DecisionTable.java:124)
	at fitnesse.slimTables.DecisionTable.appendInstructions(DecisionTable.java:34)
	at fitnesse.slimTables.SlimTable.appendInstructions(SlimTable.java:87)
	at fitnesse.responders.run.slimResponder.SlimTestSystem.createInstructions(SlimTestSystem.java:350)
	at fitnesse.responders.run.slimResponder.SlimTestSystem.processTablesAndGetHtml(SlimTestSystem.java:332)
	at fitnesse.responders.run.slimResponder.SlimTestSystem.processAllTablesOnPage(SlimTestSystem.java:319)
	at fitnesse.responders.run.slimResponder.SlimTestSystem.runTestsAndGenerateHtml(SlimTestSystem.java:258)
	at fitnesse.responders.run.MultipleTestsRunner.executeTestSystemPages(MultipleTestsRunner.java:128)
	at fitnesse.responders.run.MultipleTestsRunner.startTestSystemAndExecutePages(MultipleTestsRunner.java:112)
	at fitnesse.responders.run.MultipleTestsRunner.internalExecuteTestPages(MultipleTestsRunner.java:88)
	at fitnesse.responders.run.MultipleTestsRunner.executeTestPages(MultipleTestsRunner.java:60)
	at fitnesse.responders.run.SuiteResponder.performExecution(SuiteResponder.java:57)
	at fitnesse.responders.run.TestResponder.doExecuteTests(TestResponder.java:72)
	at fitnesse.responders.run.TestResponder$TestExecutor.execute(TestResponder.java:106)
	at sun.reflect.GeneratedMethodAccessor61.invoke(Unknown Source)
	at sun.reflect.DelegatingMethodAccessorImpl.invoke(Unknown Source)
	at java.lang.reflect.Method.invoke(Unknown Source)
	at org.apache.velocity.util.introspection.UberspectImpl$VelMethodImpl.doInvoke(UberspectImpl.java:395)
	at org.apache.velocity.util.introspection.UberspectImpl$VelMethodImpl.invoke(UberspectImpl.java:384)
	at org.apache.velocity.runtime.parser.node.ASTMethod.execute(ASTMethod.java:173)
	at org.apache.velocity.runtime.parser.node.ASTReference.execute(ASTReference.java:280)
	at org.apache.velocity.runtime.parser.node.ASTReference.render(ASTReference.java:369)
	at org.apache.velocity.runtime.parser.node.SimpleNode.render(SimpleNode.java:342)
	at org.apache.velocity.runtime.directive.Parse.render(Parse.java:260)
	at org.apache.velocity.runtime.parser.node.ASTDirective.render(ASTDirective.java:207)
	at org.apache.velocity.runtime.parser.node.SimpleNode.render(SimpleNode.java:342)
	at org.apache.velocity.Template.merge(Template.java:356)
	at org.apache.velocity.Template.merge(Template.java:260)
	at fitnesse.responders.templateUtilities.HtmlPage.render(HtmlPage.java:80)
	at fitnesse.responders.run.TestResponder.doSending(TestResponder.java:61)
	at fitnesse.responders.ChunkingResponder.startSending(ChunkingResponder.java:66)
	at fitnesse.http.ChunkedResponse.sendTo(ChunkedResponse.java:26)
	at fitnesse.FitNesseExpediter.sendResponse(FitNesseExpediter.java:96)
	at fitnesse.FitNesseExpediter.start(FitNesseExpediter.java:48)
	at fitnesse.FitNesseServer.serve(FitNesseServer.java:24)
	at fitnesse.FitNesseServer.serve(FitNesseServer.java:17)
	at fitnesse.socketservice.SocketService$ServerRunner.run(SocketService.java:109)
	at java.lang.Thread.run(Unknown Source)
</pre></span> <span class="error">Could not find class put</span></td>
		<td>player</td>
		<td>in cavern</td>
		<td colspan="2">1</td>
	</tr>
	<tr>
		<td>put</td>
		<td>pit</td>
		<td>in cavern</td>
		<td colspan="2">2</td>
	</tr>
	<tr>
		<td>enter command</td>
		<td colspan="4">e</td>
	</tr>
	<tr>
		<td>check</td>
		<td>message</td>
		<td>You fall into a pit and die.</td>
		<td>was printed</td>
		<td>true</td>
	</tr>
	<tr>
		<td>check</td>
		<td>message</td>
		<td>Game over.</td>
		<td>was printed</td>
		<td>true</td>
	</tr>
	<tr>
		<td>check</td>
		<td>game terminated</td>
		<td colspan="3">true</td>
	</tr>
</table>
]]></content>
    <relativePageName>FallInPit</relativePageName>
    
        <tables>
            <table>
        <name>import_0</name>
                <row>
                    <col><![CDATA[Import]]></col>
          
        </row>
                <row>
                    <col><![CDATA[HuntTheWumpusDotNet.fixtures]]></col>
          
        </row>
        
      </table>
            <table>
        <name>scriptTable_1</name>
                <row>
                    <col><![CDATA[script]]></col>
                    <col><![CDATA[pass(HuntTheWumpusDotNet.fixtures.GameDriver)]]></col>
          
        </row>
        
      </table>
            <table>
        <name>decisionTable_2</name>
                <row>
                    <col><![CDATA[pass(Make map)]]></col>
          
        </row>
                <row>
                    <col><![CDATA[start]]></col>
                    <col><![CDATA[end]]></col>
                    <col><![CDATA[direction]]></col>
          
        </row>
                <row>
                    <col><![CDATA[1]]></col>
                    <col><![CDATA[2]]></col>
                    <col><![CDATA[E]]></col>
          
        </row>
        
      </table>
            <table>
        <name>decisionTable_3</name>
                <row>
                    <col><![CDATA[<span class="fail">put: Bad table: <br/><pre>fitnesse.slimTables.SlimTable$SyntaxError: Table has 4 header column(s), but row 2 only has 2 column(s).
	at fitnesse.slimTables.DecisionTable$DecisionTableCaller.checkRow(DecisionTable.java:87)
	at fitnesse.slimTables.DecisionTable$FixtureCaller.invokeRow(DecisionTable.java:136)
	at fitnesse.slimTables.DecisionTable$FixtureCaller.invokeRows(DecisionTable.java:131)
	at fitnesse.slimTables.DecisionTable$FixtureCaller.call(DecisionTable.java:124)
	at fitnesse.slimTables.DecisionTable.appendInstructions(DecisionTable.java:34)
	at fitnesse.slimTables.SlimTable.appendInstructions(SlimTable.java:87)
	at fitnesse.responders.run.slimResponder.SlimTestSystem.createInstructions(SlimTestSystem.java:350)
	at fitnesse.responders.run.slimResponder.SlimTestSystem.processTablesAndGetHtml(SlimTestSystem.java:332)
	at fitnesse.responders.run.slimResponder.SlimTestSystem.processAllTablesOnPage(SlimTestSystem.java:319)
	at fitnesse.responders.run.slimResponder.SlimTestSystem.runTestsAndGenerateHtml(SlimTestSystem.java:258)
	at fitnesse.responders.run.MultipleTestsRunner.executeTestSystemPages(MultipleTestsRunner.java:128)
	at fitnesse.responders.run.MultipleTestsRunner.startTestSystemAndExecutePages(MultipleTestsRunner.java:112)
	at fitnesse.responders.run.MultipleTestsRunner.internalExecuteTestPages(MultipleTestsRunner.java:88)
	at fitnesse.responders.run.MultipleTestsRunner.executeTestPages(MultipleTestsRunner.java:60)
	at fitnesse.responders.run.SuiteResponder.performExecution(SuiteResponder.java:57)
	at fitnesse.responders.run.TestResponder.doExecuteTests(TestResponder.java:72)
	at fitnesse.responders.run.TestResponder$TestExecutor.execute(TestResponder.java:106)
	at sun.reflect.GeneratedMethodAccessor61.invoke(Unknown Source)
	at sun.reflect.DelegatingMethodAccessorImpl.invoke(Unknown Source)
	at java.lang.reflect.Method.invoke(Unknown Source)
	at org.apache.velocity.util.introspection.UberspectImpl$VelMethodImpl.doInvoke(UberspectImpl.java:395)
	at org.apache.velocity.util.introspection.UberspectImpl$VelMethodImpl.invoke(UberspectImpl.java:384)
	at org.apache.velocity.runtime.parser.node.ASTMethod.execute(ASTMethod.java:173)
	at org.apache.velocity.runtime.parser.node.ASTReference.execute(ASTReference.java:280)
	at org.apache.velocity.runtime.parser.node.ASTReference.render(ASTReference.java:369)
	at org.apache.velocity.runtime.parser.node.SimpleNode.render(SimpleNode.java:342)
	at org.apache.velocity.runtime.directive.Parse.render(Parse.java:260)
	at org.apache.velocity.runtime.parser.node.ASTDirective.render(ASTDirective.java:207)
	at org.apache.velocity.runtime.parser.node.SimpleNode.render(SimpleNode.java:342)
	at org.apache.velocity.Template.merge(Template.java:356)
	at org.apache.velocity.Template.merge(Template.java:260)
	at fitnesse.responders.templateUtilities.HtmlPage.render(HtmlPage.java:80)
	at fitnesse.responders.run.TestResponder.doSending(TestResponder.java:61)
	at fitnesse.responders.ChunkingResponder.startSending(ChunkingResponder.java:66)
	at fitnesse.http.ChunkedResponse.sendTo(ChunkedResponse.java:26)
	at fitnesse.FitNesseExpediter.sendResponse(FitNesseExpediter.java:96)
	at fitnesse.FitNesseExpediter.start(FitNesseExpediter.java:48)
	at fitnesse.FitNesseServer.serve(FitNesseServer.java:24)
	at fitnesse.FitNesseServer.serve(FitNesseServer.java:17)
	at fitnesse.socketservice.SocketService$ServerRunner.run(SocketService.java:109)
	at java.lang.Thread.run(Unknown Source)
</pre></span> <span class="error">Could not find class put</span>]]></col>
                    <col><![CDATA[player]]></col>
                    <col><![CDATA[in cavern]]></col>
                    <col><![CDATA[1]]></col>
          
        </row>
                <row>
                    <col><![CDATA[put]]></col>
                    <col><![CDATA[pit]]></col>
                    <col><![CDATA[in cavern]]></col>
                    <col><![CDATA[2]]></col>
          
        </row>
                <row>
                    <col><![CDATA[enter command]]></col>
                    <col><![CDATA[e]]></col>
          
        </row>
                <row>
                    <col><![CDATA[check]]></col>
                    <col><![CDATA[message]]></col>
                    <col><![CDATA[You fall into a pit and die.]]></col>
                    <col><![CDATA[was printed]]></col>
                    <col><![CDATA[true]]></col>
          
        </row>
                <row>
                    <col><![CDATA[check]]></col>
                    <col><![CDATA[message]]></col>
                    <col><![CDATA[Game over.]]></col>
                    <col><![CDATA[was printed]]></col>
                    <col><![CDATA[true]]></col>
          
        </row>
                <row>
                    <col><![CDATA[check]]></col>
                    <col><![CDATA[game terminated]]></col>
                    <col><![CDATA[true]]></col>
          
        </row>
        
      </table>
      
    </tables>
    
    
    <instructions>
            <instructionResult>
        <instruction><![CDATA[[import_0_0, import, HuntTheWumpusDotNet.fixtures]]]></instruction>
        <slimResult><![CDATA[OK]]></slimResult>
        
      </instructionResult>
            <instructionResult>
        <instruction><![CDATA[[scriptTable_1_0, make, scriptTableActor, HuntTheWumpusDotNet.fixtures.GameDriver]]]></instruction>
        <slimResult><![CDATA[OK]]></slimResult>
                <expectation>
          <status>right</status>
          <instructionId>scriptTable_1_0</instructionId>
          <col>1</col>
          <row>0</row>
          <type>ConstructionExpectation</type>
                    <actual><![CDATA[OK]]></actual>
                              <expected><![CDATA[HuntTheWumpusDotNet.fixtures.GameDriver]]></expected>
                              <evaluationMessage><![CDATA[pass(HuntTheWumpusDotNet.fixtures.GameDriver)]]></evaluationMessage>
                  </expectation>
        
      </instructionResult>
            <instructionResult>
        <instruction><![CDATA[[decisionTable_2_0, make, decisionTable_2, MakeMap]]]></instruction>
        <slimResult><![CDATA[OK]]></slimResult>
                <expectation>
          <status>right</status>
          <instructionId>decisionTable_2_0</instructionId>
          <col>0</col>
          <row>0</row>
          <type>ConstructionExpectation</type>
                    <actual><![CDATA[OK]]></actual>
                              <expected><![CDATA[Make map]]></expected>
                              <evaluationMessage><![CDATA[pass(Make map)]]></evaluationMessage>
                  </expectation>
        
      </instructionResult>
            <instructionResult>
        <instruction><![CDATA[[decisionTable_2_1, call, decisionTable_2, table, [[start, end, direction], [1, 2, E]]]]]></instruction>
        <slimResult><![CDATA[__EXCEPTION__:message:<<NO_METHOD_IN_CLASS table HuntTheWumpusDotNet.fixtures.MakeMap>> fitSharp.Machine.Exception.MemberMissingException: Member 'table' with 1 parameter(s) not found for type 'HuntTheWumpusDotNet.fixtures.MakeMap'.
   at fitSharp.Machine.Model.TypedValue.ThrowExceptionIfNotValid()
   at fitSharp.Slim.Operators.ExecuteCall.ExecuteOperation(Tree`1 parameters)
   at fitSharp.Slim.Operators.InvokeInstructionBase.Invoke(TypedValue instance, MemberName memberName, Tree`1 parameters)]]></slimResult>
        
      </instructionResult>
            <instructionResult>
        <instruction><![CDATA[[decisionTable_2_2, call, decisionTable_2, beginTable]]]></instruction>
        <slimResult><![CDATA[__EXCEPTION__:message:<<NO_METHOD_IN_CLASS begintable HuntTheWumpusDotNet.fixtures.MakeMap>> fitSharp.Machine.Exception.MemberMissingException: Member 'begintable' with 0 parameter(s) not found for type 'HuntTheWumpusDotNet.fixtures.MakeMap'.
   at fitSharp.Machine.Model.TypedValue.ThrowExceptionIfNotValid()
   at fitSharp.Slim.Operators.ExecuteCall.ExecuteOperation(Tree`1 parameters)
   at fitSharp.Slim.Operators.InvokeInstructionBase.Invoke(TypedValue instance, MemberName memberName, Tree`1 parameters)]]></slimResult>
        
      </instructionResult>
            <instructionResult>
        <instruction><![CDATA[[decisionTable_2_3, call, decisionTable_2, reset]]]></instruction>
        <slimResult><![CDATA[__EXCEPTION__:message:<<NO_METHOD_IN_CLASS reset HuntTheWumpusDotNet.fixtures.MakeMap>> fitSharp.Machine.Exception.MemberMissingException: Member 'reset' with 0 parameter(s) not found for type 'HuntTheWumpusDotNet.fixtures.MakeMap'.
   at fitSharp.Machine.Model.TypedValue.ThrowExceptionIfNotValid()
   at fitSharp.Slim.Operators.ExecuteCall.ExecuteOperation(Tree`1 parameters)
   at fitSharp.Slim.Operators.InvokeInstructionBase.Invoke(TypedValue instance, MemberName memberName, Tree`1 parameters)]]></slimResult>
        
      </instructionResult>
            <instructionResult>
        <instruction><![CDATA[[decisionTable_2_4, call, decisionTable_2, setStart, 1]]]></instruction>
        <slimResult><![CDATA[/__VOID__/]]></slimResult>
                <expectation>
          <status>ignored</status>
          <instructionId>decisionTable_2_4</instructionId>
          <col>0</col>
          <row>2</row>
          <type>VoidReturnExpectation</type>
                    <actual><![CDATA[/__VOID__/]]></actual>
                              <expected><![CDATA[1]]></expected>
                              <evaluationMessage><![CDATA[1]]></evaluationMessage>
                  </expectation>
        
      </instructionResult>
            <instructionResult>
        <instruction><![CDATA[[decisionTable_2_5, call, decisionTable_2, setEnd, 2]]]></instruction>
        <slimResult><![CDATA[/__VOID__/]]></slimResult>
                <expectation>
          <status>ignored</status>
          <instructionId>decisionTable_2_5</instructionId>
          <col>1</col>
          <row>2</row>
          <type>VoidReturnExpectation</type>
                    <actual><![CDATA[/__VOID__/]]></actual>
                              <expected><![CDATA[2]]></expected>
                              <evaluationMessage><![CDATA[2]]></evaluationMessage>
                  </expectation>
        
      </instructionResult>
            <instructionResult>
        <instruction><![CDATA[[decisionTable_2_6, call, decisionTable_2, setDirection, E]]]></instruction>
        <slimResult><![CDATA[/__VOID__/]]></slimResult>
                <expectation>
          <status>ignored</status>
          <instructionId>decisionTable_2_6</instructionId>
          <col>2</col>
          <row>2</row>
          <type>VoidReturnExpectation</type>
                    <actual><![CDATA[/__VOID__/]]></actual>
                              <expected><![CDATA[E]]></expected>
                              <evaluationMessage><![CDATA[E]]></evaluationMessage>
                  </expectation>
        
      </instructionResult>
            <instructionResult>
        <instruction><![CDATA[[decisionTable_2_7, call, decisionTable_2, execute]]]></instruction>
        <slimResult><![CDATA[/__VOID__/]]></slimResult>
        
      </instructionResult>
            <instructionResult>
        <instruction><![CDATA[[decisionTable_2_8, call, decisionTable_2, endTable]]]></instruction>
        <slimResult><![CDATA[__EXCEPTION__:message:<<NO_METHOD_IN_CLASS endtable HuntTheWumpusDotNet.fixtures.MakeMap>> fitSharp.Machine.Exception.MemberMissingException: Member 'endtable' with 0 parameter(s) not found for type 'HuntTheWumpusDotNet.fixtures.MakeMap'.
   at fitSharp.Machine.Model.TypedValue.ThrowExceptionIfNotValid()
   at fitSharp.Slim.Operators.ExecuteCall.ExecuteOperation(Tree`1 parameters)
   at fitSharp.Slim.Operators.InvokeInstructionBase.Invoke(TypedValue instance, MemberName memberName, Tree`1 parameters)]]></slimResult>
        
      </instructionResult>
            <instructionResult>
        <instruction><![CDATA[[decisionTable_3_0, make, decisionTable_3, put, player, in cavern, 1]]]></instruction>
        <slimResult><![CDATA[!error:Could not find class put]]></slimResult>
                <expectation>
          <status>ignored</status>
          <instructionId>decisionTable_3_0</instructionId>
          <col>0</col>
          <row>0</row>
          <type>ConstructionExpectation</type>
                    <actual><![CDATA[!error:Could not find class put]]></actual>
                              <expected><![CDATA[<span class="fail">put: Bad table: <br/><pre>fitnesse.slimTables.SlimTable$SyntaxError: Table has 4 header column(s), but row 2 only has 2 column(s).
	at fitnesse.slimTables.DecisionTable$DecisionTableCaller.checkRow(DecisionTable.java:87)
	at fitnesse.slimTables.DecisionTable$FixtureCaller.invokeRow(DecisionTable.java:136)
	at fitnesse.slimTables.DecisionTable$FixtureCaller.invokeRows(DecisionTable.java:131)
	at fitnesse.slimTables.DecisionTable$FixtureCaller.call(DecisionTable.java:124)
	at fitnesse.slimTables.DecisionTable.appendInstructions(DecisionTable.java:34)
	at fitnesse.slimTables.SlimTable.appendInstructions(SlimTable.java:87)
	at fitnesse.responders.run.slimResponder.SlimTestSystem.createInstructions(SlimTestSystem.java:350)
	at fitnesse.responders.run.slimResponder.SlimTestSystem.processTablesAndGetHtml(SlimTestSystem.java:332)
	at fitnesse.responders.run.slimResponder.SlimTestSystem.processAllTablesOnPage(SlimTestSystem.java:319)
	at fitnesse.responders.run.slimResponder.SlimTestSystem.runTestsAndGenerateHtml(SlimTestSystem.java:258)
	at fitnesse.responders.run.MultipleTestsRunner.executeTestSystemPages(MultipleTestsRunner.java:128)
	at fitnesse.responders.run.MultipleTestsRunner.startTestSystemAndExecutePages(MultipleTestsRunner.java:112)
	at fitnesse.responders.run.MultipleTestsRunner.internalExecuteTestPages(MultipleTestsRunner.java:88)
	at fitnesse.responders.run.MultipleTestsRunner.executeTestPages(MultipleTestsRunner.java:60)
	at fitnesse.responders.run.SuiteResponder.performExecution(SuiteResponder.java:57)
	at fitnesse.responders.run.TestResponder.doExecuteTests(TestResponder.java:72)
	at fitnesse.responders.run.TestResponder$TestExecutor.execute(TestResponder.java:106)
	at sun.reflect.GeneratedMethodAccessor61.invoke(Unknown Source)
	at sun.reflect.DelegatingMethodAccessorImpl.invoke(Unknown Source)
	at java.lang.reflect.Method.invoke(Unknown Source)
	at org.apache.velocity.util.introspection.UberspectImpl$VelMethodImpl.doInvoke(UberspectImpl.java:395)
	at org.apache.velocity.util.introspection.UberspectImpl$VelMethodImpl.invoke(UberspectImpl.java:384)
	at org.apache.velocity.runtime.parser.node.ASTMethod.execute(ASTMethod.java:173)
	at org.apache.velocity.runtime.parser.node.ASTReference.execute(ASTReference.java:280)
	at org.apache.velocity.runtime.parser.node.ASTReference.render(ASTReference.java:369)
	at org.apache.velocity.runtime.parser.node.SimpleNode.render(SimpleNode.java:342)
	at org.apache.velocity.runtime.directive.Parse.render(Parse.java:260)
	at org.apache.velocity.runtime.parser.node.ASTDirective.render(ASTDirective.java:207)
	at org.apache.velocity.runtime.parser.node.SimpleNode.render(SimpleNode.java:342)
	at org.apache.velocity.Template.merge(Template.java:356)
	at org.apache.velocity.Template.merge(Template.java:260)
	at fitnesse.responders.templateUtilities.HtmlPage.render(HtmlPage.java:80)
	at fitnesse.responders.run.TestResponder.doSending(TestResponder.java:61)
	at fitnesse.responders.ChunkingResponder.startSending(ChunkingResponder.java:66)
	at fitnesse.http.ChunkedResponse.sendTo(ChunkedResponse.java:26)
	at fitnesse.FitNesseExpediter.sendResponse(FitNesseExpediter.java:96)
	at fitnesse.FitNesseExpediter.start(FitNesseExpediter.java:48)
	at fitnesse.FitNesseServer.serve(FitNesseServer.java:24)
	at fitnesse.FitNesseServer.serve(FitNesseServer.java:17)
	at fitnesse.socketservice.SocketService$ServerRunner.run(SocketService.java:109)
	at java.lang.Thread.run(Unknown Source)
</pre></span>]]></expected>
                              <evaluationMessage><![CDATA[<span class="fail">put: Bad table: <br/><pre>fitnesse.slimTables.SlimTable$SyntaxError: Table has 4 header column(s), but row 2 only has 2 column(s).
	at fitnesse.slimTables.DecisionTable$DecisionTableCaller.checkRow(DecisionTable.java:87)
	at fitnesse.slimTables.DecisionTable$FixtureCaller.invokeRow(DecisionTable.java:136)
	at fitnesse.slimTables.DecisionTable$FixtureCaller.invokeRows(DecisionTable.java:131)
	at fitnesse.slimTables.DecisionTable$FixtureCaller.call(DecisionTable.java:124)
	at fitnesse.slimTables.DecisionTable.appendInstructions(DecisionTable.java:34)
	at fitnesse.slimTables.SlimTable.appendInstructions(SlimTable.java:87)
	at fitnesse.responders.run.slimResponder.SlimTestSystem.createInstructions(SlimTestSystem.java:350)
	at fitnesse.responders.run.slimResponder.SlimTestSystem.processTablesAndGetHtml(SlimTestSystem.java:332)
	at fitnesse.responders.run.slimResponder.SlimTestSystem.processAllTablesOnPage(SlimTestSystem.java:319)
	at fitnesse.responders.run.slimResponder.SlimTestSystem.runTestsAndGenerateHtml(SlimTestSystem.java:258)
	at fitnesse.responders.run.MultipleTestsRunner.executeTestSystemPages(MultipleTestsRunner.java:128)
	at fitnesse.responders.run.MultipleTestsRunner.startTestSystemAndExecutePages(MultipleTestsRunner.java:112)
	at fitnesse.responders.run.MultipleTestsRunner.internalExecuteTestPages(MultipleTestsRunner.java:88)
	at fitnesse.responders.run.MultipleTestsRunner.executeTestPages(MultipleTestsRunner.java:60)
	at fitnesse.responders.run.SuiteResponder.performExecution(SuiteResponder.java:57)
	at fitnesse.responders.run.TestResponder.doExecuteTests(TestResponder.java:72)
	at fitnesse.responders.run.TestResponder$TestExecutor.execute(TestResponder.java:106)
	at sun.reflect.GeneratedMethodAccessor61.invoke(Unknown Source)
	at sun.reflect.DelegatingMethodAccessorImpl.invoke(Unknown Source)
	at java.lang.reflect.Method.invoke(Unknown Source)
	at org.apache.velocity.util.introspection.UberspectImpl$VelMethodImpl.doInvoke(UberspectImpl.java:395)
	at org.apache.velocity.util.introspection.UberspectImpl$VelMethodImpl.invoke(UberspectImpl.java:384)
	at org.apache.velocity.runtime.parser.node.ASTMethod.execute(ASTMethod.java:173)
	at org.apache.velocity.runtime.parser.node.ASTReference.execute(ASTReference.java:280)
	at org.apache.velocity.runtime.parser.node.ASTReference.render(ASTReference.java:369)
	at org.apache.velocity.runtime.parser.node.SimpleNode.render(SimpleNode.java:342)
	at org.apache.velocity.runtime.directive.Parse.render(Parse.java:260)
	at org.apache.velocity.runtime.parser.node.ASTDirective.render(ASTDirective.java:207)
	at org.apache.velocity.runtime.parser.node.SimpleNode.render(SimpleNode.java:342)
	at org.apache.velocity.Template.merge(Template.java:356)
	at org.apache.velocity.Template.merge(Template.java:260)
	at fitnesse.responders.templateUtilities.HtmlPage.render(HtmlPage.java:80)
	at fitnesse.responders.run.TestResponder.doSending(TestResponder.java:61)
	at fitnesse.responders.ChunkingResponder.startSending(ChunkingResponder.java:66)
	at fitnesse.http.ChunkedResponse.sendTo(ChunkedResponse.java:26)
	at fitnesse.FitNesseExpediter.sendResponse(FitNesseExpediter.java:96)
	at fitnesse.FitNesseExpediter.start(FitNesseExpediter.java:48)
	at fitnesse.FitNesseServer.serve(FitNesseServer.java:24)
	at fitnesse.FitNesseServer.serve(FitNesseServer.java:17)
	at fitnesse.socketservice.SocketService$ServerRunner.run(SocketService.java:109)
	at java.lang.Thread.run(Unknown Source)
</pre></span> <span class="error">Could not find class put</span>]]></evaluationMessage>
                  </expectation>
        
      </instructionResult>
            <instructionResult>
        <instruction><![CDATA[[decisionTable_3_1, call, decisionTable_3, table, [[put, pit, in cavern, 2], [enter command, e], [check, message, You fall into a pit and die., was printed, true], [check, message, Game over., was printed, true], [check, game terminated, true]]]]]></instruction>
        <slimResult><![CDATA[__EXCEPTION__:message:<<NO_METHOD_IN_CLASS table fitSharp.Slim.Operators.InvokeInstructionBase+NullInstance>> fitSharp.Machine.Exception.MemberMissingException: Member 'table' with 1 parameter(s) not found for type 'fitSharp.Slim.Operators.InvokeInstructionBase+NullInstance'.
   at fitSharp.Machine.Model.TypedValue.ThrowExceptionIfNotValid()
   at fitSharp.Slim.Operators.ExecuteCall.ExecuteOperation(Tree`1 parameters)
   at fitSharp.Slim.Operators.InvokeInstructionBase.Invoke(TypedValue instance, MemberName memberName, Tree`1 parameters)]]></slimResult>
                <expectation>
          <status>ignored</status>
          <instructionId>decisionTable_3_1</instructionId>
          <col>1</col>
          <row>0</row>
          <type>VoidReturnExpectation</type>
                    <actual><![CDATA[__EXCEPTION__:message:<<NO_METHOD_IN_CLASS table fitSharp.Slim.Operators.InvokeInstructionBase+NullInstance>> fitSharp.Machine.Exception.MemberMissingException: Member 'table' with 1 parameter(s) not found for type 'fitSharp.Slim.Operators.InvokeInstructionBase+NullInstance'.
   at fitSharp.Machine.Model.TypedValue.ThrowExceptionIfNotValid()
   at fitSharp.Slim.Operators.ExecuteCall.ExecuteOperation(Tree`1 parameters)
   at fitSharp.Slim.Operators.InvokeInstructionBase.Invoke(TypedValue instance, MemberName memberName, Tree`1 parameters)]]></actual>
                              <expected><![CDATA[player]]></expected>
                              <evaluationMessage><![CDATA[player]]></evaluationMessage>
                  </expectation>
                <expectation>
          <status>ignored</status>
          <instructionId>decisionTable_3_1</instructionId>
          <col>2</col>
          <row>0</row>
          <type>VoidReturnExpectation</type>
                    <actual><![CDATA[__EXCEPTION__:message:<<NO_METHOD_IN_CLASS table fitSharp.Slim.Operators.InvokeInstructionBase+NullInstance>> fitSharp.Machine.Exception.MemberMissingException: Member 'table' with 1 parameter(s) not found for type 'fitSharp.Slim.Operators.InvokeInstructionBase+NullInstance'.
   at fitSharp.Machine.Model.TypedValue.ThrowExceptionIfNotValid()
   at fitSharp.Slim.Operators.ExecuteCall.ExecuteOperation(Tree`1 parameters)
   at fitSharp.Slim.Operators.InvokeInstructionBase.Invoke(TypedValue instance, MemberName memberName, Tree`1 parameters)]]></actual>
                              <expected><![CDATA[in cavern]]></expected>
                              <evaluationMessage><![CDATA[in cavern]]></evaluationMessage>
                  </expectation>
                <expectation>
          <status>ignored</status>
          <instructionId>decisionTable_3_1</instructionId>
          <col>3</col>
          <row>0</row>
          <type>VoidReturnExpectation</type>
                    <actual><![CDATA[__EXCEPTION__:message:<<NO_METHOD_IN_CLASS table fitSharp.Slim.Operators.InvokeInstructionBase+NullInstance>> fitSharp.Machine.Exception.MemberMissingException: Member 'table' with 1 parameter(s) not found for type 'fitSharp.Slim.Operators.InvokeInstructionBase+NullInstance'.
   at fitSharp.Machine.Model.TypedValue.ThrowExceptionIfNotValid()
   at fitSharp.Slim.Operators.ExecuteCall.ExecuteOperation(Tree`1 parameters)
   at fitSharp.Slim.Operators.InvokeInstructionBase.Invoke(TypedValue instance, MemberName memberName, Tree`1 parameters)]]></actual>
                              <expected><![CDATA[1]]></expected>
                              <evaluationMessage><![CDATA[1]]></evaluationMessage>
                  </expectation>
        
      </instructionResult>
            <instructionResult>
        <instruction><![CDATA[[decisionTable_3_2, call, decisionTable_3, beginTable]]]></instruction>
        <slimResult><![CDATA[__EXCEPTION__:message:<<NO_METHOD_IN_CLASS begintable fitSharp.Slim.Operators.InvokeInstructionBase+NullInstance>> fitSharp.Machine.Exception.MemberMissingException: Member 'begintable' with 0 parameter(s) not found for type 'fitSharp.Slim.Operators.InvokeInstructionBase+NullInstance'.
   at fitSharp.Machine.Model.TypedValue.ThrowExceptionIfNotValid()
   at fitSharp.Slim.Operators.ExecuteCall.ExecuteOperation(Tree`1 parameters)
   at fitSharp.Slim.Operators.InvokeInstructionBase.Invoke(TypedValue instance, MemberName memberName, Tree`1 parameters)]]></slimResult>
        
      </instructionResult>
      
    </instructions>
    
  </result>
  
    <finalCounts>
    <right>0</right>
    <wrong>0</wrong>
    <ignores>0</ignores>
    <exceptions>0</exceptions>
  </finalCounts>
  <totalRunTimeInMillis>0</totalRunTimeInMillis>
  
</testResults>

