<?xml version="1.0"?>
<testResults>
  <FitNesseVersion>v20121220</FitNesseVersion>
  <rootPath>TestPossibleDirectionsAreReported</rootPath>
    <result>
    <counts>
      <right>7</right>
      <wrong>4</wrong>
      <ignores>0</ignores>
      <exceptions>13</exceptions>
    </counts>
    <runTimeInMillis>4</runTimeInMillis>
    <content><![CDATA[<br/><div class="collapsible closed"><ul><li><a href='#' class='expandall'>Expand All</a></li><li><a href='#' class='collapseall'>Collapse All</a></li></ul>
	<p class="title">Included page: <a href="HuntTheWumpus.SetUp">.HuntTheWumpus.SetUp</a> <a href="HuntTheWumpus.SetUp?edit&amp;redirectToReferer=true&amp;redirectAction=" class="edit">(edit)</a></p>
	<div><table>
	<tr>
		<td colspan="2"><span class="fit_interpreter">fitlibrary.DoFixture</span></td>
	</tr>
	<tr>
		<td><span class="fit_keyword">start</span></td>
		<td><span class="fit_SUT">HuntTheWumpusDotNet.fixtures.GameDriver</span></td>
	</tr>
</table>
<br/><table>
	<tr>
		<td><span class="fit_interpreter">Import</span></td>
	</tr>
	<tr>
		<td>fit</td>
	</tr>
	<tr>
		<td>HuntTheWumpusDotNet.fixtures</td>
	</tr>
</table>
</div>
</div>
<br/>At the beginning of each turn the game reports the directions that the player can go in.<br/>Directions are listed in the order of north, south, east, west.<br/><br/><div class="collapsible"><ul><li><a href='#' class='expandall'>Expand All</a></li><li><a href='#' class='collapseall'>Collapse All</a></li></ul>
	<p class="title">Included page: <a href="HuntTheWumpus.AllRequirements.IterationOne.NavigatePlayer.DonutMap">DonutMap</a> <a href="HuntTheWumpus.AllRequirements.IterationOne.NavigatePlayer.DonutMap?edit&amp;redirectToReferer=true&amp;redirectAction=" class="edit">(edit)</a></p>
	<div><table>
	<tr>
		<td colspan="3"><span class="fit_interpreter">Make map</span></td>
	</tr>
	<tr>
		<td><span class="fit_member">start</span></td>
		<td><span class="fit_member">end</span></td>
		<td><span class="fit_member">direction</span></td>
	</tr>
	<tr>
		<td>1</td>
		<td>2</td>
		<td>E</td>
	</tr>
	<tr>
		<td>2</td>
		<td>3</td>
		<td>E</td>
	</tr>
	<tr>
		<td>3</td>
		<td>4</td>
		<td>S</td>
	</tr>
	<tr>
		<td>4</td>
		<td>5</td>
		<td>S</td>
	</tr>
	<tr>
		<td>5</td>
		<td>6</td>
		<td>W</td>
	</tr>
	<tr>
		<td>6</td>
		<td>7</td>
		<td>W</td>
	</tr>
	<tr>
		<td>7</td>
		<td>8</td>
		<td>N</td>
	</tr>
	<tr>
		<td>8</td>
		<td>1</td>
		<td>N</td>
	</tr>
</table>
</div>
</div>
<br/><br/><table>
	<tr>
		<td><span class="fit_member">put</span></td>
		<td>player</td>
		<td><span class="fit_member">in cavern</span></td>
		<td colspan="2">1</td>
	</tr>
	<tr>
		<td class="fail"><span class="fit_member">enter command</span></td>
		<td colspan="4">Rest</td>
	</tr>
	<tr>
		<td><span class="fit_keyword">check</span></td>
		<td class="error"><span class="fit_member">message</span><hr /><pre><div class="fit_stacktrace">fitSharp.Machine.Exception.MemberMissingException: Member 'messagewasprinted' with 1 parameter(s) not found for type 'fitlibrary.DoFixture'.
   at fitSharp.Machine.Engine.ReflectionMember.Invoke(Object[] parameters)
   at fitSharp.Machine.Engine.ProcessorBase`2.Operate[O](Object[] parameters)
   at fitSharp.Fit.Engine.CellProcessorExtension.Check(CellProcessor processor, Object systemUnderTest, Tree`1 memberName, Tree`1 parameters, Tree`1 expectedCell)
   at fit.Fixtures.FlowKeywords.DoCheckOperation(Tree`1 expectedValue, Tree`1 cells)
   at fit.Fixtures.FlowKeywords.Check(Parse theCells)</div></pre></td>
		<td>You can go south and east from here.</td>
		<td><span class="fit_member">was printed</span></td>
		<td>true</td>
	</tr>
</table>
<br/><table>
	<tr>
		<td class="pass"><span class="fit_member">enter command</span></td>
		<td colspan="4">East</td>
	</tr>
	<tr>
		<td><span class="fit_keyword">check</span></td>
		<td class="error"><span class="fit_member">message</span><hr /><pre><div class="fit_stacktrace">fitSharp.Machine.Exception.MemberMissingException: Member 'messagewasprinted' with 1 parameter(s) not found for type 'fitlibrary.DoFixture'.
   at fitSharp.Machine.Engine.ReflectionMember.Invoke(Object[] parameters)
   at fitSharp.Machine.Engine.ProcessorBase`2.Operate[O](Object[] parameters)
   at fitSharp.Fit.Engine.CellProcessorExtension.Check(CellProcessor processor, Object systemUnderTest, Tree`1 memberName, Tree`1 parameters, Tree`1 expectedCell)
   at fit.Fixtures.FlowKeywords.DoCheckOperation(Tree`1 expectedValue, Tree`1 cells)
   at fit.Fixtures.FlowKeywords.Check(Parse theCells)</div></pre></td>
		<td>You can go east and west from here.</td>
		<td><span class="fit_member">was printed</span></td>
		<td>true</td>
	</tr>
</table>
<br/><table>
	<tr>
		<td class="pass"><span class="fit_member">enter command</span></td>
		<td colspan="4">East</td>
	</tr>
	<tr>
		<td><span class="fit_keyword">check</span></td>
		<td class="error"><span class="fit_member">message</span><hr /><pre><div class="fit_stacktrace">fitSharp.Machine.Exception.MemberMissingException: Member 'messagewasprinted' with 1 parameter(s) not found for type 'fitlibrary.DoFixture'.
   at fitSharp.Machine.Engine.ReflectionMember.Invoke(Object[] parameters)
   at fitSharp.Machine.Engine.ProcessorBase`2.Operate[O](Object[] parameters)
   at fitSharp.Fit.Engine.CellProcessorExtension.Check(CellProcessor processor, Object systemUnderTest, Tree`1 memberName, Tree`1 parameters, Tree`1 expectedCell)
   at fit.Fixtures.FlowKeywords.DoCheckOperation(Tree`1 expectedValue, Tree`1 cells)
   at fit.Fixtures.FlowKeywords.Check(Parse theCells)</div></pre></td>
		<td>You can go south and west from here.</td>
		<td><span class="fit_member">was printed</span></td>
		<td>true</td>
	</tr>
</table>
<br/><table>
	<tr>
		<td class="pass"><span class="fit_member">enter command</span></td>
		<td colspan="4">South</td>
	</tr>
	<tr>
		<td><span class="fit_keyword">check</span></td>
		<td class="error"><span class="fit_member">message</span><hr /><pre><div class="fit_stacktrace">fitSharp.Machine.Exception.MemberMissingException: Member 'messagewasprinted' with 1 parameter(s) not found for type 'fitlibrary.DoFixture'.
   at fitSharp.Machine.Engine.ReflectionMember.Invoke(Object[] parameters)
   at fitSharp.Machine.Engine.ProcessorBase`2.Operate[O](Object[] parameters)
   at fitSharp.Fit.Engine.CellProcessorExtension.Check(CellProcessor processor, Object systemUnderTest, Tree`1 memberName, Tree`1 parameters, Tree`1 expectedCell)
   at fit.Fixtures.FlowKeywords.DoCheckOperation(Tree`1 expectedValue, Tree`1 cells)
   at fit.Fixtures.FlowKeywords.Check(Parse theCells)</div></pre></td>
		<td>You can go north and south from here.</td>
		<td><span class="fit_member">was printed</span></td>
		<td>true</td>
	</tr>
</table>
<br/><table>
	<tr>
		<td class="pass"><span class="fit_member">enter command</span></td>
		<td colspan="4">South</td>
	</tr>
	<tr>
		<td><span class="fit_keyword">check</span></td>
		<td class="error"><span class="fit_member">message</span><hr /><pre><div class="fit_stacktrace">fitSharp.Machine.Exception.MemberMissingException: Member 'messagewasprinted' with 1 parameter(s) not found for type 'fitlibrary.DoFixture'.
   at fitSharp.Machine.Engine.ReflectionMember.Invoke(Object[] parameters)
   at fitSharp.Machine.Engine.ProcessorBase`2.Operate[O](Object[] parameters)
   at fitSharp.Fit.Engine.CellProcessorExtension.Check(CellProcessor processor, Object systemUnderTest, Tree`1 memberName, Tree`1 parameters, Tree`1 expectedCell)
   at fit.Fixtures.FlowKeywords.DoCheckOperation(Tree`1 expectedValue, Tree`1 cells)
   at fit.Fixtures.FlowKeywords.Check(Parse theCells)</div></pre></td>
		<td>You can go north and west from here.</td>
		<td><span class="fit_member">was printed</span></td>
		<td>true</td>
	</tr>
</table>
<br/><table>
	<tr>
		<td class="pass"><span class="fit_member">enter command</span></td>
		<td colspan="4">West</td>
	</tr>
	<tr>
		<td><span class="fit_keyword">check</span></td>
		<td class="error"><span class="fit_member">message</span><hr /><pre><div class="fit_stacktrace">fitSharp.Machine.Exception.MemberMissingException: Member 'messagewasprinted' with 1 parameter(s) not found for type 'fitlibrary.DoFixture'.
   at fitSharp.Machine.Engine.ReflectionMember.Invoke(Object[] parameters)
   at fitSharp.Machine.Engine.ProcessorBase`2.Operate[O](Object[] parameters)
   at fitSharp.Fit.Engine.CellProcessorExtension.Check(CellProcessor processor, Object systemUnderTest, Tree`1 memberName, Tree`1 parameters, Tree`1 expectedCell)
   at fit.Fixtures.FlowKeywords.DoCheckOperation(Tree`1 expectedValue, Tree`1 cells)
   at fit.Fixtures.FlowKeywords.Check(Parse theCells)</div></pre></td>
		<td>You can go east and west from here.</td>
		<td><span class="fit_member">was printed</span></td>
		<td>true</td>
	</tr>
</table>
<br/><table>
	<tr>
		<td class="pass"><span class="fit_member">enter command</span></td>
		<td colspan="4">West</td>
	</tr>
	<tr>
		<td><span class="fit_keyword">check</span></td>
		<td class="error"><span class="fit_member">message</span><hr /><pre><div class="fit_stacktrace">fitSharp.Machine.Exception.MemberMissingException: Member 'messagewasprinted' with 1 parameter(s) not found for type 'fitlibrary.DoFixture'.
   at fitSharp.Machine.Engine.ReflectionMember.Invoke(Object[] parameters)
   at fitSharp.Machine.Engine.ProcessorBase`2.Operate[O](Object[] parameters)
   at fitSharp.Fit.Engine.CellProcessorExtension.Check(CellProcessor processor, Object systemUnderTest, Tree`1 memberName, Tree`1 parameters, Tree`1 expectedCell)
   at fit.Fixtures.FlowKeywords.DoCheckOperation(Tree`1 expectedValue, Tree`1 cells)
   at fit.Fixtures.FlowKeywords.Check(Parse theCells)</div></pre></td>
		<td>You can go north and east from here.</td>
		<td><span class="fit_member">was printed</span></td>
		<td>true</td>
	</tr>
</table>
<br/><table>
	<tr>
		<td class="pass"><span class="fit_member">enter command</span></td>
		<td colspan="4">North</td>
	</tr>
	<tr>
		<td><span class="fit_keyword">check</span></td>
		<td class="error"><span class="fit_member">message</span><hr /><pre><div class="fit_stacktrace">fitSharp.Machine.Exception.MemberMissingException: Member 'messagewasprinted' with 1 parameter(s) not found for type 'fitlibrary.DoFixture'.
   at fitSharp.Machine.Engine.ReflectionMember.Invoke(Object[] parameters)
   at fitSharp.Machine.Engine.ProcessorBase`2.Operate[O](Object[] parameters)
   at fitSharp.Fit.Engine.CellProcessorExtension.Check(CellProcessor processor, Object systemUnderTest, Tree`1 memberName, Tree`1 parameters, Tree`1 expectedCell)
   at fit.Fixtures.FlowKeywords.DoCheckOperation(Tree`1 expectedValue, Tree`1 cells)
   at fit.Fixtures.FlowKeywords.Check(Parse theCells)</div></pre></td>
		<td>You can go north and south from here.</td>
		<td><span class="fit_member">was printed</span></td>
		<td>true</td>
	</tr>
</table>
<br/><i>Now clear the map</i><br/><table>
	<tr>
		<td class="error">clear map<hr /><pre><div class="fit_stacktrace">fitSharp.Machine.Exception.TypeMissingException: Type 'clearmap' not found in assemblies:
    file:///C:/Windows/Microsoft.NET/Framework64/v4.0.30319/mscorlib.dll
    file:///C:/Users/Eric/Documents/Visual Studio 2012/Projects/HuntTheWumpus/fitsharp/Runner.exe
    file:///C:/Users/Eric/Documents/Visual Studio 2012/Projects/HuntTheWumpus/fitsharp/fitSharp.DLL
    file:///C:/Windows/Microsoft.Net/assembly/GAC_MSIL/System.Configuration/v4.0_4.0.0.0__b03f5f7f11d50a3a/System.Configuration.dll
    file:///C:/Windows/Microsoft.Net/assembly/GAC_MSIL/System/v4.0_4.0.0.0__b77a5c561934e089/System.dll
    file:///C:/Windows/Microsoft.Net/assembly/GAC_MSIL/System.Xml/v4.0_4.0.0.0__b77a5c561934e089/System.Xml.dll
    file:///C:/Windows/Microsoft.Net/assembly/GAC_MSIL/System.Core/v4.0_4.0.0.0__b77a5c561934e089/System.Core.dll
    file:///C:/Users/Eric/Documents/Visual Studio 2012/Projects/HuntTheWumpus/fitsharp/fit.DLL
    file:///C:/Users/Eric/Documents/Visual Studio 2012/Projects/HuntTheWumpus/HuntTheWumpusDotNet/HuntTheWumpusDotNet/bin/Debug/HuntTheWumpusDotNet.dll
    file:///C:/Windows/Microsoft.Net/assembly/GAC_64/System.Data/v4.0_4.0.0.0__b77a5c561934e089/System.Data.dll

   at fitSharp.Machine.Engine.ReflectionMember.Invoke(Object[] parameters)
   at fitSharp.Machine.Engine.ProcessorBase`2.Operate[O](Object[] parameters)
   at fitSharp.Fit.Operators.ParseInterpreter.MakeInterpreter(Cell classCell)
   at fitSharp.Fit.Operators.ParseInterpreter.Parse(Type type, TypedValue instance, Tree`1 parameters)
   at fitSharp.Machine.Engine.ProcessorBase`2.<>c__DisplayClass11.<>c__DisplayClass13.<Parse>b__10(ParseOperator`1 o)
   at fitSharp.Machine.Engine.Operators`2.Do[O](CanDoOperation`1 canDoOperation, DoOperation`1 doOperation)
   at fitSharp.Machine.Engine.ProcessorBase`2.<>c__DisplayClass11.<Parse>b__e(OperationLogging logging)
   at fitSharp.Machine.Engine.ProcessorBase`2.DoLoggedOperation[R](String startMessage, Func`2 operation)
   at fitSharp.Fit.Service.CellProcessorBase.Parse(Type type, TypedValue instance, Tree`1 parameters)
   at fitSharp.Machine.Engine.ProcessorExtension.ParseTree[T](Processor`1 processor, Type type, Tree`1 parameters)
   at fitSharp.Machine.Engine.ProcessorExtension.ParseTree[T,V](Processor`1 processor, Tree`1 input)
   at fitSharp.Fit.Operators.InterpretFlow.ProcessFlowRow(Tree`1 table, Int32 rowNumber)</div></pre></td>
	</tr>
</table>
<br/><i>Add a new map that looks like this.</i><br/><pre>        
       [11][9][10]
           [8]
     [1][2][3][4][5]
           [6]
           [7]
</pre>
<br/><table>
	<tr>
		<td class="error" colspan="3">Make map.<hr /><pre><div class="fit_stacktrace">fitSharp.Machine.Exception.TypeMissingException: Type 'Make map.' not found in assemblies:
    file:///C:/Windows/Microsoft.NET/Framework64/v4.0.30319/mscorlib.dll
    file:///C:/Users/Eric/Documents/Visual Studio 2012/Projects/HuntTheWumpus/fitsharp/Runner.exe
    file:///C:/Users/Eric/Documents/Visual Studio 2012/Projects/HuntTheWumpus/fitsharp/fitSharp.DLL
    file:///C:/Windows/Microsoft.Net/assembly/GAC_MSIL/System.Configuration/v4.0_4.0.0.0__b03f5f7f11d50a3a/System.Configuration.dll
    file:///C:/Windows/Microsoft.Net/assembly/GAC_MSIL/System/v4.0_4.0.0.0__b77a5c561934e089/System.dll
    file:///C:/Windows/Microsoft.Net/assembly/GAC_MSIL/System.Xml/v4.0_4.0.0.0__b77a5c561934e089/System.Xml.dll
    file:///C:/Windows/Microsoft.Net/assembly/GAC_MSIL/System.Core/v4.0_4.0.0.0__b77a5c561934e089/System.Core.dll
    file:///C:/Users/Eric/Documents/Visual Studio 2012/Projects/HuntTheWumpus/fitsharp/fit.DLL
    file:///C:/Users/Eric/Documents/Visual Studio 2012/Projects/HuntTheWumpus/HuntTheWumpusDotNet/HuntTheWumpusDotNet/bin/Debug/HuntTheWumpusDotNet.dll
    file:///C:/Windows/Microsoft.Net/assembly/GAC_64/System.Data/v4.0_4.0.0.0__b77a5c561934e089/System.Data.dll

   at fitSharp.Machine.Engine.ReflectionMember.Invoke(Object[] parameters)
   at fitSharp.Machine.Engine.ProcessorBase`2.Operate[O](Object[] parameters)
   at fitSharp.Fit.Operators.ParseInterpreter.MakeInterpreter(Cell classCell)
   at fitSharp.Fit.Operators.ParseInterpreter.Parse(Type type, TypedValue instance, Tree`1 parameters)
   at fitSharp.Machine.Engine.ProcessorBase`2.<>c__DisplayClass11.<>c__DisplayClass13.<Parse>b__10(ParseOperator`1 o)
   at fitSharp.Machine.Engine.Operators`2.Do[O](CanDoOperation`1 canDoOperation, DoOperation`1 doOperation)
   at fitSharp.Machine.Engine.ProcessorBase`2.<>c__DisplayClass11.<Parse>b__e(OperationLogging logging)
   at fitSharp.Machine.Engine.ProcessorBase`2.DoLoggedOperation[R](String startMessage, Func`2 operation)
   at fitSharp.Fit.Service.CellProcessorBase.Parse(Type type, TypedValue instance, Tree`1 parameters)
   at fitSharp.Machine.Engine.ProcessorExtension.ParseTree[T](Processor`1 processor, Type type, Tree`1 parameters)
   at fitSharp.Machine.Engine.ProcessorExtension.ParseTree[T,V](Processor`1 processor, Tree`1 input)
   at fitSharp.Fit.Operators.InterpretFlow.ProcessFlowRow(Tree`1 table, Int32 rowNumber)</div></pre></td>
	</tr>
	<tr>
		<td>start</td>
		<td>end</td>
		<td>direction</td>
	</tr>
	<tr>
		<td>1</td>
		<td>2</td>
		<td>E</td>
	</tr>
	<tr>
		<td>2</td>
		<td>3</td>
		<td>E</td>
	</tr>
	<tr>
		<td>3</td>
		<td>4</td>
		<td>E</td>
	</tr>
	<tr>
		<td>4</td>
		<td>5</td>
		<td>E</td>
	</tr>
	<tr>
		<td>11</td>
		<td>9</td>
		<td>E</td>
	</tr>
	<tr>
		<td>9</td>
		<td>10</td>
		<td>E</td>
	</tr>
	<tr>
		<td>9</td>
		<td>8</td>
		<td>S</td>
	</tr>
	<tr>
		<td>8</td>
		<td>3</td>
		<td>S</td>
	</tr>
	<tr>
		<td>3</td>
		<td>6</td>
		<td>S</td>
	</tr>
	<tr>
		<td>6</td>
		<td>7</td>
		<td>S</td>
	</tr>
</table>
<br/><table>
	<tr>
		<td><span class="fit_member">put</span></td>
		<td>player</td>
		<td><span class="fit_member">in cavern</span></td>
		<td colspan="2">3</td>
	</tr>
	<tr>
		<td class="fail"><span class="fit_member">enter command</span></td>
		<td colspan="4">rest</td>
	</tr>
	<tr>
		<td><span class="fit_keyword">check</span></td>
		<td class="error"><span class="fit_member">message</span><hr /><pre><div class="fit_stacktrace">fitSharp.Machine.Exception.MemberMissingException: Member 'messagewasprinted' with 1 parameter(s) not found for type 'fitlibrary.DoFixture'.
   at fitSharp.Machine.Engine.ReflectionMember.Invoke(Object[] parameters)
   at fitSharp.Machine.Engine.ProcessorBase`2.Operate[O](Object[] parameters)
   at fitSharp.Fit.Engine.CellProcessorExtension.Check(CellProcessor processor, Object systemUnderTest, Tree`1 memberName, Tree`1 parameters, Tree`1 expectedCell)
   at fit.Fixtures.FlowKeywords.DoCheckOperation(Tree`1 expectedValue, Tree`1 cells)
   at fit.Fixtures.FlowKeywords.Check(Parse theCells)</div></pre></td>
		<td>You can go north, south, east and west from here.</td>
		<td><span class="fit_member">was printed</span></td>
		<td>true</td>
	</tr>
</table>
<br/><table>
	<tr>
		<td><span class="fit_member">put</span></td>
		<td>player</td>
		<td><span class="fit_member">in cavern</span></td>
		<td colspan="2">9</td>
	</tr>
	<tr>
		<td class="fail"><span class="fit_member">enter command</span></td>
		<td colspan="4">rest</td>
	</tr>
	<tr>
		<td><span class="fit_keyword">check</span></td>
		<td class="error"><span class="fit_member">message</span><hr /><pre><div class="fit_stacktrace">fitSharp.Machine.Exception.MemberMissingException: Member 'messagewasprinted' with 1 parameter(s) not found for type 'fitlibrary.DoFixture'.
   at fitSharp.Machine.Engine.ReflectionMember.Invoke(Object[] parameters)
   at fitSharp.Machine.Engine.ProcessorBase`2.Operate[O](Object[] parameters)
   at fitSharp.Fit.Engine.CellProcessorExtension.Check(CellProcessor processor, Object systemUnderTest, Tree`1 memberName, Tree`1 parameters, Tree`1 expectedCell)
   at fit.Fixtures.FlowKeywords.DoCheckOperation(Tree`1 expectedValue, Tree`1 cells)
   at fit.Fixtures.FlowKeywords.Check(Parse theCells)</div></pre></td>
		<td>You can go south, east and west from here.</td>
		<td><span class="fit_member">was printed</span></td>
		<td>true</td>
	</tr>
</table>
<br/><table>
	<tr>
		<td><span class="fit_member">put</span></td>
		<td>player</td>
		<td><span class="fit_member">in cavern</span></td>
		<td colspan="2">1</td>
	</tr>
	<tr>
		<td class="fail"><span class="fit_member">enter command</span></td>
		<td colspan="4">rest</td>
	</tr>
	<tr>
		<td><span class="fit_keyword">check</span></td>
		<td class="error"><span class="fit_member">message</span><hr /><pre><div class="fit_stacktrace">fitSharp.Machine.Exception.MemberMissingException: Member 'messagewasprinted' with 1 parameter(s) not found for type 'fitlibrary.DoFixture'.
   at fitSharp.Machine.Engine.ReflectionMember.Invoke(Object[] parameters)
   at fitSharp.Machine.Engine.ProcessorBase`2.Operate[O](Object[] parameters)
   at fitSharp.Fit.Engine.CellProcessorExtension.Check(CellProcessor processor, Object systemUnderTest, Tree`1 memberName, Tree`1 parameters, Tree`1 expectedCell)
   at fit.Fixtures.FlowKeywords.DoCheckOperation(Tree`1 expectedValue, Tree`1 cells)
   at fit.Fixtures.FlowKeywords.Check(Parse theCells)</div></pre></td>
		<td>You can go east from here.</td>
		<td><span class="fit_member">was printed</span></td>
		<td>true</td>
	</tr>
</table>
<br/><br/>]]></content>
    <relativePageName>TestPossibleDirectionsAreReported</relativePageName>
    
    
    
  </result>
  
    <finalCounts>
    <right>0</right>
    <wrong>0</wrong>
    <ignores>0</ignores>
    <exceptions>0</exceptions>
  </finalCounts>
  <totalRunTimeInMillis>0</totalRunTimeInMillis>
  
</testResults>

